2026-07-28 07:23:26: 
> ares@0.1.0 start
> next start

2026-07-28 07:23:27: 2026-07-28 07:23:27: 
> ares@0.1.0 start
> next start

2026-07-28 07:23:27: 2026-07-28 07:23:27: 
> ares@0.1.0 start
> next start

2026-07-28 07:23:27: 2026-07-28 07:23:27: 
> ares@0.1.0 start
> next start

2026-07-28 07:23:28: 2026-07-28 07:23:28: 
> ares@0.1.0 start
> next start

2026-07-28 07:23:28: 2026-07-28 07:23:28: 
> ares@0.1.0 start
> next start

2026-07-28 07:23:28: 2026-07-28 07:23:28: 
> ares@0.1.0 start
> next start

2026-07-28 07:23:29: 2026-07-28 07:23:29: 
> ares@0.1.0 start
> next start

2026-07-28 07:23:29: 2026-07-28 07:23:29: 
> ares@0.1.0 start
> next start

2026-07-28 07:23:29: 2026-07-28 07:23:29: 
> ares@0.1.0 start
> next start

2026-07-28 07:23:30: 2026-07-28 07:23:30: 
> ares@0.1.0 start
> next start

2026-07-28 07:23:30: 2026-07-28 07:23:30: 
> ares@0.1.0 start
> next start

2026-07-28 07:23:30: 2026-07-28 07:23:30: 
> ares@0.1.0 start
> next start

2026-07-28 07:23:31: 2026-07-28 07:23:31: 
> ares@0.1.0 start
> next start

2026-07-28 07:23:31: 2026-07-28 07:23:31: 
> ares@0.1.0 start
> next start

2026-07-28 07:23:31: 2026-07-28 07:23:31: 
> ares@0.1.0 start
> next start

2026-07-28 07:23:32: 2026-07-28 07:25:06: 
> ares@0.1.0 start
> next start

2026-07-28 07:25:06: 2026-07-28 07:25:06: 
> ares@0.1.0 start
> next start

2026-07-28 07:25:06: 2026-07-28 07:25:07: 
> ares@0.1.0 start
> next start

2026-07-28 07:25:07: 2026-07-28 07:25:07: 
> ares@0.1.0 start
> next start

2026-07-28 07:25:07: 2026-07-28 07:25:07: 
> ares@0.1.0 start
> next start

2026-07-28 07:25:07: 2026-07-28 07:25:08: 
> ares@0.1.0 start
> next start

2026-07-28 07:25:08: 2026-07-28 07:25:08: 
> ares@0.1.0 start
> next start

2026-07-28 07:25:08: 2026-07-28 07:25:09: 
> ares@0.1.0 start
> next start

2026-07-28 07:25:09: 2026-07-28 07:25:09: 
> ares@0.1.0 start
> next start

2026-07-28 07:25:09: 2026-07-28 07:25:09: 
> ares@0.1.0 start
> next start

2026-07-28 07:25:09: 2026-07-28 07:25:10: 
> ares@0.1.0 start
> next start

2026-07-28 07:25:10: 2026-07-28 07:25:10: 
> ares@0.1.0 start
> next start

2026-07-28 07:25:10: 2026-07-28 07:25:10: 
> ares@0.1.0 start
> next start

2026-07-28 07:25:11: 
> ares@0.1.0 start
> next start

2026-07-28 07:25:11: 2026-07-28 07:25:11: 
> ares@0.1.0 start
> next start

2026-07-28 07:25:11: 2026-07-28 07:25:11: 
> ares@0.1.0 start
> next start

2026-07-28 07:25:12: 2026-07-28 07:25:12: 
> ares@0.1.0 start
> next start

2026-07-28 07:25:12: 2026-07-28 07:25:12: 
> ares@0.1.0 start
> next start

2026-07-28 07:25:12: 2026-07-28 07:25:12: 
> ares@0.1.0 start
> next start

2026-07-28 07:25:13: 2026-07-28 07:25:13: 
> ares@0.1.0 start
> next start

2026-07-28 07:25:13: 2026-07-28 07:25:13: 
> ares@0.1.0 start
> next start

2026-07-28 07:25:13: 2026-07-28 07:25:13: 
> ares@0.1.0 start
> next start

2026-07-28 07:25:14: 2026-07-28 07:25:14: 
> ares@0.1.0 start
> next start

2026-07-28 07:25:14: 2026-07-28 07:25:14: 
> ares@0.1.0 start
> next start

2026-07-28 07:25:14: 2026-07-28 07:25:14: 
> ares@0.1.0 start
> next start

2026-07-28 07:25:15: 2026-07-28 07:25:15: 
> ares@0.1.0 start
> next start

2026-07-28 07:25:15: 2026-07-28 07:25:15: 
> ares@0.1.0 start
> next start

2026-07-28 07:25:15: 2026-07-28 07:25:15: 
> ares@0.1.0 start
> next start

2026-07-28 07:25:16: 2026-07-28 07:30:05: 
2026-07-28 07:30:05: > ares@0.1.0 start
2026-07-28 07:30:05: > next start
2026-07-28 07:30:05: 
2026-07-28 07:30:07: 
2026-07-28 07:30:07: > ares@0.1.0 start
2026-07-28 07:30:07: > next start
2026-07-28 07:30:07: 
2026-07-28 07:30:08: 
2026-07-28 07:30:08: > ares@0.1.0 start
2026-07-28 07:30:08: > next start
2026-07-28 07:30:08: 
2026-07-28 07:30:08: 
2026-07-28 07:30:08: > ares@0.1.0 start
2026-07-28 07:30:08: > next start
2026-07-28 07:30:08: 
2026-07-28 07:30:08: 
2026-07-28 07:30:08: > ares@0.1.0 start
2026-07-28 07:30:08: > next start
2026-07-28 07:30:08: 
2026-07-28 07:30:09: 
2026-07-28 07:30:09: > ares@0.1.0 start
2026-07-28 07:30:09: > next start
2026-07-28 07:30:09: 
2026-07-28 07:30:09: 
2026-07-28 07:30:09: > ares@0.1.0 start
2026-07-28 07:30:09: > next start
2026-07-28 07:30:09: 
2026-07-28 07:30:09: 
2026-07-28 07:30:09: > ares@0.1.0 start
2026-07-28 07:30:09: > next start
2026-07-28 07:30:09: 
2026-07-28 07:30:10: 
2026-07-28 07:30:10: > ares@0.1.0 start
2026-07-28 07:30:10: > next start
2026-07-28 07:30:10: 
2026-07-28 07:30:10: 
2026-07-28 07:30:10: > ares@0.1.0 start
2026-07-28 07:30:10: > next start
2026-07-28 07:30:10: 
2026-07-28 07:30:10: 
2026-07-28 07:30:10: > ares@0.1.0 start
2026-07-28 07:30:10: > next start
2026-07-28 07:30:10: 
2026-07-28 07:30:11: 
2026-07-28 07:30:11: > ares@0.1.0 start
2026-07-28 07:30:11: > next start
2026-07-28 07:30:11: 
2026-07-28 07:30:11: 
2026-07-28 07:30:11: > ares@0.1.0 start
2026-07-28 07:30:11: > next start
2026-07-28 07:30:11: 
2026-07-28 07:30:11: 
2026-07-28 07:30:11: > ares@0.1.0 start
2026-07-28 07:30:11: > next start
2026-07-28 07:30:11: 
2026-07-28 07:30:12: 
2026-07-28 07:30:12: > ares@0.1.0 start
2026-07-28 07:30:12: > next start
2026-07-28 07:30:12: 
2026-07-28 07:30:12: 
2026-07-28 07:30:12: > ares@0.1.0 start
2026-07-28 07:30:12: > next start
2026-07-28 07:30:12: 
2026-07-28 07:30:12: 
2026-07-28 07:30:12: > ares@0.1.0 start
2026-07-28 07:30:12: > next start
2026-07-28 07:30:12: 
2026-07-28 07:31:54: 
2026-07-28 07:31:54: > ares@0.1.0 start
2026-07-28 07:31:54: > next start
2026-07-28 07:31:54: 
2026-07-28 07:31:54: ▲ Next.js 16.2.10
2026-07-28 07:31:54: - Local:         http://localhost:3000
2026-07-28 07:31:54: - Network:       http://10.255.255.25:3000
2026-07-28 07:31:54: ✓ Ready in 112ms
2026-07-28 07:35:58: 
2026-07-28 07:35:58: > ares@0.1.0 start
2026-07-28 07:35:58: > next start
2026-07-28 07:35:58: 
2026-07-28 07:35:58: 
2026-07-28 07:35:58: > ares@0.1.0 start
2026-07-28 07:35:58: > next start
2026-07-28 07:35:58: 
2026-07-28 07:35:59: 
2026-07-28 07:35:59: > ares@0.1.0 start
2026-07-28 07:35:59: > next start
2026-07-28 07:35:59: 
2026-07-28 07:35:59: 
2026-07-28 07:35:59: > ares@0.1.0 start
2026-07-28 07:35:59: > next start
2026-07-28 07:35:59: 
2026-07-28 07:35:59: 
2026-07-28 07:35:59: > ares@0.1.0 start
2026-07-28 07:35:59: > next start
2026-07-28 07:35:59: 
2026-07-28 07:36:00: 
2026-07-28 07:36:00: > ares@0.1.0 start
2026-07-28 07:36:00: > next start
2026-07-28 07:36:00: 
2026-07-28 07:36:00: 
2026-07-28 07:36:00: > ares@0.1.0 start
2026-07-28 07:36:00: > next start
2026-07-28 07:36:00: 
2026-07-28 07:36:00: 
2026-07-28 07:36:00: > ares@0.1.0 start
2026-07-28 07:36:00: > next start
2026-07-28 07:36:00: 
2026-07-28 07:36:01: 
2026-07-28 07:36:01: > ares@0.1.0 start
2026-07-28 07:36:01: > next start
2026-07-28 07:36:01: 
2026-07-28 07:36:01: 
2026-07-28 07:36:01: > ares@0.1.0 start
2026-07-28 07:36:01: > next start
2026-07-28 07:36:01: 
2026-07-28 07:36:02: 
2026-07-28 07:36:02: > ares@0.1.0 start
2026-07-28 07:36:02: > next start
2026-07-28 07:36:02: 
2026-07-28 07:36:02: 
2026-07-28 07:36:02: > ares@0.1.0 start
2026-07-28 07:36:02: > next start
2026-07-28 07:36:02: 
2026-07-28 07:36:03: 
2026-07-28 07:36:03: > ares@0.1.0 start
2026-07-28 07:36:03: > next start
2026-07-28 07:36:03: 
2026-07-28 07:36:03: 
2026-07-28 07:36:03: > ares@0.1.0 start
2026-07-28 07:36:03: > next start
2026-07-28 07:36:03: 
2026-07-28 07:36:03: 
2026-07-28 07:36:03: > ares@0.1.0 start
2026-07-28 07:36:03: > next start
2026-07-28 07:36:03: 
2026-07-28 07:36:04: 
2026-07-28 07:36:04: > ares@0.1.0 start
2026-07-28 07:36:04: > next start
2026-07-28 07:36:04: 
2026-07-28 07:36:30: 
2026-07-28 07:36:30: > ares@0.1.0 start
2026-07-28 07:36:30: > next start
2026-07-28 07:36:30: 
2026-07-28 07:36:31: ▲ Next.js 16.2.10
2026-07-28 07:36:31: - Local:         http://localhost:3000
2026-07-28 07:36:31: - Network:       http://10.255.255.25:3000
2026-07-28 07:36:31: ✓ Ready in 112ms
2026-07-28 07:42:11: 
2026-07-28 07:42:11: > ares@0.1.0 start
2026-07-28 07:42:11: > next start
2026-07-28 07:42:11: 
2026-07-28 07:42:14: ▲ Next.js 16.2.10
2026-07-28 07:42:14: - Local:         http://localhost:3000
2026-07-28 07:42:14: - Network:       http://10.255.255.25:3000
2026-07-28 07:42:14: ✓ Ready in 1453ms
2026-07-28 07:51:12: 
2026-07-28 07:51:12: > ares@0.1.0 start
2026-07-28 07:51:12: > next start
2026-07-28 07:51:12: 
2026-07-28 07:51:12: ▲ Next.js 16.2.10
2026-07-28 07:51:12: - Local:         http://localhost:3000
2026-07-28 07:51:12: - Network:       http://10.255.255.25:3000
2026-07-28 07:51:12: ✓ Ready in 112ms
2026-07-28 07:58:12: DEBUG user: {
2026-07-28 07:58:12:   id: '1e0bf83a-f7fa-4e5b-9310-6ce0c97431eb',
2026-07-28 07:58:12:   role: 'KEUANGAN',
2026-07-28 07:58:12:   categoryIds: [ 'bb8e0b21-435b-4ee1-ab90-ff099ef71280' ]
2026-07-28 07:58:12: }
2026-07-28 07:58:12: DEBUG accessibleIds: [
2026-07-28 07:58:12:   'c447f450-1b76-499e-aca4-68e1d08a9d91',
2026-07-28 07:58:12:   'bb8e0b21-435b-4ee1-ab90-ff099ef71280'
2026-07-28 07:58:12: ]
2026-07-28 07:58:12: DEBUG categoriesWithAccess: [
2026-07-28 07:58:12:   {
2026-07-28 07:58:12:     code: 'FIN',
2026-07-28 07:58:12:     id: 'c447f450-1b76-499e-aca4-68e1d08a9d91',
2026-07-28 07:58:12:     isLocked: false
2026-07-28 07:58:12:   },
2026-07-28 07:58:12:   {
2026-07-28 07:58:12:     code: 'OPS',
2026-07-28 07:58:12:     id: '6f771a98-b18f-4f36-a0da-24f36f79fa1d',
2026-07-28 07:58:12:     isLocked: true
2026-07-28 07:58:12:   },
2026-07-28 07:58:12:   {
2026-07-28 07:58:12:     code: 'BRD',
2026-07-28 07:58:12:     id: '30a6c794-5a4f-4685-ae9c-60b6f951966f',
2026-07-28 07:58:12:     isLocked: true
2026-07-28 07:58:12:   },
2026-07-28 07:58:12:   {
2026-07-28 07:58:12:     code: 'COM',
2026-07-28 07:58:12:     id: 'afb9cc15-0ec3-4829-ab79-5c73e208caea',
2026-07-28 07:58:12:     isLocked: true
2026-07-28 07:58:12:   },
2026-07-28 07:58:12:   {
2026-07-28 07:58:12:     code: 'HRD',
2026-07-28 07:58:12:     id: 'bb8e0b21-435b-4ee1-ab90-ff099ef71280',
2026-07-28 07:58:12:     isLocked: false
2026-07-28 07:58:12:   },
2026-07-28 07:58:12:   {
2026-07-28 07:58:12:     code: 'CUR',
2026-07-28 07:58:12:     id: 'afff1cf1-0883-471a-9a2c-c71962fbbab6',
2026-07-28 07:58:12:     isLocked: true
2026-07-28 07:58:12:   },
2026-07-28 07:58:12:   {
2026-07-28 07:58:12:     code: 'STU',
2026-07-28 07:58:12:     id: 'c2b37865-30bb-499d-964e-745be10ba4fb',
2026-07-28 07:58:12:     isLocked: true
2026-07-28 07:58:12:   },
2026-07-28 07:58:12:   {
2026-07-28 07:58:12:     code: 'QMS',
2026-07-28 07:58:12:     id: 'c0cefc58-3836-48ee-bbb3-d608ac7ed197',
2026-07-28 07:58:12:     isLocked: true
2026-07-28 07:58:12:   },
2026-07-28 07:58:12:   {
2026-07-28 07:58:12:     code: 'IT',
2026-07-28 07:58:12:     id: 'a3d5ca17-aeec-4a44-a001-cc056ef980b9',
2026-07-28 07:58:12:     isLocked: true
2026-07-28 07:58:12:   },
2026-07-28 07:58:12:   {
2026-07-28 07:58:12:     code: 'GOV',
2026-07-28 07:58:12:     id: 'dd1ce983-752b-41c5-a9cf-587e142d17f4',
2026-07-28 07:58:12:     isLocked: true
2026-07-28 07:58:12:   }
2026-07-28 07:58:12: ]
2026-07-28 08:04:04: DEBUG user: {
2026-07-28 08:04:04:   id: 'ea7ff426-d5e0-4519-9124-087548298f88',
2026-07-28 08:04:04:   role: 'DIREKTUR',
2026-07-28 08:04:04:   categoryIds: []
2026-07-28 08:04:04: }
2026-07-28 08:04:04: DEBUG accessibleIds: undefined
2026-07-28 08:04:04: DEBUG categoriesWithAccess: [
2026-07-28 08:04:04:   {
2026-07-28 08:04:04:     code: 'FIN',
2026-07-28 08:04:04:     id: 'c447f450-1b76-499e-aca4-68e1d08a9d91',
2026-07-28 08:04:04:     isLocked: false
2026-07-28 08:04:04:   },
2026-07-28 08:04:04:   {
2026-07-28 08:04:04:     code: 'OPS',
2026-07-28 08:04:04:     id: '6f771a98-b18f-4f36-a0da-24f36f79fa1d',
2026-07-28 08:04:04:     isLocked: false
2026-07-28 08:04:04:   },
2026-07-28 08:04:04:   {
2026-07-28 08:04:04:     code: 'BRD',
2026-07-28 08:04:04:     id: '30a6c794-5a4f-4685-ae9c-60b6f951966f',
2026-07-28 08:04:04:     isLocked: false
2026-07-28 08:04:04:   },
2026-07-28 08:04:04:   {
2026-07-28 08:04:04:     code: 'COM',
2026-07-28 08:04:04:     id: 'afb9cc15-0ec3-4829-ab79-5c73e208caea',
2026-07-28 08:04:04:     isLocked: false
2026-07-28 08:04:04:   },
2026-07-28 08:04:04:   {
2026-07-28 08:04:04:     code: 'HRD',
2026-07-28 08:04:04:     id: 'bb8e0b21-435b-4ee1-ab90-ff099ef71280',
2026-07-28 08:04:04:     isLocked: false
2026-07-28 08:04:04:   },
2026-07-28 08:04:04:   {
2026-07-28 08:04:04:     code: 'CUR',
2026-07-28 08:04:04:     id: 'afff1cf1-0883-471a-9a2c-c71962fbbab6',
2026-07-28 08:04:04:     isLocked: false
2026-07-28 08:04:04:   },
2026-07-28 08:04:04:   {
2026-07-28 08:04:04:     code: 'STU',
2026-07-28 08:04:04:     id: 'c2b37865-30bb-499d-964e-745be10ba4fb',
2026-07-28 08:04:04:     isLocked: false
2026-07-28 08:04:04:   },
2026-07-28 08:04:04:   {
2026-07-28 08:04:04:     code: 'QMS',
2026-07-28 08:04:04:     id: 'c0cefc58-3836-48ee-bbb3-d608ac7ed197',
2026-07-28 08:04:04:     isLocked: false
2026-07-28 08:04:04:   },
2026-07-28 08:04:04:   {
2026-07-28 08:04:04:     code: 'IT',
2026-07-28 08:04:04:     id: 'a3d5ca17-aeec-4a44-a001-cc056ef980b9',
2026-07-28 08:04:04:     isLocked: false
2026-07-28 08:04:04:   },
2026-07-28 08:04:04:   {
2026-07-28 08:04:04:     code: 'GOV',
2026-07-28 08:04:04:     id: 'dd1ce983-752b-41c5-a9cf-587e142d17f4',
2026-07-28 08:04:04:     isLocked: false
2026-07-28 08:04:04:   }
2026-07-28 08:04:04: ]
2026-07-28 08:11:23: 
2026-07-28 08:11:23: > ares@0.1.0 start
2026-07-28 08:11:23: > next start
2026-07-28 08:11:23: 
2026-07-28 08:11:23: ▲ Next.js 16.2.10
2026-07-28 08:11:23: - Local:         http://localhost:3000
2026-07-28 08:11:23: - Network:       http://10.255.255.25:3000
2026-07-28 08:11:23: ✓ Ready in 109ms
2026-07-29 08:00:01: 
2026-07-29 08:00:01: > ares@0.1.0 start
2026-07-29 08:00:01: > next start
2026-07-29 08:00:01: 
2026-07-29 08:00:01: ▲ Next.js 16.2.10
2026-07-29 08:00:01: - Local:         http://localhost:3000
2026-07-29 08:00:01: - Network:       http://10.255.255.25:3000
2026-07-29 08:00:01: ✓ Ready in 126ms
2026-07-29 08:13:04: 
2026-07-29 08:13:04: > ares@0.1.0 start
2026-07-29 08:13:04: > next start
2026-07-29 08:13:04: 
2026-07-29 08:13:04: ▲ Next.js 16.2.10
2026-07-29 08:13:04: - Local:         http://localhost:3000
2026-07-29 08:13:04: - Network:       http://10.255.255.25:3000
2026-07-29 08:13:04: ✓ Ready in 109ms
2026-07-29 08:14:01: DEBUG user: {
2026-07-29 08:14:01:   id: 'ea7ff426-d5e0-4519-9124-087548298f88',
2026-07-29 08:14:01:   role: 'DIREKTUR',
2026-07-29 08:14:01:   categoryIds: []
2026-07-29 08:14:01: }
2026-07-29 08:14:01: DEBUG accessibleIds: undefined
2026-07-29 08:14:01: DEBUG categoriesWithAccess: [
2026-07-29 08:14:01:   {
2026-07-29 08:14:01:     code: 'FIN',
2026-07-29 08:14:01:     id: 'c447f450-1b76-499e-aca4-68e1d08a9d91',
2026-07-29 08:14:01:     isLocked: false
2026-07-29 08:14:01:   },
2026-07-29 08:14:01:   {
2026-07-29 08:14:01:     code: 'OPS',
2026-07-29 08:14:01:     id: '6f771a98-b18f-4f36-a0da-24f36f79fa1d',
2026-07-29 08:14:01:     isLocked: false
2026-07-29 08:14:01:   },
2026-07-29 08:14:01:   {
2026-07-29 08:14:01:     code: 'BRD',
2026-07-29 08:14:01:     id: '30a6c794-5a4f-4685-ae9c-60b6f951966f',
2026-07-29 08:14:01:     isLocked: false
2026-07-29 08:14:01:   },
2026-07-29 08:14:01:   {
2026-07-29 08:14:01:     code: 'COM',
2026-07-29 08:14:01:     id: 'afb9cc15-0ec3-4829-ab79-5c73e208caea',
2026-07-29 08:14:01:     isLocked: false
2026-07-29 08:14:01:   },
2026-07-29 08:14:01:   {
2026-07-29 08:14:01:     code: 'HRD',
2026-07-29 08:14:01:     id: 'bb8e0b21-435b-4ee1-ab90-ff099ef71280',
2026-07-29 08:14:01:     isLocked: false
2026-07-29 08:14:01:   },
2026-07-29 08:14:01:   {
2026-07-29 08:14:01:     code: 'CUR',
2026-07-29 08:14:01:     id: 'afff1cf1-0883-471a-9a2c-c71962fbbab6',
2026-07-29 08:14:01:     isLocked: false
2026-07-29 08:14:01:   },
2026-07-29 08:14:01:   {
2026-07-29 08:14:01:     code: 'STU',
2026-07-29 08:14:01:     id: 'c2b37865-30bb-499d-964e-745be10ba4fb',
2026-07-29 08:14:01:     isLocked: false
2026-07-29 08:14:01:   },
2026-07-29 08:14:01:   {
2026-07-29 08:14:01:     code: 'QMS',
2026-07-29 08:14:01:     id: 'c0cefc58-3836-48ee-bbb3-d608ac7ed197',
2026-07-29 08:14:01:     isLocked: false
2026-07-29 08:14:01:   },
2026-07-29 08:14:01:   {
2026-07-29 08:14:01:     code: 'IT',
2026-07-29 08:14:01:     id: 'a3d5ca17-aeec-4a44-a001-cc056ef980b9',
2026-07-29 08:14:01:     isLocked: false
2026-07-29 08:14:01:   },
2026-07-29 08:14:01:   {
2026-07-29 08:14:01:     code: 'GOV',
2026-07-29 08:14:01:     id: 'dd1ce983-752b-41c5-a9cf-587e142d17f4',
2026-07-29 08:14:01:     isLocked: false
2026-07-29 08:14:01:   }
2026-07-29 08:14:01: ]
2026-07-30 08:28:01: 
2026-07-30 08:28:01: > ares@0.1.0 start
2026-07-30 08:28:01: > next start
2026-07-30 08:28:01: 
2026-07-30 08:28:01: ▲ Next.js 16.2.10
2026-07-30 08:28:01: - Local:         http://localhost:3000
2026-07-30 08:28:01: - Network:       http://10.255.255.25:3000
2026-07-30 08:28:01: ✓ Ready in 121ms
2026-08-03 03:47:29: DEBUG user: {
2026-08-03 03:47:29:   id: '612f72f4-a443-4dc3-b2c7-68fe5637dff3',
2026-08-03 03:47:29:   role: 'WAKASEK',
2026-08-03 03:47:29:   categoryIds: [
2026-08-03 03:47:29:     'c2b37865-30bb-499d-964e-745be10ba4fb',
2026-08-03 03:47:29:     '30a6c794-5a4f-4685-ae9c-60b6f951966f',
2026-08-03 03:47:29:     'afff1cf1-0883-471a-9a2c-c71962fbbab6'
2026-08-03 03:47:29:   ]
2026-08-03 03:47:29: }
2026-08-03 03:47:29: DEBUG accessibleIds: [
2026-08-03 03:47:29:   'c2b37865-30bb-499d-964e-745be10ba4fb',
2026-08-03 03:47:29:   '30a6c794-5a4f-4685-ae9c-60b6f951966f',
2026-08-03 03:47:29:   'afff1cf1-0883-471a-9a2c-c71962fbbab6'
2026-08-03 03:47:29: ]
2026-08-03 03:47:29: DEBUG categoriesWithAccess: [
2026-08-03 03:47:29:   {
2026-08-03 03:47:29:     code: 'FIN',
2026-08-03 03:47:29:     id: 'c447f450-1b76-499e-aca4-68e1d08a9d91',
2026-08-03 03:47:29:     isLocked: true
2026-08-03 03:47:29:   },
2026-08-03 03:47:29:   {
2026-08-03 03:47:29:     code: 'OPS',
2026-08-03 03:47:29:     id: '6f771a98-b18f-4f36-a0da-24f36f79fa1d',
2026-08-03 03:47:29:     isLocked: true
2026-08-03 03:47:29:   },
2026-08-03 03:47:29:   {
2026-08-03 03:47:29:     code: 'BRD',
2026-08-03 03:47:29:     id: '30a6c794-5a4f-4685-ae9c-60b6f951966f',
2026-08-03 03:47:29:     isLocked: false
2026-08-03 03:47:29:   },
2026-08-03 03:47:29:   {
2026-08-03 03:47:29:     code: 'COM',
2026-08-03 03:47:29:     id: 'afb9cc15-0ec3-4829-ab79-5c73e208caea',
2026-08-03 03:47:29:     isLocked: true
2026-08-03 03:47:29:   },
2026-08-03 03:47:29:   {
2026-08-03 03:47:29:     code: 'HRD',
2026-08-03 03:47:29:     id: 'bb8e0b21-435b-4ee1-ab90-ff099ef71280',
2026-08-03 03:47:29:     isLocked: true
2026-08-03 03:47:29:   },
2026-08-03 03:47:29:   {
2026-08-03 03:47:29:     code: 'CUR',
2026-08-03 03:47:29:     id: 'afff1cf1-0883-471a-9a2c-c71962fbbab6',
2026-08-03 03:47:29:     isLocked: false
2026-08-03 03:47:29:   },
2026-08-03 03:47:29:   {
2026-08-03 03:47:29:     code: 'STU',
2026-08-03 03:47:29:     id: 'c2b37865-30bb-499d-964e-745be10ba4fb',
2026-08-03 03:47:29:     isLocked: false
2026-08-03 03:47:29:   },
2026-08-03 03:47:29:   {
2026-08-03 03:47:29:     code: 'QMS',
2026-08-03 03:47:29:     id: 'c0cefc58-3836-48ee-bbb3-d608ac7ed197',
2026-08-03 03:47:29:     isLocked: true
2026-08-03 03:47:29:   },
2026-08-03 03:47:29:   {
2026-08-03 03:47:29:     code: 'IT',
2026-08-03 03:47:29:     id: 'a3d5ca17-aeec-4a44-a001-cc056ef980b9',
2026-08-03 03:47:29:     isLocked: true
2026-08-03 03:47:29:   },
2026-08-03 03:47:29:   {
2026-08-03 03:47:29:     code: 'GOV',
2026-08-03 03:47:29:     id: 'dd1ce983-752b-41c5-a9cf-587e142d17f4',
2026-08-03 03:47:29:     isLocked: true
2026-08-03 03:47:29:   }
2026-08-03 03:47:29: ]
2026-08-03 03:47:45: DEBUG user: {
2026-08-03 03:47:45:   id: '612f72f4-a443-4dc3-b2c7-68fe5637dff3',
2026-08-03 03:47:45:   role: 'WAKASEK',
2026-08-03 03:47:45:   categoryIds: [
2026-08-03 03:47:45:     'c2b37865-30bb-499d-964e-745be10ba4fb',
2026-08-03 03:47:45:     '30a6c794-5a4f-4685-ae9c-60b6f951966f',
2026-08-03 03:47:45:     'afff1cf1-0883-471a-9a2c-c71962fbbab6'
2026-08-03 03:47:45:   ]
2026-08-03 03:47:45: }
2026-08-03 03:47:45: DEBUG accessibleIds: [
2026-08-03 03:47:45:   'c2b37865-30bb-499d-964e-745be10ba4fb',
2026-08-03 03:47:45:   '30a6c794-5a4f-4685-ae9c-60b6f951966f',
2026-08-03 03:47:45:   'afff1cf1-0883-471a-9a2c-c71962fbbab6'
2026-08-03 03:47:45: ]
2026-08-03 03:47:45: DEBUG categoriesWithAccess: [
2026-08-03 03:47:45:   {
2026-08-03 03:47:45:     code: 'FIN',
2026-08-03 03:47:45:     id: 'c447f450-1b76-499e-aca4-68e1d08a9d91',
2026-08-03 03:47:45:     isLocked: true
2026-08-03 03:47:45:   },
2026-08-03 03:47:45:   {
2026-08-03 03:47:45:     code: 'OPS',
2026-08-03 03:47:45:     id: '6f771a98-b18f-4f36-a0da-24f36f79fa1d',
2026-08-03 03:47:45:     isLocked: true
2026-08-03 03:47:45:   },
2026-08-03 03:47:45:   {
2026-08-03 03:47:45:     code: 'BRD',
2026-08-03 03:47:45:     id: '30a6c794-5a4f-4685-ae9c-60b6f951966f',
2026-08-03 03:47:45:     isLocked: false
2026-08-03 03:47:45:   },
2026-08-03 03:47:45:   {
2026-08-03 03:47:45:     code: 'COM',
2026-08-03 03:47:45:     id: 'afb9cc15-0ec3-4829-ab79-5c73e208caea',
2026-08-03 03:47:45:     isLocked: true
2026-08-03 03:47:45:   },
2026-08-03 03:47:45:   {
2026-08-03 03:47:45:     code: 'HRD',
2026-08-03 03:47:45:     id: 'bb8e0b21-435b-4ee1-ab90-ff099ef71280',
2026-08-03 03:47:45:     isLocked: true
2026-08-03 03:47:45:   },
2026-08-03 03:47:45:   {
2026-08-03 03:47:45:     code: 'CUR',
2026-08-03 03:47:45:     id: 'afff1cf1-0883-471a-9a2c-c71962fbbab6',
2026-08-03 03:47:45:     isLocked: false
2026-08-03 03:47:45:   },
2026-08-03 03:47:45:   {
2026-08-03 03:47:45:     code: 'STU',
2026-08-03 03:47:45:     id: 'c2b37865-30bb-499d-964e-745be10ba4fb',
2026-08-03 03:47:45:     isLocked: false
2026-08-03 03:47:45:   },
2026-08-03 03:47:45:   {
2026-08-03 03:47:45:     code: 'QMS',
2026-08-03 03:47:45:     id: 'c0cefc58-3836-48ee-bbb3-d608ac7ed197',
2026-08-03 03:47:45:     isLocked: true
2026-08-03 03:47:45:   },
2026-08-03 03:47:45:   {
2026-08-03 03:47:45:     code: 'IT',
2026-08-03 03:47:45:     id: 'a3d5ca17-aeec-4a44-a001-cc056ef980b9',
2026-08-03 03:47:45:     isLocked: true
2026-08-03 03:47:45:   },
2026-08-03 03:47:45:   {
2026-08-03 03:47:45:     code: 'GOV',
2026-08-03 03:47:45:     id: 'dd1ce983-752b-41c5-a9cf-587e142d17f4',
2026-08-03 03:47:45:     isLocked: true
2026-08-03 03:47:45:   }
2026-08-03 03:47:45: ]
2026-08-03 03:50:01: DEBUG user: {
2026-08-03 03:50:01:   id: '612f72f4-a443-4dc3-b2c7-68fe5637dff3',
2026-08-03 03:50:01:   role: 'WAKASEK',
2026-08-03 03:50:01:   categoryIds: [
2026-08-03 03:50:01:     'c2b37865-30bb-499d-964e-745be10ba4fb',
2026-08-03 03:50:01:     '30a6c794-5a4f-4685-ae9c-60b6f951966f',
2026-08-03 03:50:01:     'afff1cf1-0883-471a-9a2c-c71962fbbab6'
2026-08-03 03:50:01:   ]
2026-08-03 03:50:01: }
2026-08-03 03:50:01: DEBUG accessibleIds: [
2026-08-03 03:50:01:   'c2b37865-30bb-499d-964e-745be10ba4fb',
2026-08-03 03:50:01:   '30a6c794-5a4f-4685-ae9c-60b6f951966f',
2026-08-03 03:50:01:   'afff1cf1-0883-471a-9a2c-c71962fbbab6'
2026-08-03 03:50:01: ]
2026-08-03 03:50:01: DEBUG categoriesWithAccess: [
2026-08-03 03:50:01:   {
2026-08-03 03:50:01:     code: 'FIN',
2026-08-03 03:50:01:     id: 'c447f450-1b76-499e-aca4-68e1d08a9d91',
2026-08-03 03:50:01:     isLocked: true
2026-08-03 03:50:01:   },
2026-08-03 03:50:01:   {
2026-08-03 03:50:01:     code: 'OPS',
2026-08-03 03:50:01:     id: '6f771a98-b18f-4f36-a0da-24f36f79fa1d',
2026-08-03 03:50:01:     isLocked: true
2026-08-03 03:50:01:   },
2026-08-03 03:50:01:   {
2026-08-03 03:50:01:     code: 'BRD',
2026-08-03 03:50:01:     id: '30a6c794-5a4f-4685-ae9c-60b6f951966f',
2026-08-03 03:50:01:     isLocked: false
2026-08-03 03:50:01:   },
2026-08-03 03:50:01:   {
2026-08-03 03:50:01:     code: 'COM',
2026-08-03 03:50:01:     id: 'afb9cc15-0ec3-4829-ab79-5c73e208caea',
2026-08-03 03:50:01:     isLocked: true
2026-08-03 03:50:01:   },
2026-08-03 03:50:01:   {
2026-08-03 03:50:01:     code: 'HRD',
2026-08-03 03:50:01:     id: 'bb8e0b21-435b-4ee1-ab90-ff099ef71280',
2026-08-03 03:50:01:     isLocked: true
2026-08-03 03:50:01:   },
2026-08-03 03:50:01:   {
2026-08-03 03:50:01:     code: 'CUR',
2026-08-03 03:50:01:     id: 'afff1cf1-0883-471a-9a2c-c71962fbbab6',
2026-08-03 03:50:01:     isLocked: false
2026-08-03 03:50:01:   },
2026-08-03 03:50:01:   {
2026-08-03 03:50:01:     code: 'STU',
2026-08-03 03:50:01:     id: 'c2b37865-30bb-499d-964e-745be10ba4fb',
2026-08-03 03:50:01:     isLocked: false
2026-08-03 03:50:01:   },
2026-08-03 03:50:01:   {
2026-08-03 03:50:01:     code: 'QMS',
2026-08-03 03:50:01:     id: 'c0cefc58-3836-48ee-bbb3-d608ac7ed197',
2026-08-03 03:50:01:     isLocked: true
2026-08-03 03:50:01:   },
2026-08-03 03:50:01:   {
2026-08-03 03:50:01:     code: 'IT',
2026-08-03 03:50:01:     id: 'a3d5ca17-aeec-4a44-a001-cc056ef980b9',
2026-08-03 03:50:01:     isLocked: true
2026-08-03 03:50:01:   },
2026-08-03 03:50:01:   {
2026-08-03 03:50:01:     code: 'GOV',
2026-08-03 03:50:01:     id: 'dd1ce983-752b-41c5-a9cf-587e142d17f4',
2026-08-03 03:50:01:     isLocked: true
2026-08-03 03:50:01:   }
2026-08-03 03:50:01: ]
2026-08-03 03:59:33: DEBUG user: {
2026-08-03 03:59:33:   id: '612f72f4-a443-4dc3-b2c7-68fe5637dff3',
2026-08-03 03:59:33:   role: 'WAKASEK',
2026-08-03 03:59:33:   categoryIds: [
2026-08-03 03:59:33:     'c2b37865-30bb-499d-964e-745be10ba4fb',
2026-08-03 03:59:33:     '30a6c794-5a4f-4685-ae9c-60b6f951966f',
2026-08-03 03:59:33:     'afff1cf1-0883-471a-9a2c-c71962fbbab6'
2026-08-03 03:59:33:   ]
2026-08-03 03:59:33: }
2026-08-03 03:59:33: DEBUG accessibleIds: [
2026-08-03 03:59:33:   'c2b37865-30bb-499d-964e-745be10ba4fb',
2026-08-03 03:59:33:   '30a6c794-5a4f-4685-ae9c-60b6f951966f',
2026-08-03 03:59:33:   'afff1cf1-0883-471a-9a2c-c71962fbbab6'
2026-08-03 03:59:33: ]
2026-08-03 03:59:33: DEBUG categoriesWithAccess: [
2026-08-03 03:59:33:   {
2026-08-03 03:59:33:     code: 'FIN',
2026-08-03 03:59:33:     id: 'c447f450-1b76-499e-aca4-68e1d08a9d91',
2026-08-03 03:59:33:     isLocked: true
2026-08-03 03:59:33:   },
2026-08-03 03:59:33:   {
2026-08-03 03:59:33:     code: 'OPS',
2026-08-03 03:59:33:     id: '6f771a98-b18f-4f36-a0da-24f36f79fa1d',
2026-08-03 03:59:33:     isLocked: true
2026-08-03 03:59:33:   },
2026-08-03 03:59:33:   {
2026-08-03 03:59:33:     code: 'BRD',
2026-08-03 03:59:33:     id: '30a6c794-5a4f-4685-ae9c-60b6f951966f',
2026-08-03 03:59:33:     isLocked: false
2026-08-03 03:59:33:   },
2026-08-03 03:59:33:   {
2026-08-03 03:59:33:     code: 'COM',
2026-08-03 03:59:33:     id: 'afb9cc15-0ec3-4829-ab79-5c73e208caea',
2026-08-03 03:59:33:     isLocked: true
2026-08-03 03:59:33:   },
2026-08-03 03:59:33:   {
2026-08-03 03:59:33:     code: 'HRD',
2026-08-03 03:59:33:     id: 'bb8e0b21-435b-4ee1-ab90-ff099ef71280',
2026-08-03 03:59:33:     isLocked: true
2026-08-03 03:59:33:   },
2026-08-03 03:59:33:   {
2026-08-03 03:59:33:     code: 'CUR',
2026-08-03 03:59:33:     id: 'afff1cf1-0883-471a-9a2c-c71962fbbab6',
2026-08-03 03:59:33:     isLocked: false
2026-08-03 03:59:33:   },
2026-08-03 03:59:33:   {
2026-08-03 03:59:33:     code: 'STU',
2026-08-03 03:59:33:     id: 'c2b37865-30bb-499d-964e-745be10ba4fb',
2026-08-03 03:59:33:     isLocked: false
2026-08-03 03:59:33:   },
2026-08-03 03:59:33:   {
2026-08-03 03:59:33:     code: 'QMS',
2026-08-03 03:59:33:     id: 'c0cefc58-3836-48ee-bbb3-d608ac7ed197',
2026-08-03 03:59:33:     isLocked: true
2026-08-03 03:59:33:   },
2026-08-03 03:59:33:   {
2026-08-03 03:59:33:     code: 'IT',
2026-08-03 03:59:33:     id: 'a3d5ca17-aeec-4a44-a001-cc056ef980b9',
2026-08-03 03:59:33:     isLocked: true
2026-08-03 03:59:33:   },
2026-08-03 03:59:33:   {
2026-08-03 03:59:33:     code: 'GOV',
2026-08-03 03:59:33:     id: 'dd1ce983-752b-41c5-a9cf-587e142d17f4',
2026-08-03 03:59:33:     isLocked: true
2026-08-03 03:59:33:   }
2026-08-03 03:59:33: ]
2026-08-03 04:03:16: DEBUG user: {
2026-08-03 04:03:16:   id: '612f72f4-a443-4dc3-b2c7-68fe5637dff3',
2026-08-03 04:03:16:   role: 'WAKASEK',
2026-08-03 04:03:16:   categoryIds: [
2026-08-03 04:03:16:     'c2b37865-30bb-499d-964e-745be10ba4fb',
2026-08-03 04:03:16:     '30a6c794-5a4f-4685-ae9c-60b6f951966f',
2026-08-03 04:03:16:     'afff1cf1-0883-471a-9a2c-c71962fbbab6'
2026-08-03 04:03:16:   ]
2026-08-03 04:03:16: }
2026-08-03 04:03:16: DEBUG accessibleIds: [
2026-08-03 04:03:16:   'c2b37865-30bb-499d-964e-745be10ba4fb',
2026-08-03 04:03:16:   '30a6c794-5a4f-4685-ae9c-60b6f951966f',
2026-08-03 04:03:16:   'afff1cf1-0883-471a-9a2c-c71962fbbab6'
2026-08-03 04:03:16: ]
2026-08-03 04:03:16: DEBUG categoriesWithAccess: [
2026-08-03 04:03:16:   {
2026-08-03 04:03:16:     code: 'FIN',
2026-08-03 04:03:16:     id: 'c447f450-1b76-499e-aca4-68e1d08a9d91',
2026-08-03 04:03:16:     isLocked: true
2026-08-03 04:03:16:   },
2026-08-03 04:03:16:   {
2026-08-03 04:03:16:     code: 'OPS',
2026-08-03 04:03:16:     id: '6f771a98-b18f-4f36-a0da-24f36f79fa1d',
2026-08-03 04:03:16:     isLocked: true
2026-08-03 04:03:16:   },
2026-08-03 04:03:16:   {
2026-08-03 04:03:16:     code: 'BRD',
2026-08-03 04:03:16:     id: '30a6c794-5a4f-4685-ae9c-60b6f951966f',
2026-08-03 04:03:16:     isLocked: false
2026-08-03 04:03:16:   },
2026-08-03 04:03:16:   {
2026-08-03 04:03:16:     code: 'COM',
2026-08-03 04:03:16:     id: 'afb9cc15-0ec3-4829-ab79-5c73e208caea',
2026-08-03 04:03:16:     isLocked: true
2026-08-03 04:03:16:   },
2026-08-03 04:03:16:   {
2026-08-03 04:03:16:     code: 'HRD',
2026-08-03 04:03:16:     id: 'bb8e0b21-435b-4ee1-ab90-ff099ef71280',
2026-08-03 04:03:16:     isLocked: true
2026-08-03 04:03:16:   },
2026-08-03 04:03:16:   {
2026-08-03 04:03:16:     code: 'CUR',
2026-08-03 04:03:16:     id: 'afff1cf1-0883-471a-9a2c-c71962fbbab6',
2026-08-03 04:03:16:     isLocked: false
2026-08-03 04:03:16:   },
2026-08-03 04:03:16:   {
2026-08-03 04:03:16:     code: 'STU',
2026-08-03 04:03:16:     id: 'c2b37865-30bb-499d-964e-745be10ba4fb',
2026-08-03 04:03:16:     isLocked: false
2026-08-03 04:03:16:   },
2026-08-03 04:03:16:   {
2026-08-03 04:03:16:     code: 'QMS',
2026-08-03 04:03:16:     id: 'c0cefc58-3836-48ee-bbb3-d608ac7ed197',
2026-08-03 04:03:16:     isLocked: true
2026-08-03 04:03:16:   },
2026-08-03 04:03:16:   {
2026-08-03 04:03:16:     code: 'IT',
2026-08-03 04:03:16:     id: 'a3d5ca17-aeec-4a44-a001-cc056ef980b9',
2026-08-03 04:03:16:     isLocked: true
2026-08-03 04:03:16:   },
2026-08-03 04:03:16:   {
2026-08-03 04:03:16:     code: 'GOV',
2026-08-03 04:03:16:     id: 'dd1ce983-752b-41c5-a9cf-587e142d17f4',
2026-08-03 04:03:16:     isLocked: true
2026-08-03 04:03:16:   }
2026-08-03 04:03:16: ]
2026-08-04 07:07:45: 
2026-08-04 07:07:45: > ares@0.1.0 start
2026-08-04 07:07:45: > next start
2026-08-04 07:07:45: 
2026-08-04 07:07:49: 
2026-08-04 07:07:49: > ares@0.1.0 start
2026-08-04 07:07:49: > next start
2026-08-04 07:07:49: 
2026-08-04 07:07:50: 
2026-08-04 07:07:50: > ares@0.1.0 start
2026-08-04 07:07:50: > next start
2026-08-04 07:07:50: 
2026-08-04 07:07:50: 
2026-08-04 07:07:50: > ares@0.1.0 start
2026-08-04 07:07:50: > next start
2026-08-04 07:07:50: 
2026-08-04 07:07:51: 
2026-08-04 07:07:51: > ares@0.1.0 start
2026-08-04 07:07:51: > next start
2026-08-04 07:07:51: 
2026-08-04 07:07:51: 
2026-08-04 07:07:51: > ares@0.1.0 start
2026-08-04 07:07:51: > next start
2026-08-04 07:07:51: 
2026-08-04 07:07:52: 
2026-08-04 07:07:52: > ares@0.1.0 start
2026-08-04 07:07:52: > next start
2026-08-04 07:07:52: 
2026-08-04 07:07:52: 
2026-08-04 07:07:52: > ares@0.1.0 start
2026-08-04 07:07:52: > next start
2026-08-04 07:07:52: 
2026-08-04 07:07:53: 
2026-08-04 07:07:53: > ares@0.1.0 start
2026-08-04 07:07:53: > next start
2026-08-04 07:07:53: 
2026-08-04 07:07:54: 
2026-08-04 07:07:54: > ares@0.1.0 start
2026-08-04 07:07:54: > next start
2026-08-04 07:07:54: 
2026-08-04 07:07:55: 
2026-08-04 07:07:55: > ares@0.1.0 start
2026-08-04 07:07:55: > next start
2026-08-04 07:07:55: 
2026-08-04 07:07:55: 
2026-08-04 07:07:55: > ares@0.1.0 start
2026-08-04 07:07:55: > next start
2026-08-04 07:07:55: 
2026-08-04 07:07:56: 
2026-08-04 07:07:56: > ares@0.1.0 start
2026-08-04 07:07:56: > next start
2026-08-04 07:07:56: 
2026-08-04 07:07:56: 
2026-08-04 07:07:56: > ares@0.1.0 start
2026-08-04 07:07:56: > next start
2026-08-04 07:07:56: 
2026-08-04 07:07:56: 
2026-08-04 07:07:56: > ares@0.1.0 start
2026-08-04 07:07:56: > next start
2026-08-04 07:07:56: 
2026-08-04 07:07:57: 
2026-08-04 07:07:57: > ares@0.1.0 start
2026-08-04 07:07:57: > next start
2026-08-04 07:07:57: 
2026-08-04 07:07:57: 
2026-08-04 07:07:57: > ares@0.1.0 start
2026-08-04 07:07:57: > next start
2026-08-04 07:07:57: 
2026-08-04 07:07:57: 
2026-08-04 07:07:57: > ares@0.1.0 start
2026-08-04 07:07:57: > next start
2026-08-04 07:07:57: 
2026-08-04 07:07:58: 
2026-08-04 07:07:58: > ares@0.1.0 start
2026-08-04 07:07:58: > next start
2026-08-04 07:07:58: 
2026-08-04 07:07:58: 
2026-08-04 07:07:58: > ares@0.1.0 start
2026-08-04 07:07:58: > next start
2026-08-04 07:07:58: 
2026-08-04 07:07:58: 
2026-08-04 07:07:58: > ares@0.1.0 start
2026-08-04 07:07:58: > next start
2026-08-04 07:07:58: 
2026-08-04 07:07:59: 
2026-08-04 07:07:59: > ares@0.1.0 start
2026-08-04 07:07:59: > next start
2026-08-04 07:07:59: 
2026-08-04 07:07:59: 
2026-08-04 07:07:59: > ares@0.1.0 start
2026-08-04 07:07:59: > next start
2026-08-04 07:07:59: 
2026-08-04 07:07:59: 
2026-08-04 07:07:59: > ares@0.1.0 start
2026-08-04 07:07:59: > next start
2026-08-04 07:07:59: 
2026-08-04 07:08:00: 
2026-08-04 07:08:00: > ares@0.1.0 start
2026-08-04 07:08:00: > next start
2026-08-04 07:08:00: 
2026-08-04 07:08:00: 
2026-08-04 07:08:00: > ares@0.1.0 start
2026-08-04 07:08:00: > next start
2026-08-04 07:08:00: 
2026-08-04 07:08:00: 
2026-08-04 07:08:00: > ares@0.1.0 start
2026-08-04 07:08:00: > next start
2026-08-04 07:08:00: 
2026-08-04 07:08:01: 
2026-08-04 07:08:01: > ares@0.1.0 start
2026-08-04 07:08:01: > next start
2026-08-04 07:08:01: 
2026-08-04 07:08:01: 
2026-08-04 07:08:01: > ares@0.1.0 start
2026-08-04 07:08:01: > next start
2026-08-04 07:08:01: 
2026-08-04 07:08:01: 
2026-08-04 07:08:01: > ares@0.1.0 start
2026-08-04 07:08:01: > next start
2026-08-04 07:08:01: 
2026-08-04 07:08:02: 
2026-08-04 07:08:02: > ares@0.1.0 start
2026-08-04 07:08:02: > next start
2026-08-04 07:08:02: 
2026-08-04 07:08:02: 
2026-08-04 07:08:02: > ares@0.1.0 start
2026-08-04 07:08:02: > next start
2026-08-04 07:08:02: 
2026-08-04 07:08:02: 
2026-08-04 07:08:02: > ares@0.1.0 start
2026-08-04 07:08:02: > next start
2026-08-04 07:08:02: 
2026-08-04 07:08:03: 
2026-08-04 07:08:03: > ares@0.1.0 start
2026-08-04 07:08:03: > next start
2026-08-04 07:08:03: 
2026-08-04 07:08:03: 
2026-08-04 07:08:03: > ares@0.1.0 start
2026-08-04 07:08:03: > next start
2026-08-04 07:08:03: 
2026-08-04 07:08:03: 
2026-08-04 07:08:03: > ares@0.1.0 start
2026-08-04 07:08:03: > next start
2026-08-04 07:08:03: 
2026-08-04 07:08:04: 
2026-08-04 07:08:04: > ares@0.1.0 start
2026-08-04 07:08:04: > next start
2026-08-04 07:08:04: 
2026-08-04 07:08:04: 
2026-08-04 07:08:04: > ares@0.1.0 start
2026-08-04 07:08:04: > next start
2026-08-04 07:08:04: 
2026-08-04 07:08:04: 
2026-08-04 07:08:04: > ares@0.1.0 start
2026-08-04 07:08:04: > next start
2026-08-04 07:08:04: 
2026-08-04 07:08:05: 
2026-08-04 07:08:05: > ares@0.1.0 start
2026-08-04 07:08:05: > next start
2026-08-04 07:08:05: 
2026-08-04 07:08:05: 
2026-08-04 07:08:05: > ares@0.1.0 start
2026-08-04 07:08:05: > next start
2026-08-04 07:08:05: 
2026-08-04 07:08:06: 
2026-08-04 07:08:06: > ares@0.1.0 start
2026-08-04 07:08:06: > next start
2026-08-04 07:08:06: 
2026-08-04 07:08:06: 
2026-08-04 07:08:06: > ares@0.1.0 start
2026-08-04 07:08:06: > next start
2026-08-04 07:08:06: 
2026-08-04 07:08:06: 
2026-08-04 07:08:06: > ares@0.1.0 start
2026-08-04 07:08:06: > next start
2026-08-04 07:08:06: 
2026-08-04 07:08:07: 
2026-08-04 07:08:07: > ares@0.1.0 start
2026-08-04 07:08:07: > next start
2026-08-04 07:08:07: 
2026-08-04 07:08:07: 
2026-08-04 07:08:07: > ares@0.1.0 start
2026-08-04 07:08:07: > next start
2026-08-04 07:08:07: 
2026-08-04 07:08:07: 
2026-08-04 07:08:07: > ares@0.1.0 start
2026-08-04 07:08:07: > next start
2026-08-04 07:08:07: 
2026-08-04 07:08:08: 
2026-08-04 07:08:08: > ares@0.1.0 start
2026-08-04 07:08:08: > next start
2026-08-04 07:08:08: 
2026-08-04 07:08:08: 
2026-08-04 07:08:08: > ares@0.1.0 start
2026-08-04 07:08:08: > next start
2026-08-04 07:08:08: 
2026-08-04 07:08:08: 
2026-08-04 07:08:08: > ares@0.1.0 start
2026-08-04 07:08:08: > next start
2026-08-04 07:08:08: 
2026-08-04 07:08:09: 
2026-08-04 07:08:09: > ares@0.1.0 start
2026-08-04 07:08:09: > next start
2026-08-04 07:08:09: 
2026-08-04 07:08:09: 
2026-08-04 07:08:09: > ares@0.1.0 start
2026-08-04 07:08:09: > next start
2026-08-04 07:08:09: 
2026-08-04 07:08:09: 
2026-08-04 07:08:09: > ares@0.1.0 start
2026-08-04 07:08:09: > next start
2026-08-04 07:08:09: 
2026-08-04 07:08:10: 
2026-08-04 07:08:10: > ares@0.1.0 start
2026-08-04 07:08:10: > next start
2026-08-04 07:08:10: 
2026-08-04 07:08:10: 
2026-08-04 07:08:10: > ares@0.1.0 start
2026-08-04 07:08:10: > next start
2026-08-04 07:08:10: 
2026-08-04 07:08:10: 
2026-08-04 07:08:10: > ares@0.1.0 start
2026-08-04 07:08:10: > next start
2026-08-04 07:08:10: 
2026-08-04 07:08:11: 
2026-08-04 07:08:11: > ares@0.1.0 start
2026-08-04 07:08:11: > next start
2026-08-04 07:08:11: 
2026-08-04 07:08:11: 
2026-08-04 07:08:11: > ares@0.1.0 start
2026-08-04 07:08:11: > next start
2026-08-04 07:08:11: 
2026-08-04 07:08:11: 
2026-08-04 07:08:11: > ares@0.1.0 start
2026-08-04 07:08:11: > next start
2026-08-04 07:08:11: 
2026-08-04 07:08:12: 
2026-08-04 07:08:12: > ares@0.1.0 start
2026-08-04 07:08:12: > next start
2026-08-04 07:08:12: 
2026-08-04 07:08:12: 
2026-08-04 07:08:12: > ares@0.1.0 start
2026-08-04 07:08:12: > next start
2026-08-04 07:08:12: 
2026-08-04 07:08:12: 
2026-08-04 07:08:12: > ares@0.1.0 start
2026-08-04 07:08:12: > next start
2026-08-04 07:08:12: 
2026-08-04 07:08:13: 
2026-08-04 07:08:13: > ares@0.1.0 start
2026-08-04 07:08:13: > next start
2026-08-04 07:08:13: 
2026-08-04 07:08:13: 
2026-08-04 07:08:13: > ares@0.1.0 start
2026-08-04 07:08:13: > next start
2026-08-04 07:08:13: 
2026-08-04 07:08:13: 
2026-08-04 07:08:13: > ares@0.1.0 start
2026-08-04 07:08:13: > next start
2026-08-04 07:08:13: 
2026-08-04 07:08:14: 
2026-08-04 07:08:14: > ares@0.1.0 start
2026-08-04 07:08:14: > next start
2026-08-04 07:08:14: 
2026-08-04 07:08:14: 
2026-08-04 07:08:14: > ares@0.1.0 start
2026-08-04 07:08:14: > next start
2026-08-04 07:08:14: 
2026-08-04 07:08:14: 
2026-08-04 07:08:14: > ares@0.1.0 start
2026-08-04 07:08:14: > next start
2026-08-04 07:08:14: 
2026-08-04 07:08:15: 
2026-08-04 07:08:15: > ares@0.1.0 start
2026-08-04 07:08:15: > next start
2026-08-04 07:08:15: 
2026-08-04 07:08:15: 
2026-08-04 07:08:15: > ares@0.1.0 start
2026-08-04 07:08:15: > next start
2026-08-04 07:08:15: 
2026-08-04 07:08:16: 
2026-08-04 07:08:16: > ares@0.1.0 start
2026-08-04 07:08:16: > next start
2026-08-04 07:08:16: 
2026-08-04 07:08:16: 
2026-08-04 07:08:16: > ares@0.1.0 start
2026-08-04 07:08:16: > next start
2026-08-04 07:08:16: 
2026-08-04 07:08:16: 
2026-08-04 07:08:16: > ares@0.1.0 start
2026-08-04 07:08:16: > next start
2026-08-04 07:08:16: 
2026-08-04 07:08:17: 
2026-08-04 07:08:17: > ares@0.1.0 start
2026-08-04 07:08:17: > next start
2026-08-04 07:08:17: 
2026-08-04 07:08:17: 
2026-08-04 07:08:17: > ares@0.1.0 start
2026-08-04 07:08:17: > next start
2026-08-04 07:08:17: 
2026-08-04 07:08:17: 
2026-08-04 07:08:17: > ares@0.1.0 start
2026-08-04 07:08:17: > next start
2026-08-04 07:08:17: 
2026-08-04 07:08:18: 
2026-08-04 07:08:18: > ares@0.1.0 start
2026-08-04 07:08:18: > next start
2026-08-04 07:08:18: 
2026-08-04 07:08:18: 
2026-08-04 07:08:18: > ares@0.1.0 start
2026-08-04 07:08:18: > next start
2026-08-04 07:08:18: 
2026-08-04 07:08:18: 
2026-08-04 07:08:18: > ares@0.1.0 start
2026-08-04 07:08:18: > next start
2026-08-04 07:08:18: 
2026-08-04 07:08:19: 
2026-08-04 07:08:19: > ares@0.1.0 start
2026-08-04 07:08:19: > next start
2026-08-04 07:08:19: 
2026-08-04 07:08:19: 
2026-08-04 07:08:19: > ares@0.1.0 start
2026-08-04 07:08:19: > next start
2026-08-04 07:08:19: 
2026-08-04 07:08:19: 
2026-08-04 07:08:19: > ares@0.1.0 start
2026-08-04 07:08:19: > next start
2026-08-04 07:08:19: 
2026-08-04 07:08:20: 
2026-08-04 07:08:20: > ares@0.1.0 start
2026-08-04 07:08:20: > next start
2026-08-04 07:08:20: 
2026-08-04 07:08:20: 
2026-08-04 07:08:20: > ares@0.1.0 start
2026-08-04 07:08:20: > next start
2026-08-04 07:08:20: 
2026-08-04 07:08:20: 
2026-08-04 07:08:20: > ares@0.1.0 start
2026-08-04 07:08:20: > next start
2026-08-04 07:08:20: 
2026-08-04 07:08:21: 
2026-08-04 07:08:21: > ares@0.1.0 start
2026-08-04 07:08:21: > next start
2026-08-04 07:08:21: 
2026-08-04 07:08:21: 
2026-08-04 07:08:21: > ares@0.1.0 start
2026-08-04 07:08:21: > next start
2026-08-04 07:08:21: 
2026-08-04 07:08:22: 
2026-08-04 07:08:22: > ares@0.1.0 start
2026-08-04 07:08:22: > next start
2026-08-04 07:08:22: 
2026-08-04 07:08:22: 
2026-08-04 07:08:22: > ares@0.1.0 start
2026-08-04 07:08:22: > next start
2026-08-04 07:08:22: 
2026-08-04 07:08:22: 
2026-08-04 07:08:22: > ares@0.1.0 start
2026-08-04 07:08:22: > next start
2026-08-04 07:08:22: 
2026-08-04 07:08:23: 
2026-08-04 07:08:23: > ares@0.1.0 start
2026-08-04 07:08:23: > next start
2026-08-04 07:08:23: 
2026-08-04 07:08:23: 
2026-08-04 07:08:23: > ares@0.1.0 start
2026-08-04 07:08:23: > next start
2026-08-04 07:08:23: 
2026-08-04 07:08:23: 
2026-08-04 07:08:23: > ares@0.1.0 start
2026-08-04 07:08:23: > next start
2026-08-04 07:08:23: 
2026-08-04 07:08:24: 
2026-08-04 07:08:24: > ares@0.1.0 start
2026-08-04 07:08:24: > next start
2026-08-04 07:08:24: 
2026-08-04 07:08:24: 
2026-08-04 07:08:24: > ares@0.1.0 start
2026-08-04 07:08:24: > next start
2026-08-04 07:08:24: 
2026-08-04 07:08:24: 
2026-08-04 07:08:24: > ares@0.1.0 start
2026-08-04 07:08:24: > next start
2026-08-04 07:08:24: 
2026-08-04 07:08:25: 
2026-08-04 07:08:25: > ares@0.1.0 start
2026-08-04 07:08:25: > next start
2026-08-04 07:08:25: 
2026-08-04 07:08:25: 
2026-08-04 07:08:25: > ares@0.1.0 start
2026-08-04 07:08:25: > next start
2026-08-04 07:08:25: 
2026-08-04 07:08:25: 
2026-08-04 07:08:25: > ares@0.1.0 start
2026-08-04 07:08:25: > next start
2026-08-04 07:08:25: 
2026-08-04 07:08:26: 
2026-08-04 07:08:26: > ares@0.1.0 start
2026-08-04 07:08:26: > next start
2026-08-04 07:08:26: 
2026-08-04 07:08:26: 
2026-08-04 07:08:26: > ares@0.1.0 start
2026-08-04 07:08:26: > next start
2026-08-04 07:08:26: 
2026-08-04 07:08:27: 
2026-08-04 07:08:27: > ares@0.1.0 start
2026-08-04 07:08:27: > next start
2026-08-04 07:08:27: 
2026-08-04 07:08:27: 
2026-08-04 07:08:27: > ares@0.1.0 start
2026-08-04 07:08:27: > next start
2026-08-04 07:08:27: 
2026-08-04 07:08:27: 
2026-08-04 07:08:27: > ares@0.1.0 start
2026-08-04 07:08:27: > next start
2026-08-04 07:08:27: 
2026-08-04 07:08:28: 
2026-08-04 07:08:28: > ares@0.1.0 start
2026-08-04 07:08:28: > next start
2026-08-04 07:08:28: 
2026-08-04 07:08:28: 
2026-08-04 07:08:28: > ares@0.1.0 start
2026-08-04 07:08:28: > next start
2026-08-04 07:08:28: 
2026-08-04 07:08:28: 
2026-08-04 07:08:28: > ares@0.1.0 start
2026-08-04 07:08:28: > next start
2026-08-04 07:08:28: 
2026-08-04 07:08:29: 
2026-08-04 07:08:29: > ares@0.1.0 start
2026-08-04 07:08:29: > next start
2026-08-04 07:08:29: 
2026-08-04 07:08:29: 
2026-08-04 07:08:29: > ares@0.1.0 start
2026-08-04 07:08:29: > next start
2026-08-04 07:08:29: 
2026-08-04 07:08:29: 
2026-08-04 07:08:29: > ares@0.1.0 start
2026-08-04 07:08:29: > next start
2026-08-04 07:08:29: 
2026-08-04 07:08:30: 
2026-08-04 07:08:30: > ares@0.1.0 start
2026-08-04 07:08:30: > next start
2026-08-04 07:08:30: 
2026-08-04 07:08:30: 
2026-08-04 07:08:30: > ares@0.1.0 start
2026-08-04 07:08:30: > next start
2026-08-04 07:08:30: 
2026-08-04 07:08:30: 
2026-08-04 07:08:30: > ares@0.1.0 start
2026-08-04 07:08:30: > next start
2026-08-04 07:08:30: 
2026-08-04 07:08:31: 
2026-08-04 07:08:31: > ares@0.1.0 start
2026-08-04 07:08:31: > next start
2026-08-04 07:08:31: 
2026-08-04 07:08:31: 
2026-08-04 07:08:31: > ares@0.1.0 start
2026-08-04 07:08:31: > next start
2026-08-04 07:08:31: 
2026-08-04 07:08:31: 
2026-08-04 07:08:31: > ares@0.1.0 start
2026-08-04 07:08:31: > next start
2026-08-04 07:08:31: 
2026-08-04 07:08:32: 
2026-08-04 07:08:32: > ares@0.1.0 start
2026-08-04 07:08:32: > next start
2026-08-04 07:08:32: 
2026-08-04 07:08:32: 
2026-08-04 07:08:32: > ares@0.1.0 start
2026-08-04 07:08:32: > next start
2026-08-04 07:08:32: 
2026-08-04 07:08:32: 
2026-08-04 07:08:32: > ares@0.1.0 start
2026-08-04 07:08:32: > next start
2026-08-04 07:08:32: 
2026-08-04 07:08:33: 
2026-08-04 07:08:33: > ares@0.1.0 start
2026-08-04 07:08:33: > next start
2026-08-04 07:08:33: 
2026-08-04 07:08:33: 
2026-08-04 07:08:33: > ares@0.1.0 start
2026-08-04 07:08:33: > next start
2026-08-04 07:08:33: 
2026-08-04 07:08:33: 
2026-08-04 07:08:33: > ares@0.1.0 start
2026-08-04 07:08:33: > next start
2026-08-04 07:08:33: 
2026-08-04 07:08:34: 
2026-08-04 07:08:34: > ares@0.1.0 start
2026-08-04 07:08:34: > next start
2026-08-04 07:08:34: 
2026-08-04 07:08:34: 
2026-08-04 07:08:34: > ares@0.1.0 start
2026-08-04 07:08:34: > next start
2026-08-04 07:08:34: 
2026-08-04 07:08:34: 
2026-08-04 07:08:34: > ares@0.1.0 start
2026-08-04 07:08:34: > next start
2026-08-04 07:08:34: 
2026-08-04 07:08:35: 
2026-08-04 07:08:35: > ares@0.1.0 start
2026-08-04 07:08:35: > next start
2026-08-04 07:08:35: 
2026-08-04 07:08:35: 
2026-08-04 07:08:35: > ares@0.1.0 start
2026-08-04 07:08:35: > next start
2026-08-04 07:08:35: 
2026-08-04 07:08:35: 
2026-08-04 07:08:35: > ares@0.1.0 start
2026-08-04 07:08:35: > next start
2026-08-04 07:08:35: 
2026-08-04 07:08:36: 
2026-08-04 07:08:36: > ares@0.1.0 start
2026-08-04 07:08:36: > next start
2026-08-04 07:08:36: 
2026-08-04 07:08:36: 
2026-08-04 07:08:36: > ares@0.1.0 start
2026-08-04 07:08:36: > next start
2026-08-04 07:08:36: 
2026-08-04 07:08:36: 
2026-08-04 07:08:36: > ares@0.1.0 start
2026-08-04 07:08:36: > next start
2026-08-04 07:08:36: 
2026-08-04 07:08:37: 
2026-08-04 07:08:37: > ares@0.1.0 start
2026-08-04 07:08:37: > next start
2026-08-04 07:08:37: 
2026-08-04 07:08:37: 
2026-08-04 07:08:37: > ares@0.1.0 start
2026-08-04 07:08:37: > next start
2026-08-04 07:08:37: 
2026-08-04 07:08:37: 
2026-08-04 07:08:37: > ares@0.1.0 start
2026-08-04 07:08:37: > next start
2026-08-04 07:08:37: 
2026-08-04 07:08:38: 
2026-08-04 07:08:38: > ares@0.1.0 start
2026-08-04 07:08:38: > next start
2026-08-04 07:08:38: 
2026-08-04 07:08:38: 
2026-08-04 07:08:38: > ares@0.1.0 start
2026-08-04 07:08:38: > next start
2026-08-04 07:08:38: 
2026-08-04 07:08:38: 
2026-08-04 07:08:38: > ares@0.1.0 start
2026-08-04 07:08:38: > next start
2026-08-04 07:08:38: 
2026-08-04 07:08:39: 
2026-08-04 07:08:39: > ares@0.1.0 start
2026-08-04 07:08:39: > next start
2026-08-04 07:08:39: 
2026-08-04 07:08:39: 
2026-08-04 07:08:39: > ares@0.1.0 start
2026-08-04 07:08:39: > next start
2026-08-04 07:08:39: 
2026-08-04 07:08:39: 
2026-08-04 07:08:39: > ares@0.1.0 start
2026-08-04 07:08:39: > next start
2026-08-04 07:08:39: 
2026-08-04 07:08:40: 
2026-08-04 07:08:40: > ares@0.1.0 start
2026-08-04 07:08:40: > next start
2026-08-04 07:08:40: 
2026-08-04 07:08:40: 
2026-08-04 07:08:40: > ares@0.1.0 start
2026-08-04 07:08:40: > next start
2026-08-04 07:08:40: 
2026-08-04 07:08:41: 
2026-08-04 07:08:41: > ares@0.1.0 start
2026-08-04 07:08:41: > next start
2026-08-04 07:08:41: 
2026-08-04 07:08:41: 
2026-08-04 07:08:41: > ares@0.1.0 start
2026-08-04 07:08:41: > next start
2026-08-04 07:08:41: 
2026-08-04 07:08:41: 
2026-08-04 07:08:41: > ares@0.1.0 start
2026-08-04 07:08:41: > next start
2026-08-04 07:08:41: 
2026-08-04 07:08:42: 
2026-08-04 07:08:42: > ares@0.1.0 start
2026-08-04 07:08:42: > next start
2026-08-04 07:08:42: 
2026-08-04 07:08:42: 
2026-08-04 07:08:42: > ares@0.1.0 start
2026-08-04 07:08:42: > next start
2026-08-04 07:08:42: 
2026-08-04 07:08:42: 
2026-08-04 07:08:42: > ares@0.1.0 start
2026-08-04 07:08:42: > next start
2026-08-04 07:08:42: 
2026-08-04 07:08:43: 
2026-08-04 07:08:43: > ares@0.1.0 start
2026-08-04 07:08:43: > next start
2026-08-04 07:08:43: 
2026-08-04 07:08:43: 
2026-08-04 07:08:43: > ares@0.1.0 start
2026-08-04 07:08:43: > next start
2026-08-04 07:08:43: 
2026-08-04 07:08:43: 
2026-08-04 07:08:43: > ares@0.1.0 start
2026-08-04 07:08:43: > next start
2026-08-04 07:08:43: 
2026-08-04 07:08:44: 
2026-08-04 07:08:44: > ares@0.1.0 start
2026-08-04 07:08:44: > next start
2026-08-04 07:08:44: 
2026-08-04 07:08:44: 
2026-08-04 07:08:44: > ares@0.1.0 start
2026-08-04 07:08:44: > next start
2026-08-04 07:08:44: 
2026-08-04 07:08:45: 
2026-08-04 07:08:45: > ares@0.1.0 start
2026-08-04 07:08:45: > next start
2026-08-04 07:08:45: 
2026-08-04 07:08:45: 
2026-08-04 07:08:45: > ares@0.1.0 start
2026-08-04 07:08:45: > next start
2026-08-04 07:08:45: 
2026-08-04 07:08:45: 
2026-08-04 07:08:45: > ares@0.1.0 start
2026-08-04 07:08:45: > next start
2026-08-04 07:08:45: 
2026-08-04 07:08:46: 
2026-08-04 07:08:46: > ares@0.1.0 start
2026-08-04 07:08:46: > next start
2026-08-04 07:08:46: 
2026-08-04 07:08:46: 
2026-08-04 07:08:46: > ares@0.1.0 start
2026-08-04 07:08:46: > next start
2026-08-04 07:08:46: 
2026-08-04 07:08:46: 
2026-08-04 07:08:46: > ares@0.1.0 start
2026-08-04 07:08:46: > next start
2026-08-04 07:08:46: 
2026-08-04 07:08:47: 
2026-08-04 07:08:47: > ares@0.1.0 start
2026-08-04 07:08:47: > next start
2026-08-04 07:08:47: 
2026-08-04 07:08:47: 
2026-08-04 07:08:47: > ares@0.1.0 start
2026-08-04 07:08:47: > next start
2026-08-04 07:08:47: 
2026-08-04 07:08:47: 
2026-08-04 07:08:47: > ares@0.1.0 start
2026-08-04 07:08:47: > next start
2026-08-04 07:08:47: 
2026-08-04 07:08:48: 
2026-08-04 07:08:48: > ares@0.1.0 start
2026-08-04 07:08:48: > next start
2026-08-04 07:08:48: 
2026-08-04 07:08:48: 
2026-08-04 07:08:48: > ares@0.1.0 start
2026-08-04 07:08:48: > next start
2026-08-04 07:08:48: 
2026-08-04 07:08:48: 
2026-08-04 07:08:48: > ares@0.1.0 start
2026-08-04 07:08:48: > next start
2026-08-04 07:08:48: 
2026-08-04 07:08:49: 
2026-08-04 07:08:49: > ares@0.1.0 start
2026-08-04 07:08:49: > next start
2026-08-04 07:08:49: 
2026-08-04 07:08:49: 
2026-08-04 07:08:49: > ares@0.1.0 start
2026-08-04 07:08:49: > next start
2026-08-04 07:08:49: 
2026-08-04 07:08:49: 
2026-08-04 07:08:49: > ares@0.1.0 start
2026-08-04 07:08:49: > next start
2026-08-04 07:08:49: 
2026-08-04 07:08:50: 
2026-08-04 07:08:50: > ares@0.1.0 start
2026-08-04 07:08:50: > next start
2026-08-04 07:08:50: 
2026-08-04 07:08:50: 
2026-08-04 07:08:50: > ares@0.1.0 start
2026-08-04 07:08:50: > next start
2026-08-04 07:08:50: 
2026-08-04 07:08:50: 
2026-08-04 07:08:50: > ares@0.1.0 start
2026-08-04 07:08:50: > next start
2026-08-04 07:08:50: 
2026-08-04 07:08:51: 
2026-08-04 07:08:51: > ares@0.1.0 start
2026-08-04 07:08:51: > next start
2026-08-04 07:08:51: 
2026-08-04 07:08:51: 
2026-08-04 07:08:51: > ares@0.1.0 start
2026-08-04 07:08:51: > next start
2026-08-04 07:08:51: 
2026-08-04 07:08:51: 
2026-08-04 07:08:51: > ares@0.1.0 start
2026-08-04 07:08:51: > next start
2026-08-04 07:08:51: 
2026-08-04 07:08:52: 
2026-08-04 07:08:52: > ares@0.1.0 start
2026-08-04 07:08:52: > next start
2026-08-04 07:08:52: 
2026-08-04 07:08:52: 
2026-08-04 07:08:52: > ares@0.1.0 start
2026-08-04 07:08:52: > next start
2026-08-04 07:08:52: 
2026-08-04 07:08:52: 
2026-08-04 07:08:52: > ares@0.1.0 start
2026-08-04 07:08:52: > next start
2026-08-04 07:08:52: 
2026-08-04 07:08:53: 
2026-08-04 07:08:53: > ares@0.1.0 start
2026-08-04 07:08:53: > next start
2026-08-04 07:08:53: 
2026-08-04 07:08:53: 
2026-08-04 07:08:53: > ares@0.1.0 start
2026-08-04 07:08:53: > next start
2026-08-04 07:08:53: 
2026-08-04 07:08:53: 
2026-08-04 07:08:53: > ares@0.1.0 start
2026-08-04 07:08:53: > next start
2026-08-04 07:08:53: 
2026-08-04 07:08:54: 
2026-08-04 07:08:54: > ares@0.1.0 start
2026-08-04 07:08:54: > next start
2026-08-04 07:08:54: 
2026-08-04 07:08:54: 
2026-08-04 07:08:54: > ares@0.1.0 start
2026-08-04 07:08:54: > next start
2026-08-04 07:08:54: 
2026-08-04 07:08:54: 
2026-08-04 07:08:54: > ares@0.1.0 start
2026-08-04 07:08:54: > next start
2026-08-04 07:08:54: 
2026-08-04 07:08:55: 
2026-08-04 07:08:55: > ares@0.1.0 start
2026-08-04 07:08:55: > next start
2026-08-04 07:08:55: 
2026-08-04 07:08:55: 
2026-08-04 07:08:55: > ares@0.1.0 start
2026-08-04 07:08:55: > next start
2026-08-04 07:08:55: 
2026-08-04 07:08:55: 
2026-08-04 07:08:55: > ares@0.1.0 start
2026-08-04 07:08:55: > next start
2026-08-04 07:08:55: 
2026-08-04 07:08:56: 
2026-08-04 07:08:56: > ares@0.1.0 start
2026-08-04 07:08:56: > next start
2026-08-04 07:08:56: 
2026-08-04 07:08:56: 
2026-08-04 07:08:56: > ares@0.1.0 start
2026-08-04 07:08:56: > next start
2026-08-04 07:08:56: 
2026-08-04 07:08:56: 
2026-08-04 07:08:56: > ares@0.1.0 start
2026-08-04 07:08:56: > next start
2026-08-04 07:08:56: 
2026-08-04 07:08:57: 
2026-08-04 07:08:57: > ares@0.1.0 start
2026-08-04 07:08:57: > next start
2026-08-04 07:08:57: 
2026-08-04 07:08:57: 
2026-08-04 07:08:57: > ares@0.1.0 start
2026-08-04 07:08:57: > next start
2026-08-04 07:08:57: 
2026-08-04 07:08:57: 
2026-08-04 07:08:57: > ares@0.1.0 start
2026-08-04 07:08:57: > next start
2026-08-04 07:08:57: 
2026-08-04 07:08:58: 
2026-08-04 07:08:58: > ares@0.1.0 start
2026-08-04 07:08:58: > next start
2026-08-04 07:08:58: 
2026-08-04 07:08:58: 
2026-08-04 07:08:58: > ares@0.1.0 start
2026-08-04 07:08:58: > next start
2026-08-04 07:08:58: 
2026-08-04 07:08:58: 
2026-08-04 07:08:58: > ares@0.1.0 start
2026-08-04 07:08:58: > next start
2026-08-04 07:08:58: 
2026-08-04 07:08:59: 
2026-08-04 07:08:59: > ares@0.1.0 start
2026-08-04 07:08:59: > next start
2026-08-04 07:08:59: 
2026-08-04 07:08:59: 
2026-08-04 07:08:59: > ares@0.1.0 start
2026-08-04 07:08:59: > next start
2026-08-04 07:08:59: 
2026-08-04 07:08:59: 
2026-08-04 07:08:59: > ares@0.1.0 start
2026-08-04 07:08:59: > next start
2026-08-04 07:08:59: 
2026-08-04 07:09:00: 
2026-08-04 07:09:00: > ares@0.1.0 start
2026-08-04 07:09:00: > next start
2026-08-04 07:09:00: 
2026-08-04 07:09:00: 
2026-08-04 07:09:00: > ares@0.1.0 start
2026-08-04 07:09:00: > next start
2026-08-04 07:09:00: 
2026-08-04 07:09:00: 
2026-08-04 07:09:00: > ares@0.1.0 start
2026-08-04 07:09:00: > next start
2026-08-04 07:09:00: 
2026-08-04 07:09:01: 
2026-08-04 07:09:01: > ares@0.1.0 start
2026-08-04 07:09:01: > next start
2026-08-04 07:09:01: 
2026-08-04 07:09:01: 
2026-08-04 07:09:01: > ares@0.1.0 start
2026-08-04 07:09:01: > next start
2026-08-04 07:09:01: 
2026-08-04 07:09:02: 
2026-08-04 07:09:02: > ares@0.1.0 start
2026-08-04 07:09:02: > next start
2026-08-04 07:09:02: 
2026-08-04 07:09:02: 
2026-08-04 07:09:02: > ares@0.1.0 start
2026-08-04 07:09:02: > next start
2026-08-04 07:09:02: 
2026-08-04 07:09:02: 
2026-08-04 07:09:02: > ares@0.1.0 start
2026-08-04 07:09:02: > next start
2026-08-04 07:09:02: 
2026-08-04 07:09:03: 
2026-08-04 07:09:03: > ares@0.1.0 start
2026-08-04 07:09:03: > next start
2026-08-04 07:09:03: 
2026-08-04 07:09:03: 
2026-08-04 07:09:03: > ares@0.1.0 start
2026-08-04 07:09:03: > next start
2026-08-04 07:09:03: 
2026-08-04 07:09:03: 
2026-08-04 07:09:03: > ares@0.1.0 start
2026-08-04 07:09:03: > next start
2026-08-04 07:09:03: 
2026-08-04 07:09:04: 
2026-08-04 07:09:04: > ares@0.1.0 start
2026-08-04 07:09:04: > next start
2026-08-04 07:09:04: 
2026-08-04 07:09:04: 
2026-08-04 07:09:04: > ares@0.1.0 start
2026-08-04 07:09:04: > next start
2026-08-04 07:09:04: 
2026-08-04 07:09:04: 
2026-08-04 07:09:04: > ares@0.1.0 start
2026-08-04 07:09:04: > next start
2026-08-04 07:09:04: 
2026-08-04 07:09:05: 
2026-08-04 07:09:05: > ares@0.1.0 start
2026-08-04 07:09:05: > next start
2026-08-04 07:09:05: 
2026-08-04 07:09:05: 
2026-08-04 07:09:05: > ares@0.1.0 start
2026-08-04 07:09:05: > next start
2026-08-04 07:09:05: 
2026-08-04 07:09:05: 
2026-08-04 07:09:05: > ares@0.1.0 start
2026-08-04 07:09:05: > next start
2026-08-04 07:09:05: 
2026-08-04 07:09:06: 
2026-08-04 07:09:06: > ares@0.1.0 start
2026-08-04 07:09:06: > next start
2026-08-04 07:09:06: 
2026-08-04 07:09:06: 
2026-08-04 07:09:06: > ares@0.1.0 start
2026-08-04 07:09:06: > next start
2026-08-04 07:09:06: 
2026-08-04 07:09:06: 
2026-08-04 07:09:06: > ares@0.1.0 start
2026-08-04 07:09:06: > next start
2026-08-04 07:09:06: 
2026-08-04 07:09:07: 
2026-08-04 07:09:07: > ares@0.1.0 start
2026-08-04 07:09:07: > next start
2026-08-04 07:09:07: 
2026-08-04 07:09:07: 
2026-08-04 07:09:07: > ares@0.1.0 start
2026-08-04 07:09:07: > next start
2026-08-04 07:09:07: 
2026-08-04 07:09:07: 
2026-08-04 07:09:07: > ares@0.1.0 start
2026-08-04 07:09:07: > next start
2026-08-04 07:09:07: 
2026-08-04 07:09:08: 
2026-08-04 07:09:08: > ares@0.1.0 start
2026-08-04 07:09:08: > next start
2026-08-04 07:09:08: 
2026-08-04 07:09:08: 
2026-08-04 07:09:08: > ares@0.1.0 start
2026-08-04 07:09:08: > next start
2026-08-04 07:09:08: 
2026-08-04 07:09:08: 
2026-08-04 07:09:08: > ares@0.1.0 start
2026-08-04 07:09:08: > next start
2026-08-04 07:09:08: 
2026-08-04 07:09:09: 
2026-08-04 07:09:09: > ares@0.1.0 start
2026-08-04 07:09:09: > next start
2026-08-04 07:09:09: 
2026-08-04 07:09:09: 
2026-08-04 07:09:09: > ares@0.1.0 start
2026-08-04 07:09:09: > next start
2026-08-04 07:09:09: 
2026-08-04 07:09:09: 
2026-08-04 07:09:09: > ares@0.1.0 start
2026-08-04 07:09:09: > next start
2026-08-04 07:09:09: 
2026-08-04 07:09:10: 
2026-08-04 07:09:10: > ares@0.1.0 start
2026-08-04 07:09:10: > next start
2026-08-04 07:09:10: 
2026-08-04 07:09:10: 
2026-08-04 07:09:10: > ares@0.1.0 start
2026-08-04 07:09:10: > next start
2026-08-04 07:09:10: 
2026-08-04 07:09:10: 
2026-08-04 07:09:10: > ares@0.1.0 start
2026-08-04 07:09:10: > next start
2026-08-04 07:09:10: 
2026-08-04 07:09:11: 
2026-08-04 07:09:11: > ares@0.1.0 start
2026-08-04 07:09:11: > next start
2026-08-04 07:09:11: 
2026-08-04 07:09:11: 
2026-08-04 07:09:11: > ares@0.1.0 start
2026-08-04 07:09:11: > next start
2026-08-04 07:09:11: 
2026-08-04 07:09:11: 
2026-08-04 07:09:11: > ares@0.1.0 start
2026-08-04 07:09:11: > next start
2026-08-04 07:09:11: 
2026-08-04 07:09:12: 
2026-08-04 07:09:12: > ares@0.1.0 start
2026-08-04 07:09:12: > next start
2026-08-04 07:09:12: 
2026-08-04 07:09:12: 
2026-08-04 07:09:12: > ares@0.1.0 start
2026-08-04 07:09:12: > next start
2026-08-04 07:09:12: 
2026-08-04 07:09:12: 
2026-08-04 07:09:12: > ares@0.1.0 start
2026-08-04 07:09:12: > next start
2026-08-04 07:09:12: 
2026-08-04 07:09:13: 
2026-08-04 07:09:13: > ares@0.1.0 start
2026-08-04 07:09:13: > next start
2026-08-04 07:09:13: 
2026-08-04 07:09:13: 
2026-08-04 07:09:13: > ares@0.1.0 start
2026-08-04 07:09:13: > next start
2026-08-04 07:09:13: 
2026-08-04 07:09:13: 
2026-08-04 07:09:13: > ares@0.1.0 start
2026-08-04 07:09:13: > next start
2026-08-04 07:09:13: 
2026-08-04 07:09:14: 
2026-08-04 07:09:14: > ares@0.1.0 start
2026-08-04 07:09:14: > next start
2026-08-04 07:09:14: 
2026-08-04 07:09:14: 
2026-08-04 07:09:14: > ares@0.1.0 start
2026-08-04 07:09:14: > next start
2026-08-04 07:09:14: 
2026-08-04 07:09:14: 
2026-08-04 07:09:14: > ares@0.1.0 start
2026-08-04 07:09:14: > next start
2026-08-04 07:09:14: 
2026-08-04 07:09:15: 
2026-08-04 07:09:15: > ares@0.1.0 start
2026-08-04 07:09:15: > next start
2026-08-04 07:09:15: 
2026-08-04 07:09:15: 
2026-08-04 07:09:15: > ares@0.1.0 start
2026-08-04 07:09:15: > next start
2026-08-04 07:09:15: 
2026-08-04 07:09:15: 
2026-08-04 07:09:15: > ares@0.1.0 start
2026-08-04 07:09:15: > next start
2026-08-04 07:09:15: 
2026-08-04 07:09:16: 
2026-08-04 07:09:16: > ares@0.1.0 start
2026-08-04 07:09:16: > next start
2026-08-04 07:09:16: 
2026-08-04 07:09:16: 
2026-08-04 07:09:16: > ares@0.1.0 start
2026-08-04 07:09:16: > next start
2026-08-04 07:09:16: 
2026-08-04 07:09:16: 
2026-08-04 07:09:16: > ares@0.1.0 start
2026-08-04 07:09:16: > next start
2026-08-04 07:09:16: 
2026-08-04 07:09:17: 
2026-08-04 07:09:17: > ares@0.1.0 start
2026-08-04 07:09:17: > next start
2026-08-04 07:09:17: 
2026-08-04 07:09:17: 
2026-08-04 07:09:17: > ares@0.1.0 start
2026-08-04 07:09:17: > next start
2026-08-04 07:09:17: 
2026-08-04 07:09:17: 
2026-08-04 07:09:17: > ares@0.1.0 start
2026-08-04 07:09:17: > next start
2026-08-04 07:09:17: 
2026-08-04 07:09:18: 
2026-08-04 07:09:18: > ares@0.1.0 start
2026-08-04 07:09:18: > next start
2026-08-04 07:09:18: 
2026-08-04 07:09:18: 
2026-08-04 07:09:18: > ares@0.1.0 start
2026-08-04 07:09:18: > next start
2026-08-04 07:09:18: 
2026-08-04 07:09:18: 
2026-08-04 07:09:18: > ares@0.1.0 start
2026-08-04 07:09:18: > next start
2026-08-04 07:09:18: 
2026-08-04 07:09:19: 
2026-08-04 07:09:19: > ares@0.1.0 start
2026-08-04 07:09:19: > next start
2026-08-04 07:09:19: 
2026-08-04 07:09:19: 
2026-08-04 07:09:19: > ares@0.1.0 start
2026-08-04 07:09:19: > next start
2026-08-04 07:09:19: 
2026-08-04 07:09:19: 
2026-08-04 07:09:19: > ares@0.1.0 start
2026-08-04 07:09:19: > next start
2026-08-04 07:09:19: 
2026-08-04 07:09:20: 
2026-08-04 07:09:20: > ares@0.1.0 start
2026-08-04 07:09:20: > next start
2026-08-04 07:09:20: 
2026-08-04 07:09:20: 
2026-08-04 07:09:20: > ares@0.1.0 start
2026-08-04 07:09:20: > next start
2026-08-04 07:09:20: 
2026-08-04 07:09:20: 
2026-08-04 07:09:20: > ares@0.1.0 start
2026-08-04 07:09:20: > next start
2026-08-04 07:09:20: 
2026-08-04 07:09:21: 
2026-08-04 07:09:21: > ares@0.1.0 start
2026-08-04 07:09:21: > next start
2026-08-04 07:09:21: 
2026-08-04 07:09:21: 
2026-08-04 07:09:21: > ares@0.1.0 start
2026-08-04 07:09:21: > next start
2026-08-04 07:09:21: 
2026-08-04 07:09:21: 
2026-08-04 07:09:21: > ares@0.1.0 start
2026-08-04 07:09:21: > next start
2026-08-04 07:09:21: 
2026-08-04 07:09:22: 
2026-08-04 07:09:22: > ares@0.1.0 start
2026-08-04 07:09:22: > next start
2026-08-04 07:09:22: 
2026-08-04 07:09:22: 
2026-08-04 07:09:22: > ares@0.1.0 start
2026-08-04 07:09:22: > next start
2026-08-04 07:09:22: 
2026-08-04 07:09:22: 
2026-08-04 07:09:22: > ares@0.1.0 start
2026-08-04 07:09:22: > next start
2026-08-04 07:09:22: 
2026-08-04 07:09:23: 
2026-08-04 07:09:23: > ares@0.1.0 start
2026-08-04 07:09:23: > next start
2026-08-04 07:09:23: 
2026-08-04 07:09:23: 
2026-08-04 07:09:23: > ares@0.1.0 start
2026-08-04 07:09:23: > next start
2026-08-04 07:09:23: 
2026-08-04 07:09:23: 
2026-08-04 07:09:23: > ares@0.1.0 start
2026-08-04 07:09:23: > next start
2026-08-04 07:09:23: 
2026-08-04 07:09:24: 
2026-08-04 07:09:24: > ares@0.1.0 start
2026-08-04 07:09:24: > next start
2026-08-04 07:09:24: 
2026-08-04 07:09:24: 
2026-08-04 07:09:24: > ares@0.1.0 start
2026-08-04 07:09:24: > next start
2026-08-04 07:09:24: 
2026-08-04 07:09:24: 
2026-08-04 07:09:24: > ares@0.1.0 start
2026-08-04 07:09:24: > next start
2026-08-04 07:09:24: 
2026-08-04 07:09:25: 
2026-08-04 07:09:25: > ares@0.1.0 start
2026-08-04 07:09:25: > next start
2026-08-04 07:09:25: 
2026-08-04 07:09:25: 
2026-08-04 07:09:25: > ares@0.1.0 start
2026-08-04 07:09:25: > next start
2026-08-04 07:09:25: 
2026-08-04 07:09:25: 
2026-08-04 07:09:25: > ares@0.1.0 start
2026-08-04 07:09:25: > next start
2026-08-04 07:09:25: 
2026-08-04 07:09:26: 
2026-08-04 07:09:26: > ares@0.1.0 start
2026-08-04 07:09:26: > next start
2026-08-04 07:09:26: 
2026-08-04 07:09:26: 
2026-08-04 07:09:26: > ares@0.1.0 start
2026-08-04 07:09:26: > next start
2026-08-04 07:09:26: 
2026-08-04 07:09:26: 
2026-08-04 07:09:26: > ares@0.1.0 start
2026-08-04 07:09:26: > next start
2026-08-04 07:09:26: 
2026-08-04 07:09:27: 
2026-08-04 07:09:27: > ares@0.1.0 start
2026-08-04 07:09:27: > next start
2026-08-04 07:09:27: 
2026-08-04 07:09:27: 
2026-08-04 07:09:27: > ares@0.1.0 start
2026-08-04 07:09:27: > next start
2026-08-04 07:09:27: 
2026-08-04 07:09:27: 
2026-08-04 07:09:27: > ares@0.1.0 start
2026-08-04 07:09:27: > next start
2026-08-04 07:09:27: 
2026-08-04 07:09:28: 
2026-08-04 07:09:28: > ares@0.1.0 start
2026-08-04 07:09:28: > next start
2026-08-04 07:09:28: 
2026-08-04 07:09:28: 
2026-08-04 07:09:28: > ares@0.1.0 start
2026-08-04 07:09:28: > next start
2026-08-04 07:09:28: 
2026-08-04 07:09:28: 
2026-08-04 07:09:28: > ares@0.1.0 start
2026-08-04 07:09:28: > next start
2026-08-04 07:09:28: 
2026-08-04 07:09:29: 
2026-08-04 07:09:29: > ares@0.1.0 start
2026-08-04 07:09:29: > next start
2026-08-04 07:09:29: 
2026-08-04 07:09:29: 
2026-08-04 07:09:29: > ares@0.1.0 start
2026-08-04 07:09:29: > next start
2026-08-04 07:09:29: 
2026-08-04 07:09:29: 
2026-08-04 07:09:29: > ares@0.1.0 start
2026-08-04 07:09:29: > next start
2026-08-04 07:09:29: 
2026-08-04 07:09:30: 
2026-08-04 07:09:30: > ares@0.1.0 start
2026-08-04 07:09:30: > next start
2026-08-04 07:09:30: 
2026-08-04 07:09:30: 
2026-08-04 07:09:30: > ares@0.1.0 start
2026-08-04 07:09:30: > next start
2026-08-04 07:09:30: 
2026-08-04 07:09:30: 
2026-08-04 07:09:30: > ares@0.1.0 start
2026-08-04 07:09:30: > next start
2026-08-04 07:09:30: 
2026-08-04 07:09:31: 
2026-08-04 07:09:31: > ares@0.1.0 start
2026-08-04 07:09:31: > next start
2026-08-04 07:09:31: 
2026-08-04 07:09:31: 
2026-08-04 07:09:31: > ares@0.1.0 start
2026-08-04 07:09:31: > next start
2026-08-04 07:09:31: 
2026-08-04 07:09:31: 
2026-08-04 07:09:31: > ares@0.1.0 start
2026-08-04 07:09:31: > next start
2026-08-04 07:09:31: 
2026-08-04 07:09:32: 
2026-08-04 07:09:32: > ares@0.1.0 start
2026-08-04 07:09:32: > next start
2026-08-04 07:09:32: 
2026-08-04 07:09:32: 
2026-08-04 07:09:32: > ares@0.1.0 start
2026-08-04 07:09:32: > next start
2026-08-04 07:09:32: 
2026-08-04 07:09:32: 
2026-08-04 07:09:32: > ares@0.1.0 start
2026-08-04 07:09:32: > next start
2026-08-04 07:09:32: 
2026-08-04 07:09:33: 
2026-08-04 07:09:33: > ares@0.1.0 start
2026-08-04 07:09:33: > next start
2026-08-04 07:09:33: 
2026-08-04 07:09:33: 
2026-08-04 07:09:33: > ares@0.1.0 start
2026-08-04 07:09:33: > next start
2026-08-04 07:09:33: 
2026-08-04 07:09:33: 
2026-08-04 07:09:33: > ares@0.1.0 start
2026-08-04 07:09:33: > next start
2026-08-04 07:09:33: 
2026-08-04 07:09:34: 
2026-08-04 07:09:34: > ares@0.1.0 start
2026-08-04 07:09:34: > next start
2026-08-04 07:09:34: 
2026-08-04 07:09:34: 
2026-08-04 07:09:34: > ares@0.1.0 start
2026-08-04 07:09:34: > next start
2026-08-04 07:09:34: 
2026-08-04 07:09:34: 
2026-08-04 07:09:34: > ares@0.1.0 start
2026-08-04 07:09:34: > next start
2026-08-04 07:09:34: 
2026-08-04 07:09:35: 
2026-08-04 07:09:35: > ares@0.1.0 start
2026-08-04 07:09:35: > next start
2026-08-04 07:09:35: 
2026-08-04 07:09:35: 
2026-08-04 07:09:35: > ares@0.1.0 start
2026-08-04 07:09:35: > next start
2026-08-04 07:09:35: 
2026-08-04 07:09:35: 
2026-08-04 07:09:35: > ares@0.1.0 start
2026-08-04 07:09:35: > next start
2026-08-04 07:09:35: 
2026-08-04 07:09:36: 
2026-08-04 07:09:36: > ares@0.1.0 start
2026-08-04 07:09:36: > next start
2026-08-04 07:09:36: 
2026-08-04 07:09:36: 
2026-08-04 07:09:36: > ares@0.1.0 start
2026-08-04 07:09:36: > next start
2026-08-04 07:09:36: 
2026-08-04 07:09:36: 
2026-08-04 07:09:36: > ares@0.1.0 start
2026-08-04 07:09:36: > next start
2026-08-04 07:09:36: 
2026-08-04 07:09:37: 
2026-08-04 07:09:37: > ares@0.1.0 start
2026-08-04 07:09:37: > next start
2026-08-04 07:09:37: 
2026-08-04 07:09:37: 
2026-08-04 07:09:37: > ares@0.1.0 start
2026-08-04 07:09:37: > next start
2026-08-04 07:09:37: 
2026-08-04 07:09:37: 
2026-08-04 07:09:37: > ares@0.1.0 start
2026-08-04 07:09:37: > next start
2026-08-04 07:09:37: 
2026-08-04 07:09:38: 
2026-08-04 07:09:38: > ares@0.1.0 start
2026-08-04 07:09:38: > next start
2026-08-04 07:09:38: 
2026-08-04 07:09:38: 
2026-08-04 07:09:38: > ares@0.1.0 start
2026-08-04 07:09:38: > next start
2026-08-04 07:09:38: 
2026-08-04 07:09:38: 
2026-08-04 07:09:38: > ares@0.1.0 start
2026-08-04 07:09:38: > next start
2026-08-04 07:09:38: 
2026-08-04 07:09:39: 
2026-08-04 07:09:39: > ares@0.1.0 start
2026-08-04 07:09:39: > next start
2026-08-04 07:09:39: 
2026-08-04 07:09:39: 
2026-08-04 07:09:39: > ares@0.1.0 start
2026-08-04 07:09:39: > next start
2026-08-04 07:09:39: 
2026-08-04 07:09:39: 
2026-08-04 07:09:39: > ares@0.1.0 start
2026-08-04 07:09:39: > next start
2026-08-04 07:09:39: 
2026-08-04 07:09:40: 
2026-08-04 07:09:40: > ares@0.1.0 start
2026-08-04 07:09:40: > next start
2026-08-04 07:09:40: 
2026-08-04 07:09:40: 
2026-08-04 07:09:40: > ares@0.1.0 start
2026-08-04 07:09:40: > next start
2026-08-04 07:09:40: 
2026-08-04 07:09:40: 
2026-08-04 07:09:40: > ares@0.1.0 start
2026-08-04 07:09:40: > next start
2026-08-04 07:09:40: 
2026-08-04 07:09:41: 
2026-08-04 07:09:41: > ares@0.1.0 start
2026-08-04 07:09:41: > next start
2026-08-04 07:09:41: 
2026-08-04 07:09:41: 
2026-08-04 07:09:41: > ares@0.1.0 start
2026-08-04 07:09:41: > next start
2026-08-04 07:09:41: 
2026-08-04 07:09:41: 
2026-08-04 07:09:41: > ares@0.1.0 start
2026-08-04 07:09:41: > next start
2026-08-04 07:09:41: 
2026-08-04 07:09:42: 
2026-08-04 07:09:42: > ares@0.1.0 start
2026-08-04 07:09:42: > next start
2026-08-04 07:09:42: 
2026-08-04 07:09:42: 
2026-08-04 07:09:42: > ares@0.1.0 start
2026-08-04 07:09:42: > next start
2026-08-04 07:09:42: 
2026-08-04 07:09:42: 
2026-08-04 07:09:42: > ares@0.1.0 start
2026-08-04 07:09:42: > next start
2026-08-04 07:09:42: 
2026-08-04 07:09:42: 
2026-08-04 07:09:42: > ares@0.1.0 start
2026-08-04 07:09:42: > next start
2026-08-04 07:09:42: 
2026-08-04 07:09:43: 
2026-08-04 07:09:43: > ares@0.1.0 start
2026-08-04 07:09:43: > next start
2026-08-04 07:09:43: 
2026-08-04 07:09:43: 
2026-08-04 07:09:43: > ares@0.1.0 start
2026-08-04 07:09:43: > next start
2026-08-04 07:09:43: 
2026-08-04 07:09:43: 
2026-08-04 07:09:43: > ares@0.1.0 start
2026-08-04 07:09:43: > next start
2026-08-04 07:09:43: 
2026-08-04 07:09:44: 
2026-08-04 07:09:44: > ares@0.1.0 start
2026-08-04 07:09:44: > next start
2026-08-04 07:09:44: 
2026-08-04 07:09:44: 
2026-08-04 07:09:44: > ares@0.1.0 start
2026-08-04 07:09:44: > next start
2026-08-04 07:09:44: 
2026-08-04 07:09:45: 
2026-08-04 07:09:45: > ares@0.1.0 start
2026-08-04 07:09:45: > next start
2026-08-04 07:09:45: 
2026-08-04 07:09:45: 
2026-08-04 07:09:45: > ares@0.1.0 start
2026-08-04 07:09:45: > next start
2026-08-04 07:09:45: 
2026-08-04 07:09:45: 
2026-08-04 07:09:45: > ares@0.1.0 start
2026-08-04 07:09:45: > next start
2026-08-04 07:09:45: 
2026-08-04 07:09:46: 
2026-08-04 07:09:46: > ares@0.1.0 start
2026-08-04 07:09:46: > next start
2026-08-04 07:09:46: 
2026-08-04 07:09:46: 
2026-08-04 07:09:46: > ares@0.1.0 start
2026-08-04 07:09:46: > next start
2026-08-04 07:09:46: 
2026-08-04 07:09:46: 
2026-08-04 07:09:46: > ares@0.1.0 start
2026-08-04 07:09:46: > next start
2026-08-04 07:09:46: 
2026-08-04 07:09:46: 
2026-08-04 07:09:46: > ares@0.1.0 start
2026-08-04 07:09:46: > next start
2026-08-04 07:09:46: 
2026-08-04 07:09:47: 
2026-08-04 07:09:47: > ares@0.1.0 start
2026-08-04 07:09:47: > next start
2026-08-04 07:09:47: 
2026-08-04 07:09:47: 
2026-08-04 07:09:47: > ares@0.1.0 start
2026-08-04 07:09:47: > next start
2026-08-04 07:09:47: 
2026-08-04 07:09:47: 
2026-08-04 07:09:47: > ares@0.1.0 start
2026-08-04 07:09:47: > next start
2026-08-04 07:09:47: 
2026-08-04 07:09:48: 
2026-08-04 07:09:48: > ares@0.1.0 start
2026-08-04 07:09:48: > next start
2026-08-04 07:09:48: 
2026-08-04 07:09:48: 
2026-08-04 07:09:48: > ares@0.1.0 start
2026-08-04 07:09:48: > next start
2026-08-04 07:09:48: 
2026-08-04 07:09:48: 
2026-08-04 07:09:48: > ares@0.1.0 start
2026-08-04 07:09:48: > next start
2026-08-04 07:09:48: 
2026-08-04 07:09:49: 
2026-08-04 07:09:49: > ares@0.1.0 start
2026-08-04 07:09:49: > next start
2026-08-04 07:09:49: 
2026-08-04 07:09:49: 
2026-08-04 07:09:49: > ares@0.1.0 start
2026-08-04 07:09:49: > next start
2026-08-04 07:09:49: 
2026-08-04 07:09:49: 
2026-08-04 07:09:49: > ares@0.1.0 start
2026-08-04 07:09:49: > next start
2026-08-04 07:09:49: 
2026-08-04 07:09:50: 
2026-08-04 07:09:50: > ares@0.1.0 start
2026-08-04 07:09:50: > next start
2026-08-04 07:09:50: 
2026-08-04 07:09:50: 
2026-08-04 07:09:50: > ares@0.1.0 start
2026-08-04 07:09:50: > next start
2026-08-04 07:09:50: 
2026-08-04 07:09:50: 
2026-08-04 07:09:50: > ares@0.1.0 start
2026-08-04 07:09:50: > next start
2026-08-04 07:09:50: 
2026-08-04 07:09:51: 
2026-08-04 07:09:51: > ares@0.1.0 start
2026-08-04 07:09:51: > next start
2026-08-04 07:09:51: 
2026-08-04 07:09:51: 
2026-08-04 07:09:51: > ares@0.1.0 start
2026-08-04 07:09:51: > next start
2026-08-04 07:09:51: 
2026-08-04 07:09:51: 
2026-08-04 07:09:51: > ares@0.1.0 start
2026-08-04 07:09:51: > next start
2026-08-04 07:09:51: 
2026-08-04 07:09:52: 
2026-08-04 07:09:52: > ares@0.1.0 start
2026-08-04 07:09:52: > next start
2026-08-04 07:09:52: 
2026-08-04 07:09:52: 
2026-08-04 07:09:52: > ares@0.1.0 start
2026-08-04 07:09:52: > next start
2026-08-04 07:09:52: 
2026-08-04 07:09:52: 
2026-08-04 07:09:52: > ares@0.1.0 start
2026-08-04 07:09:52: > next start
2026-08-04 07:09:52: 
2026-08-04 07:09:53: 
2026-08-04 07:09:53: > ares@0.1.0 start
2026-08-04 07:09:53: > next start
2026-08-04 07:09:53: 
2026-08-04 07:09:53: 
2026-08-04 07:09:53: > ares@0.1.0 start
2026-08-04 07:09:53: > next start
2026-08-04 07:09:53: 
2026-08-04 07:09:53: 
2026-08-04 07:09:53: > ares@0.1.0 start
2026-08-04 07:09:53: > next start
2026-08-04 07:09:53: 
2026-08-04 07:09:54: 
2026-08-04 07:09:54: > ares@0.1.0 start
2026-08-04 07:09:54: > next start
2026-08-04 07:09:54: 
2026-08-04 07:09:54: 
2026-08-04 07:09:54: > ares@0.1.0 start
2026-08-04 07:09:54: > next start
2026-08-04 07:09:54: 
2026-08-04 07:09:54: 
2026-08-04 07:09:54: > ares@0.1.0 start
2026-08-04 07:09:54: > next start
2026-08-04 07:09:54: 
2026-08-04 07:09:55: 
2026-08-04 07:09:55: > ares@0.1.0 start
2026-08-04 07:09:55: > next start
2026-08-04 07:09:55: 
2026-08-04 07:09:55: 
2026-08-04 07:09:55: > ares@0.1.0 start
2026-08-04 07:09:55: > next start
2026-08-04 07:09:55: 
2026-08-04 07:09:55: 
2026-08-04 07:09:55: > ares@0.1.0 start
2026-08-04 07:09:55: > next start
2026-08-04 07:09:55: 
2026-08-04 07:09:56: 
2026-08-04 07:09:56: > ares@0.1.0 start
2026-08-04 07:09:56: > next start
2026-08-04 07:09:56: 
2026-08-04 07:09:56: 
2026-08-04 07:09:56: > ares@0.1.0 start
2026-08-04 07:09:56: > next start
2026-08-04 07:09:56: 
2026-08-04 07:09:56: 
2026-08-04 07:09:56: > ares@0.1.0 start
2026-08-04 07:09:56: > next start
2026-08-04 07:09:56: 
2026-08-04 07:09:57: 
2026-08-04 07:09:57: > ares@0.1.0 start
2026-08-04 07:09:57: > next start
2026-08-04 07:09:57: 
2026-08-04 07:09:57: 
2026-08-04 07:09:57: > ares@0.1.0 start
2026-08-04 07:09:57: > next start
2026-08-04 07:09:57: 
2026-08-04 07:09:57: 
2026-08-04 07:09:57: > ares@0.1.0 start
2026-08-04 07:09:57: > next start
2026-08-04 07:09:57: 
2026-08-04 07:09:58: 
2026-08-04 07:09:58: > ares@0.1.0 start
2026-08-04 07:09:58: > next start
2026-08-04 07:09:58: 
2026-08-04 07:09:58: 
2026-08-04 07:09:58: > ares@0.1.0 start
2026-08-04 07:09:58: > next start
2026-08-04 07:09:58: 
2026-08-04 07:09:58: 
2026-08-04 07:09:58: > ares@0.1.0 start
2026-08-04 07:09:58: > next start
2026-08-04 07:09:58: 
2026-08-04 07:09:59: 
2026-08-04 07:09:59: > ares@0.1.0 start
2026-08-04 07:09:59: > next start
2026-08-04 07:09:59: 
2026-08-04 07:09:59: 
2026-08-04 07:09:59: > ares@0.1.0 start
2026-08-04 07:09:59: > next start
2026-08-04 07:09:59: 
2026-08-04 07:09:59: 
2026-08-04 07:09:59: > ares@0.1.0 start
2026-08-04 07:09:59: > next start
2026-08-04 07:09:59: 
2026-08-04 07:10:00: 
2026-08-04 07:10:00: > ares@0.1.0 start
2026-08-04 07:10:00: > next start
2026-08-04 07:10:00: 
2026-08-04 07:10:00: 
2026-08-04 07:10:00: > ares@0.1.0 start
2026-08-04 07:10:00: > next start
2026-08-04 07:10:00: 
2026-08-04 07:10:00: 
2026-08-04 07:10:00: > ares@0.1.0 start
2026-08-04 07:10:00: > next start
2026-08-04 07:10:00: 
2026-08-04 07:10:01: 
2026-08-04 07:10:01: > ares@0.1.0 start
2026-08-04 07:10:01: > next start
2026-08-04 07:10:01: 
2026-08-04 07:10:01: 
2026-08-04 07:10:01: > ares@0.1.0 start
2026-08-04 07:10:01: > next start
2026-08-04 07:10:01: 
2026-08-04 07:10:01: 
2026-08-04 07:10:01: > ares@0.1.0 start
2026-08-04 07:10:01: > next start
2026-08-04 07:10:01: 
2026-08-04 07:10:02: 
2026-08-04 07:10:02: > ares@0.1.0 start
2026-08-04 07:10:02: > next start
2026-08-04 07:10:02: 
2026-08-04 07:10:02: 
2026-08-04 07:10:02: > ares@0.1.0 start
2026-08-04 07:10:02: > next start
2026-08-04 07:10:02: 
2026-08-04 07:10:02: 
2026-08-04 07:10:02: > ares@0.1.0 start
2026-08-04 07:10:02: > next start
2026-08-04 07:10:02: 
2026-08-04 07:10:03: 
2026-08-04 07:10:03: > ares@0.1.0 start
2026-08-04 07:10:03: > next start
2026-08-04 07:10:03: 
2026-08-04 07:10:03: 
2026-08-04 07:10:03: > ares@0.1.0 start
2026-08-04 07:10:03: > next start
2026-08-04 07:10:03: 
2026-08-04 07:10:03: 
2026-08-04 07:10:03: > ares@0.1.0 start
2026-08-04 07:10:03: > next start
2026-08-04 07:10:03: 
2026-08-04 07:10:04: 
2026-08-04 07:10:04: > ares@0.1.0 start
2026-08-04 07:10:04: > next start
2026-08-04 07:10:04: 
2026-08-04 07:10:04: 
2026-08-04 07:10:04: > ares@0.1.0 start
2026-08-04 07:10:04: > next start
2026-08-04 07:10:04: 
2026-08-04 07:10:04: 
2026-08-04 07:10:04: > ares@0.1.0 start
2026-08-04 07:10:04: > next start
2026-08-04 07:10:04: 
2026-08-04 07:10:05: 
2026-08-04 07:10:05: > ares@0.1.0 start
2026-08-04 07:10:05: > next start
2026-08-04 07:10:05: 
2026-08-04 07:10:05: 
2026-08-04 07:10:05: > ares@0.1.0 start
2026-08-04 07:10:05: > next start
2026-08-04 07:10:05: 
2026-08-04 07:10:05: 
2026-08-04 07:10:05: > ares@0.1.0 start
2026-08-04 07:10:05: > next start
2026-08-04 07:10:05: 
2026-08-04 07:10:06: 
2026-08-04 07:10:06: > ares@0.1.0 start
2026-08-04 07:10:06: > next start
2026-08-04 07:10:06: 
2026-08-04 07:10:06: 
2026-08-04 07:10:06: > ares@0.1.0 start
2026-08-04 07:10:06: > next start
2026-08-04 07:10:06: 
2026-08-04 07:10:06: 
2026-08-04 07:10:06: > ares@0.1.0 start
2026-08-04 07:10:06: > next start
2026-08-04 07:10:06: 
2026-08-04 07:10:07: 
2026-08-04 07:10:07: > ares@0.1.0 start
2026-08-04 07:10:07: > next start
2026-08-04 07:10:07: 
2026-08-04 07:10:07: 
2026-08-04 07:10:07: > ares@0.1.0 start
2026-08-04 07:10:07: > next start
2026-08-04 07:10:07: 
2026-08-04 07:10:07: 
2026-08-04 07:10:07: > ares@0.1.0 start
2026-08-04 07:10:07: > next start
2026-08-04 07:10:07: 
2026-08-04 07:10:08: 
2026-08-04 07:10:08: > ares@0.1.0 start
2026-08-04 07:10:08: > next start
2026-08-04 07:10:08: 
2026-08-04 07:10:08: 
2026-08-04 07:10:08: > ares@0.1.0 start
2026-08-04 07:10:08: > next start
2026-08-04 07:10:08: 
2026-08-04 07:10:08: 
2026-08-04 07:10:08: > ares@0.1.0 start
2026-08-04 07:10:08: > next start
2026-08-04 07:10:08: 
2026-08-04 07:10:09: 
2026-08-04 07:10:09: > ares@0.1.0 start
2026-08-04 07:10:09: > next start
2026-08-04 07:10:09: 
2026-08-04 07:10:09: 
2026-08-04 07:10:09: > ares@0.1.0 start
2026-08-04 07:10:09: > next start
2026-08-04 07:10:09: 
2026-08-04 07:10:09: 
2026-08-04 07:10:09: > ares@0.1.0 start
2026-08-04 07:10:09: > next start
2026-08-04 07:10:09: 
2026-08-04 07:10:10: 
2026-08-04 07:10:10: > ares@0.1.0 start
2026-08-04 07:10:10: > next start
2026-08-04 07:10:10: 
2026-08-04 07:10:10: 
2026-08-04 07:10:10: > ares@0.1.0 start
2026-08-04 07:10:10: > next start
2026-08-04 07:10:10: 
2026-08-04 07:10:10: 
2026-08-04 07:10:10: > ares@0.1.0 start
2026-08-04 07:10:10: > next start
2026-08-04 07:10:10: 
2026-08-04 07:10:11: 
2026-08-04 07:10:11: > ares@0.1.0 start
2026-08-04 07:10:11: > next start
2026-08-04 07:10:11: 
2026-08-04 07:10:11: 
2026-08-04 07:10:11: > ares@0.1.0 start
2026-08-04 07:10:11: > next start
2026-08-04 07:10:11: 
2026-08-04 07:10:11: 
2026-08-04 07:10:11: > ares@0.1.0 start
2026-08-04 07:10:11: > next start
2026-08-04 07:10:11: 
2026-08-04 07:10:12: 
2026-08-04 07:10:12: > ares@0.1.0 start
2026-08-04 07:10:12: > next start
2026-08-04 07:10:12: 
2026-08-04 07:10:12: 
2026-08-04 07:10:12: > ares@0.1.0 start
2026-08-04 07:10:12: > next start
2026-08-04 07:10:12: 
2026-08-04 07:10:12: 
2026-08-04 07:10:12: > ares@0.1.0 start
2026-08-04 07:10:12: > next start
2026-08-04 07:10:12: 
2026-08-04 07:10:13: 
2026-08-04 07:10:13: > ares@0.1.0 start
2026-08-04 07:10:13: > next start
2026-08-04 07:10:13: 
2026-08-04 07:10:13: 
2026-08-04 07:10:13: > ares@0.1.0 start
2026-08-04 07:10:13: > next start
2026-08-04 07:10:13: 
2026-08-04 07:10:13: 
2026-08-04 07:10:13: > ares@0.1.0 start
2026-08-04 07:10:13: > next start
2026-08-04 07:10:13: 
2026-08-04 07:10:14: 
2026-08-04 07:10:14: > ares@0.1.0 start
2026-08-04 07:10:14: > next start
2026-08-04 07:10:14: 
2026-08-04 07:10:14: 
2026-08-04 07:10:14: > ares@0.1.0 start
2026-08-04 07:10:14: > next start
2026-08-04 07:10:14: 
2026-08-04 07:10:14: 
2026-08-04 07:10:14: > ares@0.1.0 start
2026-08-04 07:10:14: > next start
2026-08-04 07:10:14: 
2026-08-04 07:10:15: 
2026-08-04 07:10:15: > ares@0.1.0 start
2026-08-04 07:10:15: > next start
2026-08-04 07:10:15: 
2026-08-04 07:10:15: 
2026-08-04 07:10:15: > ares@0.1.0 start
2026-08-04 07:10:15: > next start
2026-08-04 07:10:15: 
2026-08-04 07:10:15: 
2026-08-04 07:10:15: > ares@0.1.0 start
2026-08-04 07:10:15: > next start
2026-08-04 07:10:15: 
2026-08-04 07:10:16: 
2026-08-04 07:10:16: > ares@0.1.0 start
2026-08-04 07:10:16: > next start
2026-08-04 07:10:16: 
2026-08-04 07:10:16: 
2026-08-04 07:10:16: > ares@0.1.0 start
2026-08-04 07:10:16: > next start
2026-08-04 07:10:16: 
2026-08-04 07:10:16: 
2026-08-04 07:10:16: > ares@0.1.0 start
2026-08-04 07:10:16: > next start
2026-08-04 07:10:16: 
2026-08-04 07:10:17: 
2026-08-04 07:10:17: > ares@0.1.0 start
2026-08-04 07:10:17: > next start
2026-08-04 07:10:17: 
2026-08-04 07:10:17: 
2026-08-04 07:10:17: > ares@0.1.0 start
2026-08-04 07:10:17: > next start
2026-08-04 07:10:17: 
2026-08-04 07:10:17: 
2026-08-04 07:10:17: > ares@0.1.0 start
2026-08-04 07:10:17: > next start
2026-08-04 07:10:17: 
2026-08-04 07:10:18: 
2026-08-04 07:10:18: > ares@0.1.0 start
2026-08-04 07:10:18: > next start
2026-08-04 07:10:18: 
2026-08-04 07:10:18: 
2026-08-04 07:10:18: > ares@0.1.0 start
2026-08-04 07:10:18: > next start
2026-08-04 07:10:18: 
2026-08-04 07:10:18: 
2026-08-04 07:10:18: > ares@0.1.0 start
2026-08-04 07:10:18: > next start
2026-08-04 07:10:18: 
2026-08-04 07:10:19: 
2026-08-04 07:10:19: > ares@0.1.0 start
2026-08-04 07:10:19: > next start
2026-08-04 07:10:19: 
2026-08-04 07:10:19: 
2026-08-04 07:10:19: > ares@0.1.0 start
2026-08-04 07:10:19: > next start
2026-08-04 07:10:19: 
2026-08-04 07:10:19: 
2026-08-04 07:10:19: > ares@0.1.0 start
2026-08-04 07:10:19: > next start
2026-08-04 07:10:19: 
2026-08-04 07:10:20: 
2026-08-04 07:10:20: > ares@0.1.0 start
2026-08-04 07:10:20: > next start
2026-08-04 07:10:20: 
2026-08-04 07:10:20: 
2026-08-04 07:10:20: > ares@0.1.0 start
2026-08-04 07:10:20: > next start
2026-08-04 07:10:20: 
2026-08-04 07:10:20: 
2026-08-04 07:10:20: > ares@0.1.0 start
2026-08-04 07:10:20: > next start
2026-08-04 07:10:20: 
2026-08-04 07:10:21: 
2026-08-04 07:10:21: > ares@0.1.0 start
2026-08-04 07:10:21: > next start
2026-08-04 07:10:21: 
2026-08-04 07:10:21: 
2026-08-04 07:10:21: > ares@0.1.0 start
2026-08-04 07:10:21: > next start
2026-08-04 07:10:21: 
2026-08-04 07:10:21: 
2026-08-04 07:10:21: > ares@0.1.0 start
2026-08-04 07:10:21: > next start
2026-08-04 07:10:21: 
2026-08-04 07:10:22: 
2026-08-04 07:10:22: > ares@0.1.0 start
2026-08-04 07:10:22: > next start
2026-08-04 07:10:22: 
2026-08-04 07:10:22: 
2026-08-04 07:10:22: > ares@0.1.0 start
2026-08-04 07:10:22: > next start
2026-08-04 07:10:22: 
2026-08-04 07:10:22: 
2026-08-04 07:10:22: > ares@0.1.0 start
2026-08-04 07:10:22: > next start
2026-08-04 07:10:22: 
2026-08-04 07:10:23: 
2026-08-04 07:10:23: > ares@0.1.0 start
2026-08-04 07:10:23: > next start
2026-08-04 07:10:23: 
2026-08-04 07:10:23: 
2026-08-04 07:10:23: > ares@0.1.0 start
2026-08-04 07:10:23: > next start
2026-08-04 07:10:23: 
2026-08-04 07:10:23: 
2026-08-04 07:10:23: > ares@0.1.0 start
2026-08-04 07:10:23: > next start
2026-08-04 07:10:23: 
2026-08-04 07:10:24: 
2026-08-04 07:10:24: > ares@0.1.0 start
2026-08-04 07:10:24: > next start
2026-08-04 07:10:24: 
2026-08-04 07:10:24: 
2026-08-04 07:10:24: > ares@0.1.0 start
2026-08-04 07:10:24: > next start
2026-08-04 07:10:24: 
2026-08-04 07:10:24: 
2026-08-04 07:10:24: > ares@0.1.0 start
2026-08-04 07:10:24: > next start
2026-08-04 07:10:24: 
2026-08-04 07:10:25: 
2026-08-04 07:10:25: > ares@0.1.0 start
2026-08-04 07:10:25: > next start
2026-08-04 07:10:25: 
2026-08-04 07:10:25: 
2026-08-04 07:10:25: > ares@0.1.0 start
2026-08-04 07:10:25: > next start
2026-08-04 07:10:25: 
2026-08-04 07:10:25: 
2026-08-04 07:10:25: > ares@0.1.0 start
2026-08-04 07:10:25: > next start
2026-08-04 07:10:25: 
2026-08-04 07:10:26: 
2026-08-04 07:10:26: > ares@0.1.0 start
2026-08-04 07:10:26: > next start
2026-08-04 07:10:26: 
2026-08-04 07:10:26: 
2026-08-04 07:10:26: > ares@0.1.0 start
2026-08-04 07:10:26: > next start
2026-08-04 07:10:26: 
2026-08-04 07:10:26: 
2026-08-04 07:10:26: > ares@0.1.0 start
2026-08-04 07:10:26: > next start
2026-08-04 07:10:26: 
2026-08-04 07:10:27: 
2026-08-04 07:10:27: > ares@0.1.0 start
2026-08-04 07:10:27: > next start
2026-08-04 07:10:27: 
2026-08-04 07:10:27: 
2026-08-04 07:10:27: > ares@0.1.0 start
2026-08-04 07:10:27: > next start
2026-08-04 07:10:27: 
2026-08-04 07:10:27: 
2026-08-04 07:10:27: > ares@0.1.0 start
2026-08-04 07:10:27: > next start
2026-08-04 07:10:27: 
2026-08-04 07:10:28: 
2026-08-04 07:10:28: > ares@0.1.0 start
2026-08-04 07:10:28: > next start
2026-08-04 07:10:28: 
2026-08-04 07:10:28: 
2026-08-04 07:10:28: > ares@0.1.0 start
2026-08-04 07:10:28: > next start
2026-08-04 07:10:28: 
2026-08-04 07:10:28: 
2026-08-04 07:10:28: > ares@0.1.0 start
2026-08-04 07:10:28: > next start
2026-08-04 07:10:28: 
2026-08-04 07:10:29: 
2026-08-04 07:10:29: > ares@0.1.0 start
2026-08-04 07:10:29: > next start
2026-08-04 07:10:29: 
2026-08-04 07:10:29: 
2026-08-04 07:10:29: > ares@0.1.0 start
2026-08-04 07:10:29: > next start
2026-08-04 07:10:29: 
2026-08-04 07:10:29: 
2026-08-04 07:10:29: > ares@0.1.0 start
2026-08-04 07:10:29: > next start
2026-08-04 07:10:29: 
2026-08-04 07:10:29: 
2026-08-04 07:10:29: > ares@0.1.0 start
2026-08-04 07:10:29: > next start
2026-08-04 07:10:29: 
2026-08-04 07:10:30: 
2026-08-04 07:10:30: > ares@0.1.0 start
2026-08-04 07:10:30: > next start
2026-08-04 07:10:30: 
2026-08-04 07:10:30: 
2026-08-04 07:10:30: > ares@0.1.0 start
2026-08-04 07:10:30: > next start
2026-08-04 07:10:30: 
2026-08-04 07:10:30: 
2026-08-04 07:10:30: > ares@0.1.0 start
2026-08-04 07:10:30: > next start
2026-08-04 07:10:30: 
2026-08-04 07:10:31: 
2026-08-04 07:10:31: > ares@0.1.0 start
2026-08-04 07:10:31: > next start
2026-08-04 07:10:31: 
2026-08-04 07:10:31: 
2026-08-04 07:10:31: > ares@0.1.0 start
2026-08-04 07:10:31: > next start
2026-08-04 07:10:31: 
2026-08-04 07:10:31: 
2026-08-04 07:10:31: > ares@0.1.0 start
2026-08-04 07:10:31: > next start
2026-08-04 07:10:31: 
2026-08-04 07:10:32: 
2026-08-04 07:10:32: > ares@0.1.0 start
2026-08-04 07:10:32: > next start
2026-08-04 07:10:32: 
2026-08-04 07:10:32: 
2026-08-04 07:10:32: > ares@0.1.0 start
2026-08-04 07:10:32: > next start
2026-08-04 07:10:32: 
2026-08-04 07:10:32: 
2026-08-04 07:10:32: > ares@0.1.0 start
2026-08-04 07:10:32: > next start
2026-08-04 07:10:32: 
2026-08-04 07:10:33: 
2026-08-04 07:10:33: > ares@0.1.0 start
2026-08-04 07:10:33: > next start
2026-08-04 07:10:33: 
2026-08-04 07:10:33: 
2026-08-04 07:10:33: > ares@0.1.0 start
2026-08-04 07:10:33: > next start
2026-08-04 07:10:33: 
2026-08-04 07:10:33: 
2026-08-04 07:10:33: > ares@0.1.0 start
2026-08-04 07:10:33: > next start
2026-08-04 07:10:33: 
2026-08-04 07:10:34: 
2026-08-04 07:10:34: > ares@0.1.0 start
2026-08-04 07:10:34: > next start
2026-08-04 07:10:34: 
2026-08-04 07:10:34: 
2026-08-04 07:10:34: > ares@0.1.0 start
2026-08-04 07:10:34: > next start
2026-08-04 07:10:34: 
2026-08-04 07:10:34: 
2026-08-04 07:10:34: > ares@0.1.0 start
2026-08-04 07:10:34: > next start
2026-08-04 07:10:34: 
2026-08-04 07:10:35: 
2026-08-04 07:10:35: > ares@0.1.0 start
2026-08-04 07:10:35: > next start
2026-08-04 07:10:35: 
2026-08-04 07:10:35: 
2026-08-04 07:10:35: > ares@0.1.0 start
2026-08-04 07:10:35: > next start
2026-08-04 07:10:35: 
2026-08-04 07:10:35: 
2026-08-04 07:10:35: > ares@0.1.0 start
2026-08-04 07:10:35: > next start
2026-08-04 07:10:35: 
2026-08-04 07:10:36: 
2026-08-04 07:10:36: > ares@0.1.0 start
2026-08-04 07:10:36: > next start
2026-08-04 07:10:36: 
2026-08-04 07:10:36: 
2026-08-04 07:10:36: > ares@0.1.0 start
2026-08-04 07:10:36: > next start
2026-08-04 07:10:36: 
2026-08-04 07:10:36: 
2026-08-04 07:10:36: > ares@0.1.0 start
2026-08-04 07:10:36: > next start
2026-08-04 07:10:36: 
2026-08-04 07:10:37: 
2026-08-04 07:10:37: > ares@0.1.0 start
2026-08-04 07:10:37: > next start
2026-08-04 07:10:37: 
2026-08-04 07:10:37: 
2026-08-04 07:10:37: > ares@0.1.0 start
2026-08-04 07:10:37: > next start
2026-08-04 07:10:37: 
2026-08-04 07:10:37: 
2026-08-04 07:10:37: > ares@0.1.0 start
2026-08-04 07:10:37: > next start
2026-08-04 07:10:37: 
2026-08-04 07:10:38: 
2026-08-04 07:10:38: > ares@0.1.0 start
2026-08-04 07:10:38: > next start
2026-08-04 07:10:38: 
2026-08-04 07:10:38: 
2026-08-04 07:10:38: > ares@0.1.0 start
2026-08-04 07:10:38: > next start
2026-08-04 07:10:38: 
2026-08-04 07:10:38: 
2026-08-04 07:10:38: > ares@0.1.0 start
2026-08-04 07:10:38: > next start
2026-08-04 07:10:38: 
2026-08-04 07:10:39: 
2026-08-04 07:10:39: > ares@0.1.0 start
2026-08-04 07:10:39: > next start
2026-08-04 07:10:39: 
2026-08-04 07:10:39: 
2026-08-04 07:10:39: > ares@0.1.0 start
2026-08-04 07:10:39: > next start
2026-08-04 07:10:39: 
2026-08-04 07:10:39: 
2026-08-04 07:10:39: > ares@0.1.0 start
2026-08-04 07:10:39: > next start
2026-08-04 07:10:39: 
2026-08-04 07:10:40: 
2026-08-04 07:10:40: > ares@0.1.0 start
2026-08-04 07:10:40: > next start
2026-08-04 07:10:40: 
2026-08-04 07:10:40: 
2026-08-04 07:10:40: > ares@0.1.0 start
2026-08-04 07:10:40: > next start
2026-08-04 07:10:40: 
2026-08-04 07:10:40: 
2026-08-04 07:10:40: > ares@0.1.0 start
2026-08-04 07:10:40: > next start
2026-08-04 07:10:40: 
2026-08-04 07:10:41: 
2026-08-04 07:10:41: > ares@0.1.0 start
2026-08-04 07:10:41: > next start
2026-08-04 07:10:41: 
2026-08-04 07:10:41: 
2026-08-04 07:10:41: > ares@0.1.0 start
2026-08-04 07:10:41: > next start
2026-08-04 07:10:41: 
2026-08-04 07:10:41: 
2026-08-04 07:10:41: > ares@0.1.0 start
2026-08-04 07:10:41: > next start
2026-08-04 07:10:41: 
2026-08-04 07:10:42: 
2026-08-04 07:10:42: > ares@0.1.0 start
2026-08-04 07:10:42: > next start
2026-08-04 07:10:42: 
2026-08-04 07:10:42: 
2026-08-04 07:10:42: > ares@0.1.0 start
2026-08-04 07:10:42: > next start
2026-08-04 07:10:42: 
2026-08-04 07:10:42: 
2026-08-04 07:10:42: > ares@0.1.0 start
2026-08-04 07:10:42: > next start
2026-08-04 07:10:42: 
2026-08-04 07:10:43: 
2026-08-04 07:10:43: > ares@0.1.0 start
2026-08-04 07:10:43: > next start
2026-08-04 07:10:43: 
2026-08-04 07:10:43: 
2026-08-04 07:10:43: > ares@0.1.0 start
2026-08-04 07:10:43: > next start
2026-08-04 07:10:43: 
2026-08-04 07:10:43: 
2026-08-04 07:10:43: > ares@0.1.0 start
2026-08-04 07:10:43: > next start
2026-08-04 07:10:43: 
2026-08-04 07:10:44: 
2026-08-04 07:10:44: > ares@0.1.0 start
2026-08-04 07:10:44: > next start
2026-08-04 07:10:44: 
2026-08-04 07:10:44: 
2026-08-04 07:10:44: > ares@0.1.0 start
2026-08-04 07:10:44: > next start
2026-08-04 07:10:44: 
2026-08-04 07:10:44: 
2026-08-04 07:10:44: > ares@0.1.0 start
2026-08-04 07:10:44: > next start
2026-08-04 07:10:44: 
2026-08-04 07:10:45: 
2026-08-04 07:10:45: > ares@0.1.0 start
2026-08-04 07:10:45: > next start
2026-08-04 07:10:45: 
2026-08-04 07:10:45: 
2026-08-04 07:10:45: > ares@0.1.0 start
2026-08-04 07:10:45: > next start
2026-08-04 07:10:45: 
2026-08-04 07:10:45: 
2026-08-04 07:10:45: > ares@0.1.0 start
2026-08-04 07:10:45: > next start
2026-08-04 07:10:45: 
2026-08-04 07:10:46: 
2026-08-04 07:10:46: > ares@0.1.0 start
2026-08-04 07:10:46: > next start
2026-08-04 07:10:46: 
2026-08-04 07:10:46: 
2026-08-04 07:10:46: > ares@0.1.0 start
2026-08-04 07:10:46: > next start
2026-08-04 07:10:46: 
2026-08-04 07:10:46: 
2026-08-04 07:10:46: > ares@0.1.0 start
2026-08-04 07:10:46: > next start
2026-08-04 07:10:46: 
2026-08-04 07:10:47: 
2026-08-04 07:10:47: > ares@0.1.0 start
2026-08-04 07:10:47: > next start
2026-08-04 07:10:47: 
2026-08-04 07:10:47: 
2026-08-04 07:10:47: > ares@0.1.0 start
2026-08-04 07:10:47: > next start
2026-08-04 07:10:47: 
2026-08-04 07:10:47: 
2026-08-04 07:10:47: > ares@0.1.0 start
2026-08-04 07:10:47: > next start
2026-08-04 07:10:47: 
2026-08-04 07:10:48: 
2026-08-04 07:10:48: > ares@0.1.0 start
2026-08-04 07:10:48: > next start
2026-08-04 07:10:48: 
2026-08-04 07:10:48: 
2026-08-04 07:10:48: > ares@0.1.0 start
2026-08-04 07:10:48: > next start
2026-08-04 07:10:48: 
2026-08-04 07:10:48: 
2026-08-04 07:10:48: > ares@0.1.0 start
2026-08-04 07:10:48: > next start
2026-08-04 07:10:48: 
2026-08-04 07:10:49: 
2026-08-04 07:10:49: > ares@0.1.0 start
2026-08-04 07:10:49: > next start
2026-08-04 07:10:49: 
2026-08-04 07:10:49: 
2026-08-04 07:10:49: > ares@0.1.0 start
2026-08-04 07:10:49: > next start
2026-08-04 07:10:49: 
2026-08-04 07:10:49: 
2026-08-04 07:10:49: > ares@0.1.0 start
2026-08-04 07:10:49: > next start
2026-08-04 07:10:49: 
2026-08-04 07:10:50: 
2026-08-04 07:10:50: > ares@0.1.0 start
2026-08-04 07:10:50: > next start
2026-08-04 07:10:50: 
2026-08-04 07:10:50: 
2026-08-04 07:10:50: > ares@0.1.0 start
2026-08-04 07:10:50: > next start
2026-08-04 07:10:50: 
2026-08-04 07:10:50: 
2026-08-04 07:10:50: > ares@0.1.0 start
2026-08-04 07:10:50: > next start
2026-08-04 07:10:50: 
2026-08-04 07:10:51: 
2026-08-04 07:10:51: > ares@0.1.0 start
2026-08-04 07:10:51: > next start
2026-08-04 07:10:51: 
2026-08-04 07:10:51: 
2026-08-04 07:10:51: > ares@0.1.0 start
2026-08-04 07:10:51: > next start
2026-08-04 07:10:51: 
2026-08-04 07:10:51: 
2026-08-04 07:10:51: > ares@0.1.0 start
2026-08-04 07:10:51: > next start
2026-08-04 07:10:51: 
2026-08-04 07:10:52: 
2026-08-04 07:10:52: > ares@0.1.0 start
2026-08-04 07:10:52: > next start
2026-08-04 07:10:52: 
2026-08-04 07:10:52: 
2026-08-04 07:10:52: > ares@0.1.0 start
2026-08-04 07:10:52: > next start
2026-08-04 07:10:52: 
2026-08-04 07:10:52: 
2026-08-04 07:10:52: > ares@0.1.0 start
2026-08-04 07:10:52: > next start
2026-08-04 07:10:52: 
2026-08-04 07:10:53: 
2026-08-04 07:10:53: > ares@0.1.0 start
2026-08-04 07:10:53: > next start
2026-08-04 07:10:53: 
2026-08-04 07:10:53: 
2026-08-04 07:10:53: > ares@0.1.0 start
2026-08-04 07:10:53: > next start
2026-08-04 07:10:53: 
2026-08-04 07:10:53: 
2026-08-04 07:10:53: > ares@0.1.0 start
2026-08-04 07:10:53: > next start
2026-08-04 07:10:53: 
2026-08-04 07:10:54: 
2026-08-04 07:10:54: > ares@0.1.0 start
2026-08-04 07:10:54: > next start
2026-08-04 07:10:54: 
2026-08-04 07:10:54: 
2026-08-04 07:10:54: > ares@0.1.0 start
2026-08-04 07:10:54: > next start
2026-08-04 07:10:54: 
2026-08-04 07:10:54: 
2026-08-04 07:10:54: > ares@0.1.0 start
2026-08-04 07:10:54: > next start
2026-08-04 07:10:54: 
2026-08-04 07:10:55: 
2026-08-04 07:10:55: > ares@0.1.0 start
2026-08-04 07:10:55: > next start
2026-08-04 07:10:55: 
2026-08-04 07:10:55: 
2026-08-04 07:10:55: > ares@0.1.0 start
2026-08-04 07:10:55: > next start
2026-08-04 07:10:55: 
2026-08-04 07:10:55: 
2026-08-04 07:10:55: > ares@0.1.0 start
2026-08-04 07:10:55: > next start
2026-08-04 07:10:55: 
2026-08-04 07:10:56: 
2026-08-04 07:10:56: > ares@0.1.0 start
2026-08-04 07:10:56: > next start
2026-08-04 07:10:56: 
2026-08-04 07:10:56: 
2026-08-04 07:10:56: > ares@0.1.0 start
2026-08-04 07:10:56: > next start
2026-08-04 07:10:56: 
2026-08-04 07:10:56: 
2026-08-04 07:10:56: > ares@0.1.0 start
2026-08-04 07:10:56: > next start
2026-08-04 07:10:56: 
2026-08-04 07:10:57: 
2026-08-04 07:10:57: > ares@0.1.0 start
2026-08-04 07:10:57: > next start
2026-08-04 07:10:57: 
2026-08-04 07:10:57: 
2026-08-04 07:10:57: > ares@0.1.0 start
2026-08-04 07:10:57: > next start
2026-08-04 07:10:57: 
2026-08-04 07:10:57: 
2026-08-04 07:10:57: > ares@0.1.0 start
2026-08-04 07:10:57: > next start
2026-08-04 07:10:57: 
2026-08-04 07:10:58: 
2026-08-04 07:10:58: > ares@0.1.0 start
2026-08-04 07:10:58: > next start
2026-08-04 07:10:58: 
2026-08-04 07:10:58: 
2026-08-04 07:10:58: > ares@0.1.0 start
2026-08-04 07:10:58: > next start
2026-08-04 07:10:58: 
2026-08-04 07:10:58: 
2026-08-04 07:10:58: > ares@0.1.0 start
2026-08-04 07:10:58: > next start
2026-08-04 07:10:58: 
2026-08-04 07:10:59: 
2026-08-04 07:10:59: > ares@0.1.0 start
2026-08-04 07:10:59: > next start
2026-08-04 07:10:59: 
2026-08-04 07:10:59: 
2026-08-04 07:10:59: > ares@0.1.0 start
2026-08-04 07:10:59: > next start
2026-08-04 07:10:59: 
2026-08-04 07:10:59: 
2026-08-04 07:10:59: > ares@0.1.0 start
2026-08-04 07:10:59: > next start
2026-08-04 07:10:59: 
2026-08-04 07:11:00: 
2026-08-04 07:11:00: > ares@0.1.0 start
2026-08-04 07:11:00: > next start
2026-08-04 07:11:00: 
2026-08-04 07:11:00: 
2026-08-04 07:11:00: > ares@0.1.0 start
2026-08-04 07:11:00: > next start
2026-08-04 07:11:00: 
2026-08-04 07:11:00: 
2026-08-04 07:11:00: > ares@0.1.0 start
2026-08-04 07:11:00: > next start
2026-08-04 07:11:00: 
2026-08-04 07:11:01: 
2026-08-04 07:11:01: > ares@0.1.0 start
2026-08-04 07:11:01: > next start
2026-08-04 07:11:01: 
2026-08-04 07:11:01: 
2026-08-04 07:11:01: > ares@0.1.0 start
2026-08-04 07:11:01: > next start
2026-08-04 07:11:01: 
2026-08-04 07:11:01: 
2026-08-04 07:11:01: > ares@0.1.0 start
2026-08-04 07:11:01: > next start
2026-08-04 07:11:01: 
2026-08-04 07:11:02: 
2026-08-04 07:11:02: > ares@0.1.0 start
2026-08-04 07:11:02: > next start
2026-08-04 07:11:02: 
2026-08-04 07:11:02: 
2026-08-04 07:11:02: > ares@0.1.0 start
2026-08-04 07:11:02: > next start
2026-08-04 07:11:02: 
2026-08-04 07:11:02: 
2026-08-04 07:11:02: > ares@0.1.0 start
2026-08-04 07:11:02: > next start
2026-08-04 07:11:02: 
2026-08-04 07:11:03: 
2026-08-04 07:11:03: > ares@0.1.0 start
2026-08-04 07:11:03: > next start
2026-08-04 07:11:03: 
2026-08-04 07:11:03: 
2026-08-04 07:11:03: > ares@0.1.0 start
2026-08-04 07:11:03: > next start
2026-08-04 07:11:03: 
2026-08-04 07:11:03: 
2026-08-04 07:11:03: > ares@0.1.0 start
2026-08-04 07:11:03: > next start
2026-08-04 07:11:03: 
2026-08-04 07:11:04: 
2026-08-04 07:11:04: > ares@0.1.0 start
2026-08-04 07:11:04: > next start
2026-08-04 07:11:04: 
2026-08-04 07:11:04: 
2026-08-04 07:11:04: > ares@0.1.0 start
2026-08-04 07:11:04: > next start
2026-08-04 07:11:04: 
2026-08-04 07:11:04: 
2026-08-04 07:11:04: > ares@0.1.0 start
2026-08-04 07:11:04: > next start
2026-08-04 07:11:04: 
2026-08-04 07:11:05: 
2026-08-04 07:11:05: > ares@0.1.0 start
2026-08-04 07:11:05: > next start
2026-08-04 07:11:05: 
2026-08-04 07:11:05: 
2026-08-04 07:11:05: > ares@0.1.0 start
2026-08-04 07:11:05: > next start
2026-08-04 07:11:05: 
2026-08-04 07:11:05: 
2026-08-04 07:11:05: > ares@0.1.0 start
2026-08-04 07:11:05: > next start
2026-08-04 07:11:05: 
2026-08-04 07:11:06: 
2026-08-04 07:11:06: > ares@0.1.0 start
2026-08-04 07:11:06: > next start
2026-08-04 07:11:06: 
2026-08-04 07:11:06: 
2026-08-04 07:11:06: > ares@0.1.0 start
2026-08-04 07:11:06: > next start
2026-08-04 07:11:06: 
2026-08-04 07:11:06: 
2026-08-04 07:11:06: > ares@0.1.0 start
2026-08-04 07:11:06: > next start
2026-08-04 07:11:06: 
2026-08-04 07:11:07: 
2026-08-04 07:11:07: > ares@0.1.0 start
2026-08-04 07:11:07: > next start
2026-08-04 07:11:07: 
2026-08-04 07:11:07: 
2026-08-04 07:11:07: > ares@0.1.0 start
2026-08-04 07:11:07: > next start
2026-08-04 07:11:07: 
2026-08-04 07:11:07: 
2026-08-04 07:11:07: > ares@0.1.0 start
2026-08-04 07:11:07: > next start
2026-08-04 07:11:07: 
2026-08-04 07:11:08: 
2026-08-04 07:11:08: > ares@0.1.0 start
2026-08-04 07:11:08: > next start
2026-08-04 07:11:08: 
2026-08-04 07:11:08: 
2026-08-04 07:11:08: > ares@0.1.0 start
2026-08-04 07:11:08: > next start
2026-08-04 07:11:08: 
2026-08-04 07:11:08: 
2026-08-04 07:11:08: > ares@0.1.0 start
2026-08-04 07:11:08: > next start
2026-08-04 07:11:08: 
2026-08-04 07:11:09: 
2026-08-04 07:11:09: > ares@0.1.0 start
2026-08-04 07:11:09: > next start
2026-08-04 07:11:09: 
2026-08-04 07:11:09: 
2026-08-04 07:11:09: > ares@0.1.0 start
2026-08-04 07:11:09: > next start
2026-08-04 07:11:09: 
2026-08-04 07:11:09: 
2026-08-04 07:11:09: > ares@0.1.0 start
2026-08-04 07:11:09: > next start
2026-08-04 07:11:09: 
2026-08-04 07:11:10: 
2026-08-04 07:11:10: > ares@0.1.0 start
2026-08-04 07:11:10: > next start
2026-08-04 07:11:10: 
2026-08-04 07:11:10: 
2026-08-04 07:11:10: > ares@0.1.0 start
2026-08-04 07:11:10: > next start
2026-08-04 07:11:10: 
2026-08-04 07:11:10: 
2026-08-04 07:11:10: > ares@0.1.0 start
2026-08-04 07:11:10: > next start
2026-08-04 07:11:10: 
2026-08-04 07:11:11: 
2026-08-04 07:11:11: > ares@0.1.0 start
2026-08-04 07:11:11: > next start
2026-08-04 07:11:11: 
2026-08-04 07:11:11: 
2026-08-04 07:11:11: > ares@0.1.0 start
2026-08-04 07:11:11: > next start
2026-08-04 07:11:11: 
2026-08-04 07:11:11: 
2026-08-04 07:11:11: > ares@0.1.0 start
2026-08-04 07:11:11: > next start
2026-08-04 07:11:11: 
2026-08-04 07:11:12: 
2026-08-04 07:11:12: > ares@0.1.0 start
2026-08-04 07:11:12: > next start
2026-08-04 07:11:12: 
2026-08-04 07:11:12: 
2026-08-04 07:11:12: > ares@0.1.0 start
2026-08-04 07:11:12: > next start
2026-08-04 07:11:12: 
2026-08-04 07:11:12: 
2026-08-04 07:11:12: > ares@0.1.0 start
2026-08-04 07:11:12: > next start
2026-08-04 07:11:12: 
2026-08-04 07:11:13: 
2026-08-04 07:11:13: > ares@0.1.0 start
2026-08-04 07:11:13: > next start
2026-08-04 07:11:13: 
2026-08-04 07:11:13: 
2026-08-04 07:11:13: > ares@0.1.0 start
2026-08-04 07:11:13: > next start
2026-08-04 07:11:13: 
2026-08-04 07:11:13: 
2026-08-04 07:11:13: > ares@0.1.0 start
2026-08-04 07:11:13: > next start
2026-08-04 07:11:13: 
2026-08-04 07:11:14: 
2026-08-04 07:11:14: > ares@0.1.0 start
2026-08-04 07:11:14: > next start
2026-08-04 07:11:14: 
2026-08-04 07:11:14: 
2026-08-04 07:11:14: > ares@0.1.0 start
2026-08-04 07:11:14: > next start
2026-08-04 07:11:14: 
2026-08-04 07:11:14: 
2026-08-04 07:11:14: > ares@0.1.0 start
2026-08-04 07:11:14: > next start
2026-08-04 07:11:14: 
2026-08-04 07:11:15: 
2026-08-04 07:11:15: > ares@0.1.0 start
2026-08-04 07:11:15: > next start
2026-08-04 07:11:15: 
2026-08-04 07:11:15: 
2026-08-04 07:11:15: > ares@0.1.0 start
2026-08-04 07:11:15: > next start
2026-08-04 07:11:15: 
2026-08-04 07:11:15: 
2026-08-04 07:11:15: > ares@0.1.0 start
2026-08-04 07:11:15: > next start
2026-08-04 07:11:15: 
2026-08-04 07:11:16: 
2026-08-04 07:11:16: > ares@0.1.0 start
2026-08-04 07:11:16: > next start
2026-08-04 07:11:16: 
2026-08-04 07:11:16: 
2026-08-04 07:11:16: > ares@0.1.0 start
2026-08-04 07:11:16: > next start
2026-08-04 07:11:16: 
2026-08-04 07:11:16: 
2026-08-04 07:11:16: > ares@0.1.0 start
2026-08-04 07:11:16: > next start
2026-08-04 07:11:16: 
2026-08-04 07:11:17: 
2026-08-04 07:11:17: > ares@0.1.0 start
2026-08-04 07:11:17: > next start
2026-08-04 07:11:17: 
2026-08-04 07:11:17: 
2026-08-04 07:11:17: > ares@0.1.0 start
2026-08-04 07:11:17: > next start
2026-08-04 07:11:17: 
2026-08-04 07:11:17: 
2026-08-04 07:11:17: > ares@0.1.0 start
2026-08-04 07:11:17: > next start
2026-08-04 07:11:17: 
2026-08-04 07:11:18: 
2026-08-04 07:11:18: > ares@0.1.0 start
2026-08-04 07:11:18: > next start
2026-08-04 07:11:18: 
2026-08-04 07:11:18: 
2026-08-04 07:11:18: > ares@0.1.0 start
2026-08-04 07:11:18: > next start
2026-08-04 07:11:18: 
2026-08-04 07:11:18: 
2026-08-04 07:11:18: > ares@0.1.0 start
2026-08-04 07:11:18: > next start
2026-08-04 07:11:18: 
2026-08-04 07:11:19: 
2026-08-04 07:11:19: > ares@0.1.0 start
2026-08-04 07:11:19: > next start
2026-08-04 07:11:19: 
2026-08-04 07:11:19: 
2026-08-04 07:11:19: > ares@0.1.0 start
2026-08-04 07:11:19: > next start
2026-08-04 07:11:19: 
2026-08-04 07:11:19: 
2026-08-04 07:11:19: > ares@0.1.0 start
2026-08-04 07:11:19: > next start
2026-08-04 07:11:19: 
2026-08-04 07:11:20: 
2026-08-04 07:11:20: > ares@0.1.0 start
2026-08-04 07:11:20: > next start
2026-08-04 07:11:20: 
2026-08-04 07:11:20: 
2026-08-04 07:11:20: > ares@0.1.0 start
2026-08-04 07:11:20: > next start
2026-08-04 07:11:20: 
2026-08-04 07:11:20: 
2026-08-04 07:11:20: > ares@0.1.0 start
2026-08-04 07:11:20: > next start
2026-08-04 07:11:20: 
2026-08-04 07:11:21: 
2026-08-04 07:11:21: > ares@0.1.0 start
2026-08-04 07:11:21: > next start
2026-08-04 07:11:21: 
2026-08-04 07:11:21: 
2026-08-04 07:11:21: > ares@0.1.0 start
2026-08-04 07:11:21: > next start
2026-08-04 07:11:21: 
2026-08-04 07:11:21: 
2026-08-04 07:11:21: > ares@0.1.0 start
2026-08-04 07:11:21: > next start
2026-08-04 07:11:21: 
2026-08-04 07:11:22: 
2026-08-04 07:11:22: > ares@0.1.0 start
2026-08-04 07:11:22: > next start
2026-08-04 07:11:22: 
2026-08-04 07:11:22: 
2026-08-04 07:11:22: > ares@0.1.0 start
2026-08-04 07:11:22: > next start
2026-08-04 07:11:22: 
2026-08-04 07:11:23: 
2026-08-04 07:11:23: > ares@0.1.0 start
2026-08-04 07:11:23: > next start
2026-08-04 07:11:23: 
2026-08-04 07:11:23: 
2026-08-04 07:11:23: > ares@0.1.0 start
2026-08-04 07:11:23: > next start
2026-08-04 07:11:23: 
2026-08-04 07:11:23: 
2026-08-04 07:11:23: > ares@0.1.0 start
2026-08-04 07:11:23: > next start
2026-08-04 07:11:23: 
2026-08-04 07:11:24: 
2026-08-04 07:11:24: > ares@0.1.0 start
2026-08-04 07:11:24: > next start
2026-08-04 07:11:24: 
2026-08-04 07:11:24: 
2026-08-04 07:11:24: > ares@0.1.0 start
2026-08-04 07:11:24: > next start
2026-08-04 07:11:24: 
2026-08-04 07:11:24: 
2026-08-04 07:11:24: > ares@0.1.0 start
2026-08-04 07:11:24: > next start
2026-08-04 07:11:24: 
2026-08-04 07:11:25: 
2026-08-04 07:11:25: > ares@0.1.0 start
2026-08-04 07:11:25: > next start
2026-08-04 07:11:25: 
2026-08-04 07:11:25: 
2026-08-04 07:11:25: > ares@0.1.0 start
2026-08-04 07:11:25: > next start
2026-08-04 07:11:25: 
2026-08-04 07:11:25: 
2026-08-04 07:11:25: > ares@0.1.0 start
2026-08-04 07:11:25: > next start
2026-08-04 07:11:25: 
2026-08-04 07:11:26: 
2026-08-04 07:11:26: > ares@0.1.0 start
2026-08-04 07:11:26: > next start
2026-08-04 07:11:26: 
2026-08-04 07:11:26: 
2026-08-04 07:11:26: > ares@0.1.0 start
2026-08-04 07:11:26: > next start
2026-08-04 07:11:26: 
2026-08-04 07:11:26: 
2026-08-04 07:11:26: > ares@0.1.0 start
2026-08-04 07:11:26: > next start
2026-08-04 07:11:26: 
2026-08-04 07:11:27: 
2026-08-04 07:11:27: > ares@0.1.0 start
2026-08-04 07:11:27: > next start
2026-08-04 07:11:27: 
2026-08-04 07:11:27: 
2026-08-04 07:11:27: > ares@0.1.0 start
2026-08-04 07:11:27: > next start
2026-08-04 07:11:27: 
2026-08-04 07:11:27: 
2026-08-04 07:11:27: > ares@0.1.0 start
2026-08-04 07:11:27: > next start
2026-08-04 07:11:27: 
2026-08-04 07:11:28: 
2026-08-04 07:11:28: > ares@0.1.0 start
2026-08-04 07:11:28: > next start
2026-08-04 07:11:28: 
2026-08-04 07:11:28: 
2026-08-04 07:11:28: > ares@0.1.0 start
2026-08-04 07:11:28: > next start
2026-08-04 07:11:28: 
2026-08-04 07:11:28: 
2026-08-04 07:11:28: > ares@0.1.0 start
2026-08-04 07:11:28: > next start
2026-08-04 07:11:28: 
2026-08-04 07:11:29: 
2026-08-04 07:11:29: > ares@0.1.0 start
2026-08-04 07:11:29: > next start
2026-08-04 07:11:29: 
2026-08-04 07:11:29: 
2026-08-04 07:11:29: > ares@0.1.0 start
2026-08-04 07:11:29: > next start
2026-08-04 07:11:29: 
2026-08-04 07:11:29: 
2026-08-04 07:11:29: > ares@0.1.0 start
2026-08-04 07:11:29: > next start
2026-08-04 07:11:29: 
2026-08-04 07:11:30: 
2026-08-04 07:11:30: > ares@0.1.0 start
2026-08-04 07:11:30: > next start
2026-08-04 07:11:30: 
2026-08-04 07:11:30: 
2026-08-04 07:11:30: > ares@0.1.0 start
2026-08-04 07:11:30: > next start
2026-08-04 07:11:30: 
2026-08-04 07:11:30: 
2026-08-04 07:11:30: > ares@0.1.0 start
2026-08-04 07:11:30: > next start
2026-08-04 07:11:30: 
2026-08-04 07:11:31: 
2026-08-04 07:11:31: > ares@0.1.0 start
2026-08-04 07:11:31: > next start
2026-08-04 07:11:31: 
2026-08-04 07:11:31: 
2026-08-04 07:11:31: > ares@0.1.0 start
2026-08-04 07:11:31: > next start
2026-08-04 07:11:31: 
2026-08-04 07:11:31: 
2026-08-04 07:11:31: > ares@0.1.0 start
2026-08-04 07:11:31: > next start
2026-08-04 07:11:31: 
2026-08-04 07:11:32: 
2026-08-04 07:11:32: > ares@0.1.0 start
2026-08-04 07:11:32: > next start
2026-08-04 07:11:32: 
2026-08-04 07:11:32: 
2026-08-04 07:11:32: > ares@0.1.0 start
2026-08-04 07:11:32: > next start
2026-08-04 07:11:32: 
2026-08-04 07:11:32: 
2026-08-04 07:11:32: > ares@0.1.0 start
2026-08-04 07:11:32: > next start
2026-08-04 07:11:32: 
2026-08-04 07:11:33: 
2026-08-04 07:11:33: > ares@0.1.0 start
2026-08-04 07:11:33: > next start
2026-08-04 07:11:33: 
2026-08-04 07:11:33: 
2026-08-04 07:11:33: > ares@0.1.0 start
2026-08-04 07:11:33: > next start
2026-08-04 07:11:33: 
2026-08-04 07:11:34: 
2026-08-04 07:11:34: > ares@0.1.0 start
2026-08-04 07:11:34: > next start
2026-08-04 07:11:34: 
2026-08-04 07:11:34: 
2026-08-04 07:11:34: > ares@0.1.0 start
2026-08-04 07:11:34: > next start
2026-08-04 07:11:34: 
2026-08-04 07:11:35: 
2026-08-04 07:11:35: > ares@0.1.0 start
2026-08-04 07:11:35: > next start
2026-08-04 07:11:35: 
2026-08-04 07:11:35: 
2026-08-04 07:11:35: > ares@0.1.0 start
2026-08-04 07:11:35: > next start
2026-08-04 07:11:35: 
2026-08-04 07:11:36: 
2026-08-04 07:11:36: > ares@0.1.0 start
2026-08-04 07:11:36: > next start
2026-08-04 07:11:36: 
2026-08-04 07:11:36: 
2026-08-04 07:11:36: > ares@0.1.0 start
2026-08-04 07:11:36: > next start
2026-08-04 07:11:36: 
2026-08-04 07:11:36: 
2026-08-04 07:11:36: > ares@0.1.0 start
2026-08-04 07:11:36: > next start
2026-08-04 07:11:36: 
2026-08-04 07:11:37: 
2026-08-04 07:11:37: > ares@0.1.0 start
2026-08-04 07:11:37: > next start
2026-08-04 07:11:37: 
2026-08-04 07:11:37: 
2026-08-04 07:11:37: > ares@0.1.0 start
2026-08-04 07:11:37: > next start
2026-08-04 07:11:37: 
2026-08-04 07:11:38: 
2026-08-04 07:11:38: > ares@0.1.0 start
2026-08-04 07:11:38: > next start
2026-08-04 07:11:38: 
2026-08-04 07:11:38: 
2026-08-04 07:11:38: > ares@0.1.0 start
2026-08-04 07:11:38: > next start
2026-08-04 07:11:38: 
2026-08-04 07:11:39: 
2026-08-04 07:11:39: > ares@0.1.0 start
2026-08-04 07:11:39: > next start
2026-08-04 07:11:39: 
2026-08-04 07:11:40: 
2026-08-04 07:11:40: > ares@0.1.0 start
2026-08-04 07:11:40: > next start
2026-08-04 07:11:40: 
2026-08-04 07:11:40: 
2026-08-04 07:11:40: > ares@0.1.0 start
2026-08-04 07:11:40: > next start
2026-08-04 07:11:40: 
2026-08-04 07:11:40: 
2026-08-04 07:11:40: > ares@0.1.0 start
2026-08-04 07:11:40: > next start
2026-08-04 07:11:40: 
2026-08-04 07:11:41: 
2026-08-04 07:11:41: > ares@0.1.0 start
2026-08-04 07:11:41: > next start
2026-08-04 07:11:41: 
2026-08-04 07:11:41: 
2026-08-04 07:11:41: > ares@0.1.0 start
2026-08-04 07:11:41: > next start
2026-08-04 07:11:41: 
2026-08-04 07:11:41: 
2026-08-04 07:11:41: > ares@0.1.0 start
2026-08-04 07:11:41: > next start
2026-08-04 07:11:41: 
2026-08-04 07:11:42: 
2026-08-04 07:11:42: > ares@0.1.0 start
2026-08-04 07:11:42: > next start
2026-08-04 07:11:42: 
2026-08-04 07:11:42: 
2026-08-04 07:11:42: > ares@0.1.0 start
2026-08-04 07:11:42: > next start
2026-08-04 07:11:42: 
2026-08-04 07:11:43: 
2026-08-04 07:11:43: > ares@0.1.0 start
2026-08-04 07:11:43: > next start
2026-08-04 07:11:43: 
2026-08-04 07:11:43: 
2026-08-04 07:11:43: > ares@0.1.0 start
2026-08-04 07:11:43: > next start
2026-08-04 07:11:43: 
2026-08-04 07:11:44: 
2026-08-04 07:11:44: > ares@0.1.0 start
2026-08-04 07:11:44: > next start
2026-08-04 07:11:44: 
2026-08-04 07:11:44: 
2026-08-04 07:11:44: > ares@0.1.0 start
2026-08-04 07:11:44: > next start
2026-08-04 07:11:44: 
2026-08-04 07:11:44: 
2026-08-04 07:11:44: > ares@0.1.0 start
2026-08-04 07:11:44: > next start
2026-08-04 07:11:44: 
2026-08-04 07:11:45: 
2026-08-04 07:11:45: > ares@0.1.0 start
2026-08-04 07:11:45: > next start
2026-08-04 07:11:45: 
2026-08-04 07:11:45: 
2026-08-04 07:11:45: > ares@0.1.0 start
2026-08-04 07:11:45: > next start
2026-08-04 07:11:45: 
2026-08-04 07:11:45: 
2026-08-04 07:11:45: > ares@0.1.0 start
2026-08-04 07:11:45: > next start
2026-08-04 07:11:45: 
2026-08-04 07:11:46: 
2026-08-04 07:11:46: > ares@0.1.0 start
2026-08-04 07:11:46: > next start
2026-08-04 07:11:46: 
2026-08-04 07:11:46: 
2026-08-04 07:11:46: > ares@0.1.0 start
2026-08-04 07:11:46: > next start
2026-08-04 07:11:46: 
2026-08-04 07:11:46: 
2026-08-04 07:11:46: > ares@0.1.0 start
2026-08-04 07:11:46: > next start
2026-08-04 07:11:46: 
2026-08-04 07:11:47: 
2026-08-04 07:11:47: > ares@0.1.0 start
2026-08-04 07:11:47: > next start
2026-08-04 07:11:47: 
2026-08-04 07:11:47: 
2026-08-04 07:11:47: > ares@0.1.0 start
2026-08-04 07:11:47: > next start
2026-08-04 07:11:47: 
2026-08-04 07:11:47: 
2026-08-04 07:11:47: > ares@0.1.0 start
2026-08-04 07:11:47: > next start
2026-08-04 07:11:47: 
2026-08-04 07:11:48: 
2026-08-04 07:11:48: > ares@0.1.0 start
2026-08-04 07:11:48: > next start
2026-08-04 07:11:48: 
2026-08-04 07:11:48: 
2026-08-04 07:11:48: > ares@0.1.0 start
2026-08-04 07:11:48: > next start
2026-08-04 07:11:48: 
2026-08-04 07:11:48: 
2026-08-04 07:11:48: > ares@0.1.0 start
2026-08-04 07:11:48: > next start
2026-08-04 07:11:48: 
2026-08-04 07:11:49: 
2026-08-04 07:11:49: > ares@0.1.0 start
2026-08-04 07:11:49: > next start
2026-08-04 07:11:49: 
2026-08-04 07:11:49: 
2026-08-04 07:11:49: > ares@0.1.0 start
2026-08-04 07:11:49: > next start
2026-08-04 07:11:49: 
2026-08-04 07:11:49: 
2026-08-04 07:11:49: > ares@0.1.0 start
2026-08-04 07:11:49: > next start
2026-08-04 07:11:49: 
2026-08-04 07:11:50: 
2026-08-04 07:11:50: > ares@0.1.0 start
2026-08-04 07:11:50: > next start
2026-08-04 07:11:50: 
2026-08-04 07:11:50: 
2026-08-04 07:11:50: > ares@0.1.0 start
2026-08-04 07:11:50: > next start
2026-08-04 07:11:50: 
2026-08-04 07:11:50: 
2026-08-04 07:11:50: > ares@0.1.0 start
2026-08-04 07:11:50: > next start
2026-08-04 07:11:50: 
2026-08-04 07:11:51: 
2026-08-04 07:11:51: > ares@0.1.0 start
2026-08-04 07:11:51: > next start
2026-08-04 07:11:51: 
2026-08-04 07:11:51: 
2026-08-04 07:11:51: > ares@0.1.0 start
2026-08-04 07:11:51: > next start
2026-08-04 07:11:51: 
2026-08-04 07:11:51: 
2026-08-04 07:11:51: > ares@0.1.0 start
2026-08-04 07:11:51: > next start
2026-08-04 07:11:51: 
2026-08-04 07:11:52: 
2026-08-04 07:11:52: > ares@0.1.0 start
2026-08-04 07:11:52: > next start
2026-08-04 07:11:52: 
2026-08-04 07:11:52: 
2026-08-04 07:11:52: > ares@0.1.0 start
2026-08-04 07:11:52: > next start
2026-08-04 07:11:52: 
2026-08-04 07:11:52: 
2026-08-04 07:11:52: > ares@0.1.0 start
2026-08-04 07:11:52: > next start
2026-08-04 07:11:52: 
2026-08-04 07:11:53: 
2026-08-04 07:11:53: > ares@0.1.0 start
2026-08-04 07:11:53: > next start
2026-08-04 07:11:53: 
2026-08-04 07:11:53: 
2026-08-04 07:11:53: > ares@0.1.0 start
2026-08-04 07:11:53: > next start
2026-08-04 07:11:53: 
2026-08-04 07:11:53: 
2026-08-04 07:11:53: > ares@0.1.0 start
2026-08-04 07:11:53: > next start
2026-08-04 07:11:53: 
2026-08-04 07:11:54: 
2026-08-04 07:11:54: > ares@0.1.0 start
2026-08-04 07:11:54: > next start
2026-08-04 07:11:54: 
2026-08-04 07:11:54: 
2026-08-04 07:11:54: > ares@0.1.0 start
2026-08-04 07:11:54: > next start
2026-08-04 07:11:54: 
2026-08-04 07:11:54: 
2026-08-04 07:11:54: > ares@0.1.0 start
2026-08-04 07:11:54: > next start
2026-08-04 07:11:54: 
2026-08-04 07:11:55: 
2026-08-04 07:11:55: > ares@0.1.0 start
2026-08-04 07:11:55: > next start
2026-08-04 07:11:55: 
2026-08-04 07:11:55: 
2026-08-04 07:11:55: > ares@0.1.0 start
2026-08-04 07:11:55: > next start
2026-08-04 07:11:55: 
2026-08-04 07:11:55: 
2026-08-04 07:11:55: > ares@0.1.0 start
2026-08-04 07:11:55: > next start
2026-08-04 07:11:55: 
2026-08-04 07:11:56: 
2026-08-04 07:11:56: > ares@0.1.0 start
2026-08-04 07:11:56: > next start
2026-08-04 07:11:56: 
2026-08-04 07:11:56: 
2026-08-04 07:11:56: > ares@0.1.0 start
2026-08-04 07:11:56: > next start
2026-08-04 07:11:56: 
2026-08-04 07:11:56: 
2026-08-04 07:11:56: > ares@0.1.0 start
2026-08-04 07:11:56: > next start
2026-08-04 07:11:56: 
2026-08-04 07:11:57: 
2026-08-04 07:11:57: > ares@0.1.0 start
2026-08-04 07:11:57: > next start
2026-08-04 07:11:57: 
2026-08-04 07:11:57: 
2026-08-04 07:11:57: > ares@0.1.0 start
2026-08-04 07:11:57: > next start
2026-08-04 07:11:57: 
2026-08-04 07:11:57: 
2026-08-04 07:11:57: > ares@0.1.0 start
2026-08-04 07:11:57: > next start
2026-08-04 07:11:57: 
2026-08-04 07:11:58: 
2026-08-04 07:11:58: > ares@0.1.0 start
2026-08-04 07:11:58: > next start
2026-08-04 07:11:58: 
2026-08-04 07:11:58: 
2026-08-04 07:11:58: > ares@0.1.0 start
2026-08-04 07:11:58: > next start
2026-08-04 07:11:58: 
2026-08-04 07:11:58: 
2026-08-04 07:11:58: > ares@0.1.0 start
2026-08-04 07:11:58: > next start
2026-08-04 07:11:58: 
2026-08-04 07:11:59: 
2026-08-04 07:11:59: > ares@0.1.0 start
2026-08-04 07:11:59: > next start
2026-08-04 07:11:59: 
2026-08-04 07:11:59: 
2026-08-04 07:11:59: > ares@0.1.0 start
2026-08-04 07:11:59: > next start
2026-08-04 07:11:59: 
2026-08-04 07:11:59: 
2026-08-04 07:11:59: > ares@0.1.0 start
2026-08-04 07:11:59: > next start
2026-08-04 07:11:59: 
2026-08-04 07:12:00: 
2026-08-04 07:12:00: > ares@0.1.0 start
2026-08-04 07:12:00: > next start
2026-08-04 07:12:00: 
2026-08-04 07:12:00: 
2026-08-04 07:12:00: > ares@0.1.0 start
2026-08-04 07:12:00: > next start
2026-08-04 07:12:00: 
2026-08-04 07:12:00: 
2026-08-04 07:12:00: > ares@0.1.0 start
2026-08-04 07:12:00: > next start
2026-08-04 07:12:00: 
2026-08-04 07:12:01: 
2026-08-04 07:12:01: > ares@0.1.0 start
2026-08-04 07:12:01: > next start
2026-08-04 07:12:01: 
2026-08-04 07:12:01: 
2026-08-04 07:12:01: > ares@0.1.0 start
2026-08-04 07:12:01: > next start
2026-08-04 07:12:01: 
2026-08-04 07:12:01: 
2026-08-04 07:12:01: > ares@0.1.0 start
2026-08-04 07:12:01: > next start
2026-08-04 07:12:01: 
2026-08-04 07:12:02: 
2026-08-04 07:12:02: > ares@0.1.0 start
2026-08-04 07:12:02: > next start
2026-08-04 07:12:02: 
2026-08-04 07:12:02: 
2026-08-04 07:12:02: > ares@0.1.0 start
2026-08-04 07:12:02: > next start
2026-08-04 07:12:02: 
2026-08-04 07:12:02: 
2026-08-04 07:12:02: > ares@0.1.0 start
2026-08-04 07:12:02: > next start
2026-08-04 07:12:02: 
2026-08-04 07:12:03: 
2026-08-04 07:12:03: > ares@0.1.0 start
2026-08-04 07:12:03: > next start
2026-08-04 07:12:03: 
2026-08-04 07:12:03: 
2026-08-04 07:12:03: > ares@0.1.0 start
2026-08-04 07:12:03: > next start
2026-08-04 07:12:03: 
2026-08-04 07:12:03: 
2026-08-04 07:12:03: > ares@0.1.0 start
2026-08-04 07:12:03: > next start
2026-08-04 07:12:03: 
2026-08-04 07:12:04: 
2026-08-04 07:12:04: > ares@0.1.0 start
2026-08-04 07:12:04: > next start
2026-08-04 07:12:04: 
2026-08-04 07:12:04: 
2026-08-04 07:12:04: > ares@0.1.0 start
2026-08-04 07:12:04: > next start
2026-08-04 07:12:04: 
2026-08-04 07:12:04: 
2026-08-04 07:12:04: > ares@0.1.0 start
2026-08-04 07:12:04: > next start
2026-08-04 07:12:04: 
2026-08-04 07:12:05: 
2026-08-04 07:12:05: > ares@0.1.0 start
2026-08-04 07:12:05: > next start
2026-08-04 07:12:05: 
2026-08-04 07:12:05: 
2026-08-04 07:12:05: > ares@0.1.0 start
2026-08-04 07:12:05: > next start
2026-08-04 07:12:05: 
2026-08-04 07:12:05: 
2026-08-04 07:12:05: > ares@0.1.0 start
2026-08-04 07:12:05: > next start
2026-08-04 07:12:05: 
2026-08-04 07:12:06: 
2026-08-04 07:12:06: > ares@0.1.0 start
2026-08-04 07:12:06: > next start
2026-08-04 07:12:06: 
2026-08-04 07:12:06: 
2026-08-04 07:12:06: > ares@0.1.0 start
2026-08-04 07:12:06: > next start
2026-08-04 07:12:06: 
2026-08-04 07:12:06: 
2026-08-04 07:12:06: > ares@0.1.0 start
2026-08-04 07:12:06: > next start
2026-08-04 07:12:06: 
2026-08-04 07:12:07: 
2026-08-04 07:12:07: > ares@0.1.0 start
2026-08-04 07:12:07: > next start
2026-08-04 07:12:07: 
2026-08-04 07:12:07: 
2026-08-04 07:12:07: > ares@0.1.0 start
2026-08-04 07:12:07: > next start
2026-08-04 07:12:07: 
2026-08-04 07:12:07: 
2026-08-04 07:12:07: > ares@0.1.0 start
2026-08-04 07:12:07: > next start
2026-08-04 07:12:07: 
2026-08-04 07:12:08: 
2026-08-04 07:12:08: > ares@0.1.0 start
2026-08-04 07:12:08: > next start
2026-08-04 07:12:08: 
2026-08-04 07:12:08: 
2026-08-04 07:12:08: > ares@0.1.0 start
2026-08-04 07:12:08: > next start
2026-08-04 07:12:08: 
2026-08-04 07:12:08: 
2026-08-04 07:12:08: > ares@0.1.0 start
2026-08-04 07:12:08: > next start
2026-08-04 07:12:08: 
2026-08-04 07:12:09: 
2026-08-04 07:12:09: > ares@0.1.0 start
2026-08-04 07:12:09: > next start
2026-08-04 07:12:09: 
2026-08-04 07:12:09: 
2026-08-04 07:12:09: > ares@0.1.0 start
2026-08-04 07:12:09: > next start
2026-08-04 07:12:09: 
2026-08-04 07:12:09: 
2026-08-04 07:12:09: > ares@0.1.0 start
2026-08-04 07:12:09: > next start
2026-08-04 07:12:09: 
2026-08-04 07:12:10: 
2026-08-04 07:12:10: > ares@0.1.0 start
2026-08-04 07:12:10: > next start
2026-08-04 07:12:10: 
2026-08-04 07:12:10: 
2026-08-04 07:12:10: > ares@0.1.0 start
2026-08-04 07:12:10: > next start
2026-08-04 07:12:10: 
2026-08-04 07:12:10: 
2026-08-04 07:12:10: > ares@0.1.0 start
2026-08-04 07:12:10: > next start
2026-08-04 07:12:10: 
2026-08-04 07:12:11: 
2026-08-04 07:12:11: > ares@0.1.0 start
2026-08-04 07:12:11: > next start
2026-08-04 07:12:11: 
2026-08-04 07:12:11: 
2026-08-04 07:12:11: > ares@0.1.0 start
2026-08-04 07:12:11: > next start
2026-08-04 07:12:11: 
2026-08-04 07:12:11: 
2026-08-04 07:12:11: > ares@0.1.0 start
2026-08-04 07:12:11: > next start
2026-08-04 07:12:11: 
2026-08-04 07:12:12: 
2026-08-04 07:12:12: > ares@0.1.0 start
2026-08-04 07:12:12: > next start
2026-08-04 07:12:12: 
2026-08-04 07:12:12: 
2026-08-04 07:12:12: > ares@0.1.0 start
2026-08-04 07:12:12: > next start
2026-08-04 07:12:12: 
2026-08-04 07:12:12: 
2026-08-04 07:12:12: > ares@0.1.0 start
2026-08-04 07:12:12: > next start
2026-08-04 07:12:12: 
2026-08-04 07:12:13: 
2026-08-04 07:12:13: > ares@0.1.0 start
2026-08-04 07:12:13: > next start
2026-08-04 07:12:13: 
2026-08-04 07:12:13: 
2026-08-04 07:12:13: > ares@0.1.0 start
2026-08-04 07:12:13: > next start
2026-08-04 07:12:13: 
2026-08-04 07:12:13: 
2026-08-04 07:12:13: > ares@0.1.0 start
2026-08-04 07:12:13: > next start
2026-08-04 07:12:13: 
2026-08-04 07:12:14: 
2026-08-04 07:12:14: > ares@0.1.0 start
2026-08-04 07:12:14: > next start
2026-08-04 07:12:14: 
2026-08-04 07:12:14: 
2026-08-04 07:12:14: > ares@0.1.0 start
2026-08-04 07:12:14: > next start
2026-08-04 07:12:14: 
2026-08-04 07:12:14: 
2026-08-04 07:12:14: > ares@0.1.0 start
2026-08-04 07:12:14: > next start
2026-08-04 07:12:14: 
2026-08-04 07:12:15: 
2026-08-04 07:12:15: > ares@0.1.0 start
2026-08-04 07:12:15: > next start
2026-08-04 07:12:15: 
2026-08-04 07:12:15: 
2026-08-04 07:12:15: > ares@0.1.0 start
2026-08-04 07:12:15: > next start
2026-08-04 07:12:15: 
2026-08-04 07:12:15: 
2026-08-04 07:12:15: > ares@0.1.0 start
2026-08-04 07:12:15: > next start
2026-08-04 07:12:15: 
2026-08-04 07:12:16: 
2026-08-04 07:12:16: > ares@0.1.0 start
2026-08-04 07:12:16: > next start
2026-08-04 07:12:16: 
2026-08-04 07:12:16: 
2026-08-04 07:12:16: > ares@0.1.0 start
2026-08-04 07:12:16: > next start
2026-08-04 07:12:16: 
2026-08-04 07:12:16: 
2026-08-04 07:12:16: > ares@0.1.0 start
2026-08-04 07:12:16: > next start
2026-08-04 07:12:16: 
2026-08-04 07:12:17: 
2026-08-04 07:12:17: > ares@0.1.0 start
2026-08-04 07:12:17: > next start
2026-08-04 07:12:17: 
2026-08-04 07:12:17: 
2026-08-04 07:12:17: > ares@0.1.0 start
2026-08-04 07:12:17: > next start
2026-08-04 07:12:17: 
2026-08-04 07:12:17: 
2026-08-04 07:12:17: > ares@0.1.0 start
2026-08-04 07:12:17: > next start
2026-08-04 07:12:17: 
2026-08-04 07:12:18: 
2026-08-04 07:12:18: > ares@0.1.0 start
2026-08-04 07:12:18: > next start
2026-08-04 07:12:18: 
2026-08-04 07:12:18: 
2026-08-04 07:12:18: > ares@0.1.0 start
2026-08-04 07:12:18: > next start
2026-08-04 07:12:18: 
2026-08-04 07:12:18: 
2026-08-04 07:12:18: > ares@0.1.0 start
2026-08-04 07:12:18: > next start
2026-08-04 07:12:18: 
2026-08-04 07:12:19: 
2026-08-04 07:12:19: > ares@0.1.0 start
2026-08-04 07:12:19: > next start
2026-08-04 07:12:19: 
2026-08-04 07:12:19: 
2026-08-04 07:12:19: > ares@0.1.0 start
2026-08-04 07:12:19: > next start
2026-08-04 07:12:19: 
2026-08-04 07:12:19: 
2026-08-04 07:12:19: > ares@0.1.0 start
2026-08-04 07:12:19: > next start
2026-08-04 07:12:19: 
2026-08-04 07:12:20: 
2026-08-04 07:12:20: > ares@0.1.0 start
2026-08-04 07:12:20: > next start
2026-08-04 07:12:20: 
2026-08-04 07:12:20: 
2026-08-04 07:12:20: > ares@0.1.0 start
2026-08-04 07:12:20: > next start
2026-08-04 07:12:20: 
2026-08-04 07:12:20: 
2026-08-04 07:12:20: > ares@0.1.0 start
2026-08-04 07:12:20: > next start
2026-08-04 07:12:20: 
2026-08-04 07:12:21: 
2026-08-04 07:12:21: > ares@0.1.0 start
2026-08-04 07:12:21: > next start
2026-08-04 07:12:21: 
2026-08-04 07:12:21: 
2026-08-04 07:12:21: > ares@0.1.0 start
2026-08-04 07:12:21: > next start
2026-08-04 07:12:21: 
2026-08-04 07:12:21: 
2026-08-04 07:12:21: > ares@0.1.0 start
2026-08-04 07:12:21: > next start
2026-08-04 07:12:21: 
2026-08-04 07:12:22: 
2026-08-04 07:12:22: > ares@0.1.0 start
2026-08-04 07:12:22: > next start
2026-08-04 07:12:22: 
2026-08-04 07:12:22: 
2026-08-04 07:12:22: > ares@0.1.0 start
2026-08-04 07:12:22: > next start
2026-08-04 07:12:22: 
2026-08-04 07:12:22: 
2026-08-04 07:12:22: > ares@0.1.0 start
2026-08-04 07:12:22: > next start
2026-08-04 07:12:22: 
2026-08-04 07:12:23: 
2026-08-04 07:12:23: > ares@0.1.0 start
2026-08-04 07:12:23: > next start
2026-08-04 07:12:23: 
2026-08-04 07:12:23: 
2026-08-04 07:12:23: > ares@0.1.0 start
2026-08-04 07:12:23: > next start
2026-08-04 07:12:23: 
2026-08-04 07:12:23: 
2026-08-04 07:12:23: > ares@0.1.0 start
2026-08-04 07:12:23: > next start
2026-08-04 07:12:23: 
2026-08-04 07:12:24: 
2026-08-04 07:12:24: > ares@0.1.0 start
2026-08-04 07:12:24: > next start
2026-08-04 07:12:24: 
2026-08-04 07:12:24: 
2026-08-04 07:12:24: > ares@0.1.0 start
2026-08-04 07:12:24: > next start
2026-08-04 07:12:24: 
2026-08-04 07:12:24: 
2026-08-04 07:12:24: > ares@0.1.0 start
2026-08-04 07:12:24: > next start
2026-08-04 07:12:24: 
2026-08-04 07:12:25: 
2026-08-04 07:12:25: > ares@0.1.0 start
2026-08-04 07:12:25: > next start
2026-08-04 07:12:25: 
2026-08-04 07:12:25: 
2026-08-04 07:12:25: > ares@0.1.0 start
2026-08-04 07:12:25: > next start
2026-08-04 07:12:25: 
2026-08-04 07:12:25: 
2026-08-04 07:12:25: > ares@0.1.0 start
2026-08-04 07:12:25: > next start
2026-08-04 07:12:25: 
2026-08-04 07:12:26: 
2026-08-04 07:12:26: > ares@0.1.0 start
2026-08-04 07:12:26: > next start
2026-08-04 07:12:26: 
2026-08-04 07:12:26: 
2026-08-04 07:12:26: > ares@0.1.0 start
2026-08-04 07:12:26: > next start
2026-08-04 07:12:26: 
2026-08-04 07:12:26: 
2026-08-04 07:12:26: > ares@0.1.0 start
2026-08-04 07:12:26: > next start
2026-08-04 07:12:26: 
2026-08-04 07:12:27: 
2026-08-04 07:12:27: > ares@0.1.0 start
2026-08-04 07:12:27: > next start
2026-08-04 07:12:27: 
2026-08-04 07:12:27: 
2026-08-04 07:12:27: > ares@0.1.0 start
2026-08-04 07:12:27: > next start
2026-08-04 07:12:27: 
2026-08-04 07:12:27: 
2026-08-04 07:12:27: > ares@0.1.0 start
2026-08-04 07:12:27: > next start
2026-08-04 07:12:27: 
2026-08-04 07:12:28: 
2026-08-04 07:12:28: > ares@0.1.0 start
2026-08-04 07:12:28: > next start
2026-08-04 07:12:28: 
2026-08-04 07:12:28: 
2026-08-04 07:12:28: > ares@0.1.0 start
2026-08-04 07:12:28: > next start
2026-08-04 07:12:28: 
2026-08-04 07:12:28: 
2026-08-04 07:12:28: > ares@0.1.0 start
2026-08-04 07:12:28: > next start
2026-08-04 07:12:28: 
2026-08-04 07:12:29: 
2026-08-04 07:12:29: > ares@0.1.0 start
2026-08-04 07:12:29: > next start
2026-08-04 07:12:29: 
2026-08-04 07:12:29: 
2026-08-04 07:12:29: > ares@0.1.0 start
2026-08-04 07:12:29: > next start
2026-08-04 07:12:29: 
2026-08-04 07:12:29: 
2026-08-04 07:12:29: > ares@0.1.0 start
2026-08-04 07:12:29: > next start
2026-08-04 07:12:29: 
2026-08-04 07:12:30: 
2026-08-04 07:12:30: > ares@0.1.0 start
2026-08-04 07:12:30: > next start
2026-08-04 07:12:30: 
2026-08-04 07:12:30: 
2026-08-04 07:12:30: > ares@0.1.0 start
2026-08-04 07:12:30: > next start
2026-08-04 07:12:30: 
2026-08-04 07:12:30: 
2026-08-04 07:12:30: > ares@0.1.0 start
2026-08-04 07:12:30: > next start
2026-08-04 07:12:30: 
2026-08-04 07:12:31: 
2026-08-04 07:12:31: > ares@0.1.0 start
2026-08-04 07:12:31: > next start
2026-08-04 07:12:31: 
2026-08-04 07:12:31: 
2026-08-04 07:12:31: > ares@0.1.0 start
2026-08-04 07:12:31: > next start
2026-08-04 07:12:31: 
2026-08-04 07:12:31: 
2026-08-04 07:12:31: > ares@0.1.0 start
2026-08-04 07:12:31: > next start
2026-08-04 07:12:31: 
2026-08-04 07:12:32: 
2026-08-04 07:12:32: > ares@0.1.0 start
2026-08-04 07:12:32: > next start
2026-08-04 07:12:32: 
2026-08-04 07:12:32: 
2026-08-04 07:12:32: > ares@0.1.0 start
2026-08-04 07:12:32: > next start
2026-08-04 07:12:32: 
2026-08-04 07:12:32: 
2026-08-04 07:12:32: > ares@0.1.0 start
2026-08-04 07:12:32: > next start
2026-08-04 07:12:32: 
2026-08-04 07:12:33: 
2026-08-04 07:12:33: > ares@0.1.0 start
2026-08-04 07:12:33: > next start
2026-08-04 07:12:33: 
2026-08-04 07:12:33: 
2026-08-04 07:12:33: > ares@0.1.0 start
2026-08-04 07:12:33: > next start
2026-08-04 07:12:33: 
2026-08-04 07:12:33: 
2026-08-04 07:12:33: > ares@0.1.0 start
2026-08-04 07:12:33: > next start
2026-08-04 07:12:33: 
2026-08-04 07:12:34: 
2026-08-04 07:12:34: > ares@0.1.0 start
2026-08-04 07:12:34: > next start
2026-08-04 07:12:34: 
2026-08-04 07:12:34: 
2026-08-04 07:12:34: > ares@0.1.0 start
2026-08-04 07:12:34: > next start
2026-08-04 07:12:34: 
2026-08-04 07:12:34: 
2026-08-04 07:12:34: > ares@0.1.0 start
2026-08-04 07:12:34: > next start
2026-08-04 07:12:34: 
2026-08-04 07:12:35: 
2026-08-04 07:12:35: > ares@0.1.0 start
2026-08-04 07:12:35: > next start
2026-08-04 07:12:35: 
2026-08-04 07:12:35: 
2026-08-04 07:12:35: > ares@0.1.0 start
2026-08-04 07:12:35: > next start
2026-08-04 07:12:35: 
2026-08-04 07:12:35: 
2026-08-04 07:12:35: > ares@0.1.0 start
2026-08-04 07:12:35: > next start
2026-08-04 07:12:35: 
2026-08-04 07:12:36: 
2026-08-04 07:12:36: > ares@0.1.0 start
2026-08-04 07:12:36: > next start
2026-08-04 07:12:36: 
2026-08-04 07:12:36: 
2026-08-04 07:12:36: > ares@0.1.0 start
2026-08-04 07:12:36: > next start
2026-08-04 07:12:36: 
2026-08-04 07:12:36: 
2026-08-04 07:12:36: > ares@0.1.0 start
2026-08-04 07:12:36: > next start
2026-08-04 07:12:36: 
2026-08-04 07:12:37: 
2026-08-04 07:12:37: > ares@0.1.0 start
2026-08-04 07:12:37: > next start
2026-08-04 07:12:37: 
2026-08-04 07:12:37: 
2026-08-04 07:12:37: > ares@0.1.0 start
2026-08-04 07:12:37: > next start
2026-08-04 07:12:37: 
2026-08-04 07:12:37: 
2026-08-04 07:12:37: > ares@0.1.0 start
2026-08-04 07:12:37: > next start
2026-08-04 07:12:37: 
2026-08-04 07:12:38: 
2026-08-04 07:12:38: > ares@0.1.0 start
2026-08-04 07:12:38: > next start
2026-08-04 07:12:38: 
2026-08-04 07:12:38: 
2026-08-04 07:12:38: > ares@0.1.0 start
2026-08-04 07:12:38: > next start
2026-08-04 07:12:38: 
2026-08-04 07:12:38: 
2026-08-04 07:12:38: > ares@0.1.0 start
2026-08-04 07:12:38: > next start
2026-08-04 07:12:38: 
2026-08-04 07:12:39: 
2026-08-04 07:12:39: > ares@0.1.0 start
2026-08-04 07:12:39: > next start
2026-08-04 07:12:39: 
2026-08-04 07:12:39: 
2026-08-04 07:12:39: > ares@0.1.0 start
2026-08-04 07:12:39: > next start
2026-08-04 07:12:39: 
2026-08-04 07:12:39: 
2026-08-04 07:12:39: > ares@0.1.0 start
2026-08-04 07:12:39: > next start
2026-08-04 07:12:39: 
2026-08-04 07:12:40: 
2026-08-04 07:12:40: > ares@0.1.0 start
2026-08-04 07:12:40: > next start
2026-08-04 07:12:40: 
2026-08-04 07:12:40: 
2026-08-04 07:12:40: > ares@0.1.0 start
2026-08-04 07:12:40: > next start
2026-08-04 07:12:40: 
2026-08-04 07:12:40: 
2026-08-04 07:12:40: > ares@0.1.0 start
2026-08-04 07:12:40: > next start
2026-08-04 07:12:40: 
2026-08-04 07:12:41: 
2026-08-04 07:12:41: > ares@0.1.0 start
2026-08-04 07:12:41: > next start
2026-08-04 07:12:41: 
2026-08-04 07:12:41: 
2026-08-04 07:12:41: > ares@0.1.0 start
2026-08-04 07:12:41: > next start
2026-08-04 07:12:41: 
2026-08-04 07:12:41: 
2026-08-04 07:12:41: > ares@0.1.0 start
2026-08-04 07:12:41: > next start
2026-08-04 07:12:41: 
2026-08-04 07:12:42: 
2026-08-04 07:12:42: > ares@0.1.0 start
2026-08-04 07:12:42: > next start
2026-08-04 07:12:42: 
2026-08-04 07:12:42: 
2026-08-04 07:12:42: > ares@0.1.0 start
2026-08-04 07:12:42: > next start
2026-08-04 07:12:42: 
2026-08-04 07:12:42: 
2026-08-04 07:12:42: > ares@0.1.0 start
2026-08-04 07:12:42: > next start
2026-08-04 07:12:42: 
2026-08-04 07:12:43: 
2026-08-04 07:12:43: > ares@0.1.0 start
2026-08-04 07:12:43: > next start
2026-08-04 07:12:43: 
2026-08-04 07:12:43: 
2026-08-04 07:12:43: > ares@0.1.0 start
2026-08-04 07:12:43: > next start
2026-08-04 07:12:43: 
2026-08-04 07:12:43: 
2026-08-04 07:12:43: > ares@0.1.0 start
2026-08-04 07:12:43: > next start
2026-08-04 07:12:43: 
2026-08-04 07:12:44: 
2026-08-04 07:12:44: > ares@0.1.0 start
2026-08-04 07:12:44: > next start
2026-08-04 07:12:44: 
2026-08-04 07:12:44: 
2026-08-04 07:12:44: > ares@0.1.0 start
2026-08-04 07:12:44: > next start
2026-08-04 07:12:44: 
2026-08-04 07:12:44: 
2026-08-04 07:12:44: > ares@0.1.0 start
2026-08-04 07:12:44: > next start
2026-08-04 07:12:44: 
2026-08-04 07:12:45: 
2026-08-04 07:12:45: > ares@0.1.0 start
2026-08-04 07:12:45: > next start
2026-08-04 07:12:45: 
2026-08-04 07:12:45: 
2026-08-04 07:12:45: > ares@0.1.0 start
2026-08-04 07:12:45: > next start
2026-08-04 07:12:45: 
2026-08-04 07:12:45: 
2026-08-04 07:12:45: > ares@0.1.0 start
2026-08-04 07:12:45: > next start
2026-08-04 07:12:45: 
2026-08-04 07:12:46: 
2026-08-04 07:12:46: > ares@0.1.0 start
2026-08-04 07:12:46: > next start
2026-08-04 07:12:46: 
2026-08-04 07:12:46: 
2026-08-04 07:12:46: > ares@0.1.0 start
2026-08-04 07:12:46: > next start
2026-08-04 07:12:46: 
2026-08-04 07:12:46: 
2026-08-04 07:12:46: > ares@0.1.0 start
2026-08-04 07:12:46: > next start
2026-08-04 07:12:46: 
2026-08-04 07:12:46: 
2026-08-04 07:12:46: > ares@0.1.0 start
2026-08-04 07:12:46: > next start
2026-08-04 07:12:46: 
2026-08-04 07:12:47: 
2026-08-04 07:12:47: > ares@0.1.0 start
2026-08-04 07:12:47: > next start
2026-08-04 07:12:47: 
2026-08-04 07:12:47: 
2026-08-04 07:12:47: > ares@0.1.0 start
2026-08-04 07:12:47: > next start
2026-08-04 07:12:47: 
2026-08-04 07:12:47: 
2026-08-04 07:12:47: > ares@0.1.0 start
2026-08-04 07:12:47: > next start
2026-08-04 07:12:47: 
2026-08-04 07:12:48: 
2026-08-04 07:12:48: > ares@0.1.0 start
2026-08-04 07:12:48: > next start
2026-08-04 07:12:48: 
2026-08-04 07:12:48: 
2026-08-04 07:12:48: > ares@0.1.0 start
2026-08-04 07:12:48: > next start
2026-08-04 07:12:48: 
2026-08-04 07:12:48: 
2026-08-04 07:12:48: > ares@0.1.0 start
2026-08-04 07:12:48: > next start
2026-08-04 07:12:48: 
2026-08-04 07:12:49: 
2026-08-04 07:12:49: > ares@0.1.0 start
2026-08-04 07:12:49: > next start
2026-08-04 07:12:49: 
2026-08-04 07:12:49: 
2026-08-04 07:12:49: > ares@0.1.0 start
2026-08-04 07:12:49: > next start
2026-08-04 07:12:49: 
2026-08-04 07:12:49: 
2026-08-04 07:12:49: > ares@0.1.0 start
2026-08-04 07:12:49: > next start
2026-08-04 07:12:49: 
2026-08-04 07:12:50: 
2026-08-04 07:12:50: > ares@0.1.0 start
2026-08-04 07:12:50: > next start
2026-08-04 07:12:50: 
2026-08-04 07:12:50: 
2026-08-04 07:12:50: > ares@0.1.0 start
2026-08-04 07:12:50: > next start
2026-08-04 07:12:50: 
2026-08-04 07:12:50: 
2026-08-04 07:12:50: > ares@0.1.0 start
2026-08-04 07:12:50: > next start
2026-08-04 07:12:50: 
2026-08-04 07:12:51: 
2026-08-04 07:12:51: > ares@0.1.0 start
2026-08-04 07:12:51: > next start
2026-08-04 07:12:51: 
2026-08-04 07:12:51: 
2026-08-04 07:12:51: > ares@0.1.0 start
2026-08-04 07:12:51: > next start
2026-08-04 07:12:51: 
2026-08-04 07:12:51: 
2026-08-04 07:12:51: > ares@0.1.0 start
2026-08-04 07:12:51: > next start
2026-08-04 07:12:51: 
2026-08-04 07:12:52: 
2026-08-04 07:12:52: > ares@0.1.0 start
2026-08-04 07:12:52: > next start
2026-08-04 07:12:52: 
2026-08-04 07:12:52: 
2026-08-04 07:12:52: > ares@0.1.0 start
2026-08-04 07:12:52: > next start
2026-08-04 07:12:52: 
2026-08-04 07:12:52: 
2026-08-04 07:12:52: > ares@0.1.0 start
2026-08-04 07:12:52: > next start
2026-08-04 07:12:52: 
2026-08-04 07:12:53: 
2026-08-04 07:12:53: > ares@0.1.0 start
2026-08-04 07:12:53: > next start
2026-08-04 07:12:53: 
2026-08-04 07:12:53: 
2026-08-04 07:12:53: > ares@0.1.0 start
2026-08-04 07:12:53: > next start
2026-08-04 07:12:53: 
2026-08-04 07:12:53: 
2026-08-04 07:12:53: > ares@0.1.0 start
2026-08-04 07:12:53: > next start
2026-08-04 07:12:53: 
2026-08-04 07:12:54: 
2026-08-04 07:12:54: > ares@0.1.0 start
2026-08-04 07:12:54: > next start
2026-08-04 07:12:54: 
2026-08-04 07:12:54: 
2026-08-04 07:12:54: > ares@0.1.0 start
2026-08-04 07:12:54: > next start
2026-08-04 07:12:54: 
2026-08-04 07:12:54: 
2026-08-04 07:12:54: > ares@0.1.0 start
2026-08-04 07:12:54: > next start
2026-08-04 07:12:54: 
2026-08-04 07:12:55: 
2026-08-04 07:12:55: > ares@0.1.0 start
2026-08-04 07:12:55: > next start
2026-08-04 07:12:55: 
2026-08-04 07:12:55: 
2026-08-04 07:12:55: > ares@0.1.0 start
2026-08-04 07:12:55: > next start
2026-08-04 07:12:55: 
2026-08-04 07:12:55: 
2026-08-04 07:12:55: > ares@0.1.0 start
2026-08-04 07:12:55: > next start
2026-08-04 07:12:55: 
2026-08-04 07:12:56: 
2026-08-04 07:12:56: > ares@0.1.0 start
2026-08-04 07:12:56: > next start
2026-08-04 07:12:56: 
2026-08-04 07:12:56: 
2026-08-04 07:12:56: > ares@0.1.0 start
2026-08-04 07:12:56: > next start
2026-08-04 07:12:56: 
2026-08-04 07:12:56: 
2026-08-04 07:12:56: > ares@0.1.0 start
2026-08-04 07:12:56: > next start
2026-08-04 07:12:56: 
2026-08-04 07:12:57: 
2026-08-04 07:12:57: > ares@0.1.0 start
2026-08-04 07:12:57: > next start
2026-08-04 07:12:57: 
2026-08-04 07:12:57: 
2026-08-04 07:12:57: > ares@0.1.0 start
2026-08-04 07:12:57: > next start
2026-08-04 07:12:57: 
2026-08-04 07:12:57: 
2026-08-04 07:12:57: > ares@0.1.0 start
2026-08-04 07:12:57: > next start
2026-08-04 07:12:57: 
2026-08-04 07:12:58: 
2026-08-04 07:12:58: > ares@0.1.0 start
2026-08-04 07:12:58: > next start
2026-08-04 07:12:58: 
2026-08-04 07:12:58: 
2026-08-04 07:12:58: > ares@0.1.0 start
2026-08-04 07:12:58: > next start
2026-08-04 07:12:58: 
2026-08-04 07:12:58: 
2026-08-04 07:12:58: > ares@0.1.0 start
2026-08-04 07:12:58: > next start
2026-08-04 07:12:58: 
2026-08-04 07:12:59: 
2026-08-04 07:12:59: > ares@0.1.0 start
2026-08-04 07:12:59: > next start
2026-08-04 07:12:59: 
2026-08-04 07:12:59: 
2026-08-04 07:12:59: > ares@0.1.0 start
2026-08-04 07:12:59: > next start
2026-08-04 07:12:59: 
2026-08-04 07:12:59: 
2026-08-04 07:12:59: > ares@0.1.0 start
2026-08-04 07:12:59: > next start
2026-08-04 07:12:59: 
2026-08-04 07:13:00: 
2026-08-04 07:13:00: > ares@0.1.0 start
2026-08-04 07:13:00: > next start
2026-08-04 07:13:00: 
2026-08-04 07:13:00: 
2026-08-04 07:13:00: > ares@0.1.0 start
2026-08-04 07:13:00: > next start
2026-08-04 07:13:00: 
2026-08-04 07:13:00: 
2026-08-04 07:13:00: > ares@0.1.0 start
2026-08-04 07:13:00: > next start
2026-08-04 07:13:00: 
2026-08-04 07:13:01: 
2026-08-04 07:13:01: > ares@0.1.0 start
2026-08-04 07:13:01: > next start
2026-08-04 07:13:01: 
2026-08-04 07:13:01: 
2026-08-04 07:13:01: > ares@0.1.0 start
2026-08-04 07:13:01: > next start
2026-08-04 07:13:01: 
2026-08-04 07:13:01: 
2026-08-04 07:13:01: > ares@0.1.0 start
2026-08-04 07:13:01: > next start
2026-08-04 07:13:01: 
2026-08-04 07:13:02: 
2026-08-04 07:13:02: > ares@0.1.0 start
2026-08-04 07:13:02: > next start
2026-08-04 07:13:02: 
2026-08-04 07:13:02: 
2026-08-04 07:13:02: > ares@0.1.0 start
2026-08-04 07:13:02: > next start
2026-08-04 07:13:02: 
2026-08-04 07:13:02: 
2026-08-04 07:13:02: > ares@0.1.0 start
2026-08-04 07:13:02: > next start
2026-08-04 07:13:02: 
2026-08-04 07:13:03: 
2026-08-04 07:13:03: > ares@0.1.0 start
2026-08-04 07:13:03: > next start
2026-08-04 07:13:03: 
2026-08-04 07:13:03: 
2026-08-04 07:13:03: > ares@0.1.0 start
2026-08-04 07:13:03: > next start
2026-08-04 07:13:03: 
2026-08-04 07:13:03: 
2026-08-04 07:13:03: > ares@0.1.0 start
2026-08-04 07:13:03: > next start
2026-08-04 07:13:03: 
2026-08-04 07:13:04: 
2026-08-04 07:13:04: > ares@0.1.0 start
2026-08-04 07:13:04: > next start
2026-08-04 07:13:04: 
2026-08-04 07:13:04: 
2026-08-04 07:13:04: > ares@0.1.0 start
2026-08-04 07:13:04: > next start
2026-08-04 07:13:04: 
2026-08-04 07:13:04: 
2026-08-04 07:13:04: > ares@0.1.0 start
2026-08-04 07:13:04: > next start
2026-08-04 07:13:04: 
2026-08-04 07:13:05: 
2026-08-04 07:13:05: > ares@0.1.0 start
2026-08-04 07:13:05: > next start
2026-08-04 07:13:05: 
2026-08-04 07:13:05: 
2026-08-04 07:13:05: > ares@0.1.0 start
2026-08-04 07:13:05: > next start
2026-08-04 07:13:05: 
2026-08-04 07:13:05: 
2026-08-04 07:13:05: > ares@0.1.0 start
2026-08-04 07:13:05: > next start
2026-08-04 07:13:05: 
2026-08-04 07:13:06: 
2026-08-04 07:13:06: > ares@0.1.0 start
2026-08-04 07:13:06: > next start
2026-08-04 07:13:06: 
2026-08-04 07:13:06: 
2026-08-04 07:13:06: > ares@0.1.0 start
2026-08-04 07:13:06: > next start
2026-08-04 07:13:06: 
2026-08-04 07:13:06: 
2026-08-04 07:13:06: > ares@0.1.0 start
2026-08-04 07:13:06: > next start
2026-08-04 07:13:06: 
2026-08-04 07:13:07: 
2026-08-04 07:13:07: > ares@0.1.0 start
2026-08-04 07:13:07: > next start
2026-08-04 07:13:07: 
2026-08-04 07:13:07: 
2026-08-04 07:13:07: > ares@0.1.0 start
2026-08-04 07:13:07: > next start
2026-08-04 07:13:07: 
2026-08-04 07:13:08: 
2026-08-04 07:13:08: > ares@0.1.0 start
2026-08-04 07:13:08: > next start
2026-08-04 07:13:08: 
2026-08-04 07:13:09: 
2026-08-04 07:13:09: > ares@0.1.0 start
2026-08-04 07:13:09: > next start
2026-08-04 07:13:09: 
2026-08-04 07:13:09: 
2026-08-04 07:13:09: > ares@0.1.0 start
2026-08-04 07:13:09: > next start
2026-08-04 07:13:09: 
2026-08-04 07:13:09: 
2026-08-04 07:13:09: > ares@0.1.0 start
2026-08-04 07:13:09: > next start
2026-08-04 07:13:09: 
2026-08-04 07:13:10: 
2026-08-04 07:13:10: > ares@0.1.0 start
2026-08-04 07:13:10: > next start
2026-08-04 07:13:10: 
2026-08-04 07:13:10: 
2026-08-04 07:13:10: > ares@0.1.0 start
2026-08-04 07:13:10: > next start
2026-08-04 07:13:10: 
2026-08-04 07:13:10: 
2026-08-04 07:13:10: > ares@0.1.0 start
2026-08-04 07:13:10: > next start
2026-08-04 07:13:10: 
2026-08-04 07:13:11: 
2026-08-04 07:13:11: > ares@0.1.0 start
2026-08-04 07:13:11: > next start
2026-08-04 07:13:11: 
2026-08-04 07:13:11: 
2026-08-04 07:13:11: > ares@0.1.0 start
2026-08-04 07:13:11: > next start
2026-08-04 07:13:11: 
2026-08-04 07:13:11: 
2026-08-04 07:13:11: > ares@0.1.0 start
2026-08-04 07:13:11: > next start
2026-08-04 07:13:11: 
2026-08-04 07:13:12: 
2026-08-04 07:13:12: > ares@0.1.0 start
2026-08-04 07:13:12: > next start
2026-08-04 07:13:12: 
2026-08-04 07:13:12: 
2026-08-04 07:13:12: > ares@0.1.0 start
2026-08-04 07:13:12: > next start
2026-08-04 07:13:12: 
2026-08-04 07:13:12: 
2026-08-04 07:13:12: > ares@0.1.0 start
2026-08-04 07:13:12: > next start
2026-08-04 07:13:12: 
2026-08-04 07:13:13: 
2026-08-04 07:13:13: > ares@0.1.0 start
2026-08-04 07:13:13: > next start
2026-08-04 07:13:13: 
2026-08-04 07:13:13: 
2026-08-04 07:13:13: > ares@0.1.0 start
2026-08-04 07:13:13: > next start
2026-08-04 07:13:13: 
2026-08-04 07:13:13: 
2026-08-04 07:13:13: > ares@0.1.0 start
2026-08-04 07:13:13: > next start
2026-08-04 07:13:13: 
2026-08-04 07:13:14: 
2026-08-04 07:13:14: > ares@0.1.0 start
2026-08-04 07:13:14: > next start
2026-08-04 07:13:14: 
2026-08-04 07:13:14: 
2026-08-04 07:13:14: > ares@0.1.0 start
2026-08-04 07:13:14: > next start
2026-08-04 07:13:14: 
2026-08-04 07:13:14: 
2026-08-04 07:13:14: > ares@0.1.0 start
2026-08-04 07:13:14: > next start
2026-08-04 07:13:14: 
2026-08-04 07:13:15: 
2026-08-04 07:13:15: > ares@0.1.0 start
2026-08-04 07:13:15: > next start
2026-08-04 07:13:15: 
2026-08-04 07:13:15: 
2026-08-04 07:13:15: > ares@0.1.0 start
2026-08-04 07:13:15: > next start
2026-08-04 07:13:15: 
2026-08-04 07:13:15: 
2026-08-04 07:13:15: > ares@0.1.0 start
2026-08-04 07:13:15: > next start
2026-08-04 07:13:15: 
2026-08-04 07:13:16: 
2026-08-04 07:13:16: > ares@0.1.0 start
2026-08-04 07:13:16: > next start
2026-08-04 07:13:16: 
2026-08-04 07:13:16: 
2026-08-04 07:13:16: > ares@0.1.0 start
2026-08-04 07:13:16: > next start
2026-08-04 07:13:16: 
2026-08-04 07:13:16: 
2026-08-04 07:13:16: > ares@0.1.0 start
2026-08-04 07:13:16: > next start
2026-08-04 07:13:16: 
2026-08-04 07:13:17: 
2026-08-04 07:13:17: > ares@0.1.0 start
2026-08-04 07:13:17: > next start
2026-08-04 07:13:17: 
2026-08-04 07:13:17: 
2026-08-04 07:13:17: > ares@0.1.0 start
2026-08-04 07:13:17: > next start
2026-08-04 07:13:17: 
2026-08-04 07:13:17: 
2026-08-04 07:13:17: > ares@0.1.0 start
2026-08-04 07:13:17: > next start
2026-08-04 07:13:17: 
2026-08-04 07:13:18: 
2026-08-04 07:13:18: > ares@0.1.0 start
2026-08-04 07:13:18: > next start
2026-08-04 07:13:18: 
2026-08-04 07:13:18: 
2026-08-04 07:13:18: > ares@0.1.0 start
2026-08-04 07:13:18: > next start
2026-08-04 07:13:18: 
2026-08-04 07:13:18: 
2026-08-04 07:13:18: > ares@0.1.0 start
2026-08-04 07:13:18: > next start
2026-08-04 07:13:18: 
2026-08-04 07:13:19: 
2026-08-04 07:13:19: > ares@0.1.0 start
2026-08-04 07:13:19: > next start
2026-08-04 07:13:19: 
2026-08-04 07:13:19: 
2026-08-04 07:13:19: > ares@0.1.0 start
2026-08-04 07:13:19: > next start
2026-08-04 07:13:19: 
2026-08-04 07:13:19: 
2026-08-04 07:13:19: > ares@0.1.0 start
2026-08-04 07:13:19: > next start
2026-08-04 07:13:19: 
2026-08-04 07:13:20: 
2026-08-04 07:13:20: > ares@0.1.0 start
2026-08-04 07:13:20: > next start
2026-08-04 07:13:20: 
2026-08-04 07:13:20: 
2026-08-04 07:13:20: > ares@0.1.0 start
2026-08-04 07:13:20: > next start
2026-08-04 07:13:20: 
2026-08-04 07:13:20: 
2026-08-04 07:13:20: > ares@0.1.0 start
2026-08-04 07:13:20: > next start
2026-08-04 07:13:20: 
2026-08-04 07:13:21: 
2026-08-04 07:13:21: > ares@0.1.0 start
2026-08-04 07:13:21: > next start
2026-08-04 07:13:21: 
2026-08-04 07:13:21: 
2026-08-04 07:13:21: > ares@0.1.0 start
2026-08-04 07:13:21: > next start
2026-08-04 07:13:21: 
2026-08-04 07:13:21: 
2026-08-04 07:13:21: > ares@0.1.0 start
2026-08-04 07:13:21: > next start
2026-08-04 07:13:21: 
2026-08-04 07:13:22: 
2026-08-04 07:13:22: > ares@0.1.0 start
2026-08-04 07:13:22: > next start
2026-08-04 07:13:22: 
2026-08-04 07:13:22: 
2026-08-04 07:13:22: > ares@0.1.0 start
2026-08-04 07:13:22: > next start
2026-08-04 07:13:22: 
2026-08-04 07:13:22: 
2026-08-04 07:13:22: > ares@0.1.0 start
2026-08-04 07:13:22: > next start
2026-08-04 07:13:22: 
2026-08-04 07:13:23: 
2026-08-04 07:13:23: > ares@0.1.0 start
2026-08-04 07:13:23: > next start
2026-08-04 07:13:23: 
2026-08-04 07:13:23: 
2026-08-04 07:13:23: > ares@0.1.0 start
2026-08-04 07:13:23: > next start
2026-08-04 07:13:23: 
2026-08-04 07:13:23: 
2026-08-04 07:13:23: > ares@0.1.0 start
2026-08-04 07:13:23: > next start
2026-08-04 07:13:23: 
2026-08-04 07:13:24: 
2026-08-04 07:13:24: > ares@0.1.0 start
2026-08-04 07:13:24: > next start
2026-08-04 07:13:24: 
2026-08-04 07:13:24: 
2026-08-04 07:13:24: > ares@0.1.0 start
2026-08-04 07:13:24: > next start
2026-08-04 07:13:24: 
2026-08-04 07:13:24: 
2026-08-04 07:13:24: > ares@0.1.0 start
2026-08-04 07:13:24: > next start
2026-08-04 07:13:24: 
2026-08-04 07:13:25: 
2026-08-04 07:13:25: > ares@0.1.0 start
2026-08-04 07:13:25: > next start
2026-08-04 07:13:25: 
2026-08-04 07:13:25: 
2026-08-04 07:13:25: > ares@0.1.0 start
2026-08-04 07:13:25: > next start
2026-08-04 07:13:25: 
2026-08-04 07:13:25: 
2026-08-04 07:13:25: > ares@0.1.0 start
2026-08-04 07:13:25: > next start
2026-08-04 07:13:25: 
2026-08-04 07:13:26: 
2026-08-04 07:13:26: > ares@0.1.0 start
2026-08-04 07:13:26: > next start
2026-08-04 07:13:26: 
2026-08-04 07:13:26: 
2026-08-04 07:13:26: > ares@0.1.0 start
2026-08-04 07:13:26: > next start
2026-08-04 07:13:26: 
2026-08-04 07:13:26: 
2026-08-04 07:13:26: > ares@0.1.0 start
2026-08-04 07:13:26: > next start
2026-08-04 07:13:26: 
2026-08-04 07:13:27: 
2026-08-04 07:13:27: > ares@0.1.0 start
2026-08-04 07:13:27: > next start
2026-08-04 07:13:27: 
2026-08-04 07:13:27: 
2026-08-04 07:13:27: > ares@0.1.0 start
2026-08-04 07:13:27: > next start
2026-08-04 07:13:27: 
2026-08-04 07:13:27: 
2026-08-04 07:13:27: > ares@0.1.0 start
2026-08-04 07:13:27: > next start
2026-08-04 07:13:27: 
2026-08-04 07:13:28: 
2026-08-04 07:13:28: > ares@0.1.0 start
2026-08-04 07:13:28: > next start
2026-08-04 07:13:28: 
2026-08-04 07:13:28: 
2026-08-04 07:13:28: > ares@0.1.0 start
2026-08-04 07:13:28: > next start
2026-08-04 07:13:28: 
2026-08-04 07:13:28: 
2026-08-04 07:13:28: > ares@0.1.0 start
2026-08-04 07:13:28: > next start
2026-08-04 07:13:28: 
2026-08-04 07:13:29: 
2026-08-04 07:13:29: > ares@0.1.0 start
2026-08-04 07:13:29: > next start
2026-08-04 07:13:29: 
2026-08-04 07:13:29: 
2026-08-04 07:13:29: > ares@0.1.0 start
2026-08-04 07:13:29: > next start
2026-08-04 07:13:29: 
2026-08-04 07:13:29: 
2026-08-04 07:13:29: > ares@0.1.0 start
2026-08-04 07:13:29: > next start
2026-08-04 07:13:29: 
2026-08-04 07:13:30: 
2026-08-04 07:13:30: > ares@0.1.0 start
2026-08-04 07:13:30: > next start
2026-08-04 07:13:30: 
2026-08-04 07:13:30: 
2026-08-04 07:13:30: > ares@0.1.0 start
2026-08-04 07:13:30: > next start
2026-08-04 07:13:30: 
2026-08-04 07:13:30: 
2026-08-04 07:13:30: > ares@0.1.0 start
2026-08-04 07:13:30: > next start
2026-08-04 07:13:30: 
2026-08-04 07:13:31: 
2026-08-04 07:13:31: > ares@0.1.0 start
2026-08-04 07:13:31: > next start
2026-08-04 07:13:31: 
2026-08-04 07:13:31: 
2026-08-04 07:13:31: > ares@0.1.0 start
2026-08-04 07:13:31: > next start
2026-08-04 07:13:31: 
2026-08-04 07:13:31: 
2026-08-04 07:13:31: > ares@0.1.0 start
2026-08-04 07:13:31: > next start
2026-08-04 07:13:31: 
2026-08-04 07:13:32: 
2026-08-04 07:13:32: > ares@0.1.0 start
2026-08-04 07:13:32: > next start
2026-08-04 07:13:32: 
2026-08-04 07:13:32: 
2026-08-04 07:13:32: > ares@0.1.0 start
2026-08-04 07:13:32: > next start
2026-08-04 07:13:32: 
2026-08-04 07:13:32: 
2026-08-04 07:13:32: > ares@0.1.0 start
2026-08-04 07:13:32: > next start
2026-08-04 07:13:32: 
2026-08-04 07:13:33: 
2026-08-04 07:13:33: > ares@0.1.0 start
2026-08-04 07:13:33: > next start
2026-08-04 07:13:33: 
2026-08-04 07:13:33: 
2026-08-04 07:13:33: > ares@0.1.0 start
2026-08-04 07:13:33: > next start
2026-08-04 07:13:33: 
2026-08-04 07:13:33: 
2026-08-04 07:13:33: > ares@0.1.0 start
2026-08-04 07:13:33: > next start
2026-08-04 07:13:33: 
2026-08-04 07:13:34: 
2026-08-04 07:13:34: > ares@0.1.0 start
2026-08-04 07:13:34: > next start
2026-08-04 07:13:34: 
2026-08-04 07:13:34: 
2026-08-04 07:13:34: > ares@0.1.0 start
2026-08-04 07:13:34: > next start
2026-08-04 07:13:34: 
2026-08-04 07:13:34: 
2026-08-04 07:13:34: > ares@0.1.0 start
2026-08-04 07:13:34: > next start
2026-08-04 07:13:34: 
2026-08-04 07:13:35: 
2026-08-04 07:13:35: > ares@0.1.0 start
2026-08-04 07:13:35: > next start
2026-08-04 07:13:35: 
2026-08-04 07:13:35: 
2026-08-04 07:13:35: > ares@0.1.0 start
2026-08-04 07:13:35: > next start
2026-08-04 07:13:35: 
2026-08-04 07:13:35: 
2026-08-04 07:13:35: > ares@0.1.0 start
2026-08-04 07:13:35: > next start
2026-08-04 07:13:35: 
2026-08-04 07:13:36: 
2026-08-04 07:13:36: > ares@0.1.0 start
2026-08-04 07:13:36: > next start
2026-08-04 07:13:36: 
2026-08-04 07:13:36: 
2026-08-04 07:13:36: > ares@0.1.0 start
2026-08-04 07:13:36: > next start
2026-08-04 07:13:36: 
2026-08-04 07:13:36: 
2026-08-04 07:13:36: > ares@0.1.0 start
2026-08-04 07:13:36: > next start
2026-08-04 07:13:36: 
2026-08-04 07:13:37: 
2026-08-04 07:13:37: > ares@0.1.0 start
2026-08-04 07:13:37: > next start
2026-08-04 07:13:37: 
2026-08-04 07:13:37: 
2026-08-04 07:13:37: > ares@0.1.0 start
2026-08-04 07:13:37: > next start
2026-08-04 07:13:37: 
2026-08-04 07:13:37: 
2026-08-04 07:13:37: > ares@0.1.0 start
2026-08-04 07:13:37: > next start
2026-08-04 07:13:37: 
2026-08-04 07:13:38: 
2026-08-04 07:13:38: > ares@0.1.0 start
2026-08-04 07:13:38: > next start
2026-08-04 07:13:38: 
2026-08-04 07:13:38: 
2026-08-04 07:13:38: > ares@0.1.0 start
2026-08-04 07:13:38: > next start
2026-08-04 07:13:38: 
2026-08-04 07:13:38: 
2026-08-04 07:13:38: > ares@0.1.0 start
2026-08-04 07:13:38: > next start
2026-08-04 07:13:38: 
2026-08-04 07:13:39: 
2026-08-04 07:13:39: > ares@0.1.0 start
2026-08-04 07:13:39: > next start
2026-08-04 07:13:39: 
2026-08-04 07:13:39: 
2026-08-04 07:13:39: > ares@0.1.0 start
2026-08-04 07:13:39: > next start
2026-08-04 07:13:39: 
2026-08-04 07:13:39: 
2026-08-04 07:13:39: > ares@0.1.0 start
2026-08-04 07:13:39: > next start
2026-08-04 07:13:39: 
2026-08-04 07:13:40: 
2026-08-04 07:13:40: > ares@0.1.0 start
2026-08-04 07:13:40: > next start
2026-08-04 07:13:40: 
2026-08-04 07:13:40: 
2026-08-04 07:13:40: > ares@0.1.0 start
2026-08-04 07:13:40: > next start
2026-08-04 07:13:40: 
2026-08-04 07:13:40: 
2026-08-04 07:13:40: > ares@0.1.0 start
2026-08-04 07:13:40: > next start
2026-08-04 07:13:40: 
2026-08-04 07:13:41: 
2026-08-04 07:13:41: > ares@0.1.0 start
2026-08-04 07:13:41: > next start
2026-08-04 07:13:41: 
2026-08-04 07:13:41: 
2026-08-04 07:13:41: > ares@0.1.0 start
2026-08-04 07:13:41: > next start
2026-08-04 07:13:41: 
2026-08-04 07:13:41: 
2026-08-04 07:13:41: > ares@0.1.0 start
2026-08-04 07:13:41: > next start
2026-08-04 07:13:41: 
2026-08-04 07:13:42: 
2026-08-04 07:13:42: > ares@0.1.0 start
2026-08-04 07:13:42: > next start
2026-08-04 07:13:42: 
2026-08-04 07:13:42: 
2026-08-04 07:13:42: > ares@0.1.0 start
2026-08-04 07:13:42: > next start
2026-08-04 07:13:42: 
2026-08-04 07:13:42: 
2026-08-04 07:13:42: > ares@0.1.0 start
2026-08-04 07:13:42: > next start
2026-08-04 07:13:42: 
2026-08-04 07:13:43: 
2026-08-04 07:13:43: > ares@0.1.0 start
2026-08-04 07:13:43: > next start
2026-08-04 07:13:43: 
2026-08-04 07:13:43: 
2026-08-04 07:13:43: > ares@0.1.0 start
2026-08-04 07:13:43: > next start
2026-08-04 07:13:43: 
2026-08-04 07:13:43: 
2026-08-04 07:13:43: > ares@0.1.0 start
2026-08-04 07:13:43: > next start
2026-08-04 07:13:43: 
2026-08-04 07:13:44: 
2026-08-04 07:13:44: > ares@0.1.0 start
2026-08-04 07:13:44: > next start
2026-08-04 07:13:44: 
2026-08-04 07:13:44: 
2026-08-04 07:13:44: > ares@0.1.0 start
2026-08-04 07:13:44: > next start
2026-08-04 07:13:44: 
2026-08-04 07:13:44: 
2026-08-04 07:13:44: > ares@0.1.0 start
2026-08-04 07:13:44: > next start
2026-08-04 07:13:44: 
2026-08-04 07:13:45: 
2026-08-04 07:13:45: > ares@0.1.0 start
2026-08-04 07:13:45: > next start
2026-08-04 07:13:45: 
2026-08-04 07:13:45: 
2026-08-04 07:13:45: > ares@0.1.0 start
2026-08-04 07:13:45: > next start
2026-08-04 07:13:45: 
2026-08-04 07:13:45: 
2026-08-04 07:13:45: > ares@0.1.0 start
2026-08-04 07:13:45: > next start
2026-08-04 07:13:45: 
2026-08-04 07:13:46: 
2026-08-04 07:13:46: > ares@0.1.0 start
2026-08-04 07:13:46: > next start
2026-08-04 07:13:46: 
2026-08-04 07:13:46: 
2026-08-04 07:13:46: > ares@0.1.0 start
2026-08-04 07:13:46: > next start
2026-08-04 07:13:46: 
2026-08-04 07:13:46: 
2026-08-04 07:13:46: > ares@0.1.0 start
2026-08-04 07:13:46: > next start
2026-08-04 07:13:46: 
2026-08-04 07:13:47: 
2026-08-04 07:13:47: > ares@0.1.0 start
2026-08-04 07:13:47: > next start
2026-08-04 07:13:47: 
2026-08-04 07:13:47: 
2026-08-04 07:13:47: > ares@0.1.0 start
2026-08-04 07:13:47: > next start
2026-08-04 07:13:47: 
2026-08-04 07:13:47: 
2026-08-04 07:13:47: > ares@0.1.0 start
2026-08-04 07:13:47: > next start
2026-08-04 07:13:47: 
2026-08-04 07:13:48: 
2026-08-04 07:13:48: > ares@0.1.0 start
2026-08-04 07:13:48: > next start
2026-08-04 07:13:48: 
2026-08-04 07:13:48: 
2026-08-04 07:13:48: > ares@0.1.0 start
2026-08-04 07:13:48: > next start
2026-08-04 07:13:48: 
2026-08-04 07:13:48: 
2026-08-04 07:13:48: > ares@0.1.0 start
2026-08-04 07:13:48: > next start
2026-08-04 07:13:48: 
2026-08-04 07:13:49: 
2026-08-04 07:13:49: > ares@0.1.0 start
2026-08-04 07:13:49: > next start
2026-08-04 07:13:49: 
2026-08-04 07:13:49: 
2026-08-04 07:13:49: > ares@0.1.0 start
2026-08-04 07:13:49: > next start
2026-08-04 07:13:49: 
2026-08-04 07:13:49: 
2026-08-04 07:13:49: > ares@0.1.0 start
2026-08-04 07:13:49: > next start
2026-08-04 07:13:49: 
2026-08-04 07:13:50: 
2026-08-04 07:13:50: > ares@0.1.0 start
2026-08-04 07:13:50: > next start
2026-08-04 07:13:50: 
2026-08-04 07:13:50: 
2026-08-04 07:13:50: > ares@0.1.0 start
2026-08-04 07:13:50: > next start
2026-08-04 07:13:50: 
2026-08-04 07:13:50: 
2026-08-04 07:13:50: > ares@0.1.0 start
2026-08-04 07:13:50: > next start
2026-08-04 07:13:50: 
2026-08-04 07:13:51: 
2026-08-04 07:13:51: > ares@0.1.0 start
2026-08-04 07:13:51: > next start
2026-08-04 07:13:51: 
2026-08-04 07:13:51: 
2026-08-04 07:13:51: > ares@0.1.0 start
2026-08-04 07:13:51: > next start
2026-08-04 07:13:51: 
2026-08-04 07:13:51: 
2026-08-04 07:13:51: > ares@0.1.0 start
2026-08-04 07:13:51: > next start
2026-08-04 07:13:51: 
2026-08-04 07:13:52: 
2026-08-04 07:13:52: > ares@0.1.0 start
2026-08-04 07:13:52: > next start
2026-08-04 07:13:52: 
2026-08-04 07:13:52: 
2026-08-04 07:13:52: > ares@0.1.0 start
2026-08-04 07:13:52: > next start
2026-08-04 07:13:52: 
2026-08-04 07:13:52: 
2026-08-04 07:13:52: > ares@0.1.0 start
2026-08-04 07:13:52: > next start
2026-08-04 07:13:52: 
2026-08-04 07:13:53: 
2026-08-04 07:13:53: > ares@0.1.0 start
2026-08-04 07:13:53: > next start
2026-08-04 07:13:53: 
2026-08-04 07:13:53: 
2026-08-04 07:13:53: > ares@0.1.0 start
2026-08-04 07:13:53: > next start
2026-08-04 07:13:53: 
2026-08-04 07:13:53: 
2026-08-04 07:13:53: > ares@0.1.0 start
2026-08-04 07:13:53: > next start
2026-08-04 07:13:53: 
2026-08-04 07:13:54: 
2026-08-04 07:13:54: > ares@0.1.0 start
2026-08-04 07:13:54: > next start
2026-08-04 07:13:54: 
2026-08-04 07:13:54: 
2026-08-04 07:13:54: > ares@0.1.0 start
2026-08-04 07:13:54: > next start
2026-08-04 07:13:54: 
2026-08-04 07:13:54: 
2026-08-04 07:13:54: > ares@0.1.0 start
2026-08-04 07:13:54: > next start
2026-08-04 07:13:54: 
2026-08-04 07:13:55: 
2026-08-04 07:13:55: > ares@0.1.0 start
2026-08-04 07:13:55: > next start
2026-08-04 07:13:55: 
2026-08-04 07:13:55: 
2026-08-04 07:13:55: > ares@0.1.0 start
2026-08-04 07:13:55: > next start
2026-08-04 07:13:55: 
2026-08-04 07:13:55: 
2026-08-04 07:13:55: > ares@0.1.0 start
2026-08-04 07:13:55: > next start
2026-08-04 07:13:55: 
2026-08-04 07:13:56: 
2026-08-04 07:13:56: > ares@0.1.0 start
2026-08-04 07:13:56: > next start
2026-08-04 07:13:56: 
2026-08-04 07:13:56: 
2026-08-04 07:13:56: > ares@0.1.0 start
2026-08-04 07:13:56: > next start
2026-08-04 07:13:56: 
2026-08-04 07:13:56: 
2026-08-04 07:13:56: > ares@0.1.0 start
2026-08-04 07:13:56: > next start
2026-08-04 07:13:56: 
2026-08-04 07:13:57: 
2026-08-04 07:13:57: > ares@0.1.0 start
2026-08-04 07:13:57: > next start
2026-08-04 07:13:57: 
2026-08-04 07:13:57: 
2026-08-04 07:13:57: > ares@0.1.0 start
2026-08-04 07:13:57: > next start
2026-08-04 07:13:57: 
2026-08-04 07:13:57: 
2026-08-04 07:13:57: > ares@0.1.0 start
2026-08-04 07:13:57: > next start
2026-08-04 07:13:57: 
2026-08-04 07:13:58: 
2026-08-04 07:13:58: > ares@0.1.0 start
2026-08-04 07:13:58: > next start
2026-08-04 07:13:58: 
2026-08-04 07:13:58: 
2026-08-04 07:13:58: > ares@0.1.0 start
2026-08-04 07:13:58: > next start
2026-08-04 07:13:58: 
2026-08-04 07:13:58: 
2026-08-04 07:13:58: > ares@0.1.0 start
2026-08-04 07:13:58: > next start
2026-08-04 07:13:58: 
2026-08-04 07:13:59: 
2026-08-04 07:13:59: > ares@0.1.0 start
2026-08-04 07:13:59: > next start
2026-08-04 07:13:59: 
2026-08-04 07:13:59: 
2026-08-04 07:13:59: > ares@0.1.0 start
2026-08-04 07:13:59: > next start
2026-08-04 07:13:59: 
2026-08-04 07:13:59: 
2026-08-04 07:13:59: > ares@0.1.0 start
2026-08-04 07:13:59: > next start
2026-08-04 07:13:59: 
2026-08-04 07:14:00: 
2026-08-04 07:14:00: > ares@0.1.0 start
2026-08-04 07:14:00: > next start
2026-08-04 07:14:00: 
2026-08-04 07:14:00: 
2026-08-04 07:14:00: > ares@0.1.0 start
2026-08-04 07:14:00: > next start
2026-08-04 07:14:00: 
2026-08-04 07:14:00: 
2026-08-04 07:14:00: > ares@0.1.0 start
2026-08-04 07:14:00: > next start
2026-08-04 07:14:00: 
2026-08-04 07:14:01: 
2026-08-04 07:14:01: > ares@0.1.0 start
2026-08-04 07:14:01: > next start
2026-08-04 07:14:01: 
2026-08-04 07:14:01: 
2026-08-04 07:14:01: > ares@0.1.0 start
2026-08-04 07:14:01: > next start
2026-08-04 07:14:01: 
2026-08-04 07:14:01: 
2026-08-04 07:14:01: > ares@0.1.0 start
2026-08-04 07:14:01: > next start
2026-08-04 07:14:01: 
2026-08-04 07:14:02: 
2026-08-04 07:14:02: > ares@0.1.0 start
2026-08-04 07:14:02: > next start
2026-08-04 07:14:02: 
2026-08-04 07:14:02: 
2026-08-04 07:14:02: > ares@0.1.0 start
2026-08-04 07:14:02: > next start
2026-08-04 07:14:02: 
2026-08-04 07:14:02: 
2026-08-04 07:14:02: > ares@0.1.0 start
2026-08-04 07:14:02: > next start
2026-08-04 07:14:02: 
2026-08-04 07:14:03: 
2026-08-04 07:14:03: > ares@0.1.0 start
2026-08-04 07:14:03: > next start
2026-08-04 07:14:03: 
2026-08-04 07:14:03: 
2026-08-04 07:14:03: > ares@0.1.0 start
2026-08-04 07:14:03: > next start
2026-08-04 07:14:03: 
2026-08-04 07:14:04: 
2026-08-04 07:14:04: > ares@0.1.0 start
2026-08-04 07:14:04: > next start
2026-08-04 07:14:04: 
2026-08-04 07:14:04: 
2026-08-04 07:14:04: > ares@0.1.0 start
2026-08-04 07:14:04: > next start
2026-08-04 07:14:04: 
2026-08-04 07:14:05: 
2026-08-04 07:14:05: > ares@0.1.0 start
2026-08-04 07:14:05: > next start
2026-08-04 07:14:05: 
2026-08-04 07:14:06: 
2026-08-04 07:14:06: > ares@0.1.0 start
2026-08-04 07:14:06: > next start
2026-08-04 07:14:06: 
2026-08-04 07:14:06: 
2026-08-04 07:14:06: > ares@0.1.0 start
2026-08-04 07:14:06: > next start
2026-08-04 07:14:06: 
2026-08-04 07:14:07: 
2026-08-04 07:14:07: > ares@0.1.0 start
2026-08-04 07:14:07: > next start
2026-08-04 07:14:07: 
2026-08-04 07:14:08: 
2026-08-04 07:14:08: > ares@0.1.0 start
2026-08-04 07:14:08: > next start
2026-08-04 07:14:08: 
2026-08-04 07:14:08: 
2026-08-04 07:14:08: > ares@0.1.0 start
2026-08-04 07:14:08: > next start
2026-08-04 07:14:08: 
2026-08-04 07:14:09: 
2026-08-04 07:14:09: > ares@0.1.0 start
2026-08-04 07:14:09: > next start
2026-08-04 07:14:09: 
2026-08-04 07:14:09: 
2026-08-04 07:14:09: > ares@0.1.0 start
2026-08-04 07:14:09: > next start
2026-08-04 07:14:09: 
2026-08-04 07:14:10: 
2026-08-04 07:14:10: > ares@0.1.0 start
2026-08-04 07:14:10: > next start
2026-08-04 07:14:10: 
2026-08-04 07:14:10: 
2026-08-04 07:14:10: > ares@0.1.0 start
2026-08-04 07:14:10: > next start
2026-08-04 07:14:10: 
2026-08-04 07:14:10: 
2026-08-04 07:14:10: > ares@0.1.0 start
2026-08-04 07:14:10: > next start
2026-08-04 07:14:10: 
2026-08-04 07:14:11: 
2026-08-04 07:14:11: > ares@0.1.0 start
2026-08-04 07:14:11: > next start
2026-08-04 07:14:11: 
2026-08-04 07:14:11: 
2026-08-04 07:14:11: > ares@0.1.0 start
2026-08-04 07:14:11: > next start
2026-08-04 07:14:11: 
2026-08-04 07:14:11: 
2026-08-04 07:14:11: > ares@0.1.0 start
2026-08-04 07:14:11: > next start
2026-08-04 07:14:11: 
2026-08-04 07:14:12: 
2026-08-04 07:14:12: > ares@0.1.0 start
2026-08-04 07:14:12: > next start
2026-08-04 07:14:12: 
2026-08-04 07:14:12: 
2026-08-04 07:14:12: > ares@0.1.0 start
2026-08-04 07:14:12: > next start
2026-08-04 07:14:12: 
2026-08-04 07:14:12: 
2026-08-04 07:14:12: > ares@0.1.0 start
2026-08-04 07:14:12: > next start
2026-08-04 07:14:12: 
2026-08-04 07:14:13: 
2026-08-04 07:14:13: > ares@0.1.0 start
2026-08-04 07:14:13: > next start
2026-08-04 07:14:13: 
2026-08-04 07:14:13: 
2026-08-04 07:14:13: > ares@0.1.0 start
2026-08-04 07:14:13: > next start
2026-08-04 07:14:13: 
2026-08-04 07:14:14: 
2026-08-04 07:14:14: > ares@0.1.0 start
2026-08-04 07:14:14: > next start
2026-08-04 07:14:14: 
2026-08-04 07:14:14: 
2026-08-04 07:14:14: > ares@0.1.0 start
2026-08-04 07:14:14: > next start
2026-08-04 07:14:14: 
2026-08-04 07:14:15: 
2026-08-04 07:14:15: > ares@0.1.0 start
2026-08-04 07:14:15: > next start
2026-08-04 07:14:15: 
2026-08-04 07:14:16: 
2026-08-04 07:14:16: > ares@0.1.0 start
2026-08-04 07:14:16: > next start
2026-08-04 07:14:16: 
2026-08-04 07:14:16: 
2026-08-04 07:14:16: > ares@0.1.0 start
2026-08-04 07:14:16: > next start
2026-08-04 07:14:16: 
2026-08-04 07:14:17: 
2026-08-04 07:14:17: > ares@0.1.0 start
2026-08-04 07:14:17: > next start
2026-08-04 07:14:17: 
2026-08-04 07:14:18: 
2026-08-04 07:14:18: > ares@0.1.0 start
2026-08-04 07:14:18: > next start
2026-08-04 07:14:18: 
2026-08-04 07:14:18: 
2026-08-04 07:14:18: > ares@0.1.0 start
2026-08-04 07:14:18: > next start
2026-08-04 07:14:18: 
2026-08-04 07:14:19: 
2026-08-04 07:14:19: > ares@0.1.0 start
2026-08-04 07:14:19: > next start
2026-08-04 07:14:19: 
2026-08-04 07:14:19: 
2026-08-04 07:14:19: > ares@0.1.0 start
2026-08-04 07:14:19: > next start
2026-08-04 07:14:19: 
2026-08-04 07:14:19: 
2026-08-04 07:14:19: > ares@0.1.0 start
2026-08-04 07:14:19: > next start
2026-08-04 07:14:19: 
2026-08-04 07:14:20: 
2026-08-04 07:14:20: > ares@0.1.0 start
2026-08-04 07:14:20: > next start
2026-08-04 07:14:20: 
2026-08-04 07:14:20: 
2026-08-04 07:14:20: > ares@0.1.0 start
2026-08-04 07:14:20: > next start
2026-08-04 07:14:20: 
2026-08-04 07:14:20: 
2026-08-04 07:14:20: > ares@0.1.0 start
2026-08-04 07:14:20: > next start
2026-08-04 07:14:20: 
2026-08-04 07:14:21: 
2026-08-04 07:14:21: > ares@0.1.0 start
2026-08-04 07:14:21: > next start
2026-08-04 07:14:21: 
2026-08-04 07:14:21: 
2026-08-04 07:14:21: > ares@0.1.0 start
2026-08-04 07:14:21: > next start
2026-08-04 07:14:21: 
2026-08-04 07:14:21: 
2026-08-04 07:14:21: > ares@0.1.0 start
2026-08-04 07:14:21: > next start
2026-08-04 07:14:21: 
2026-08-04 07:14:22: 
2026-08-04 07:14:22: > ares@0.1.0 start
2026-08-04 07:14:22: > next start
2026-08-04 07:14:22: 
2026-08-04 07:14:22: 
2026-08-04 07:14:22: > ares@0.1.0 start
2026-08-04 07:14:22: > next start
2026-08-04 07:14:22: 
2026-08-04 07:14:22: 
2026-08-04 07:14:22: > ares@0.1.0 start
2026-08-04 07:14:22: > next start
2026-08-04 07:14:22: 
2026-08-04 07:14:23: 
2026-08-04 07:14:23: > ares@0.1.0 start
2026-08-04 07:14:23: > next start
2026-08-04 07:14:23: 
2026-08-04 07:14:23: 
2026-08-04 07:14:23: > ares@0.1.0 start
2026-08-04 07:14:23: > next start
2026-08-04 07:14:23: 
2026-08-04 07:14:23: 
2026-08-04 07:14:23: > ares@0.1.0 start
2026-08-04 07:14:23: > next start
2026-08-04 07:14:23: 
2026-08-04 07:14:24: 
2026-08-04 07:14:24: > ares@0.1.0 start
2026-08-04 07:14:24: > next start
2026-08-04 07:14:24: 
2026-08-04 07:14:24: 
2026-08-04 07:14:24: > ares@0.1.0 start
2026-08-04 07:14:24: > next start
2026-08-04 07:14:24: 
2026-08-04 07:14:24: 
2026-08-04 07:14:24: > ares@0.1.0 start
2026-08-04 07:14:24: > next start
2026-08-04 07:14:24: 
2026-08-04 07:14:25: 
2026-08-04 07:14:25: > ares@0.1.0 start
2026-08-04 07:14:25: > next start
2026-08-04 07:14:25: 
2026-08-04 07:14:25: 
2026-08-04 07:14:25: > ares@0.1.0 start
2026-08-04 07:14:25: > next start
2026-08-04 07:14:25: 
2026-08-04 07:14:25: 
2026-08-04 07:14:25: > ares@0.1.0 start
2026-08-04 07:14:25: > next start
2026-08-04 07:14:25: 
2026-08-04 07:14:26: 
2026-08-04 07:14:26: > ares@0.1.0 start
2026-08-04 07:14:26: > next start
2026-08-04 07:14:26: 
2026-08-04 07:14:26: 
2026-08-04 07:14:26: > ares@0.1.0 start
2026-08-04 07:14:26: > next start
2026-08-04 07:14:26: 
2026-08-04 07:14:26: 
2026-08-04 07:14:26: > ares@0.1.0 start
2026-08-04 07:14:26: > next start
2026-08-04 07:14:26: 
2026-08-04 07:14:27: 
2026-08-04 07:14:27: > ares@0.1.0 start
2026-08-04 07:14:27: > next start
2026-08-04 07:14:27: 
2026-08-04 07:14:27: 
2026-08-04 07:14:27: > ares@0.1.0 start
2026-08-04 07:14:27: > next start
2026-08-04 07:14:27: 
2026-08-04 07:14:27: 
2026-08-04 07:14:27: > ares@0.1.0 start
2026-08-04 07:14:27: > next start
2026-08-04 07:14:27: 
2026-08-04 07:14:28: 
2026-08-04 07:14:28: > ares@0.1.0 start
2026-08-04 07:14:28: > next start
2026-08-04 07:14:28: 
2026-08-04 07:14:28: 
2026-08-04 07:14:28: > ares@0.1.0 start
2026-08-04 07:14:28: > next start
2026-08-04 07:14:28: 
2026-08-04 07:14:29: 
2026-08-04 07:14:29: > ares@0.1.0 start
2026-08-04 07:14:29: > next start
2026-08-04 07:14:29: 
2026-08-04 07:14:30: 
2026-08-04 07:14:30: > ares@0.1.0 start
2026-08-04 07:14:30: > next start
2026-08-04 07:14:30: 
2026-08-04 07:14:30: 
2026-08-04 07:14:30: > ares@0.1.0 start
2026-08-04 07:14:30: > next start
2026-08-04 07:14:30: 
2026-08-04 07:14:31: 
2026-08-04 07:14:31: > ares@0.1.0 start
2026-08-04 07:14:31: > next start
2026-08-04 07:14:31: 
2026-08-04 07:14:31: 
2026-08-04 07:14:31: > ares@0.1.0 start
2026-08-04 07:14:31: > next start
2026-08-04 07:14:31: 
2026-08-04 07:14:32: 
2026-08-04 07:14:32: > ares@0.1.0 start
2026-08-04 07:14:32: > next start
2026-08-04 07:14:32: 
2026-08-04 07:14:32: 
2026-08-04 07:14:32: > ares@0.1.0 start
2026-08-04 07:14:32: > next start
2026-08-04 07:14:32: 
2026-08-04 07:14:32: 
2026-08-04 07:14:32: > ares@0.1.0 start
2026-08-04 07:14:32: > next start
2026-08-04 07:14:32: 
2026-08-04 07:14:33: 
2026-08-04 07:14:33: > ares@0.1.0 start
2026-08-04 07:14:33: > next start
2026-08-04 07:14:33: 
2026-08-04 07:14:34: 
2026-08-04 07:14:34: > ares@0.1.0 start
2026-08-04 07:14:34: > next start
2026-08-04 07:14:34: 
2026-08-04 07:14:35: 
2026-08-04 07:14:35: > ares@0.1.0 start
2026-08-04 07:14:35: > next start
2026-08-04 07:14:35: 
2026-08-04 07:14:35: 
2026-08-04 07:14:35: > ares@0.1.0 start
2026-08-04 07:14:35: > next start
2026-08-04 07:14:35: 
2026-08-04 07:14:36: 
2026-08-04 07:14:36: > ares@0.1.0 start
2026-08-04 07:14:36: > next start
2026-08-04 07:14:36: 
2026-08-04 07:14:36: 
2026-08-04 07:14:36: > ares@0.1.0 start
2026-08-04 07:14:36: > next start
2026-08-04 07:14:36: 
2026-08-04 07:14:37: 
2026-08-04 07:14:37: > ares@0.1.0 start
2026-08-04 07:14:37: > next start
2026-08-04 07:14:37: 
2026-08-04 07:14:37: 
2026-08-04 07:14:37: > ares@0.1.0 start
2026-08-04 07:14:37: > next start
2026-08-04 07:14:37: 
2026-08-04 07:14:37: 
2026-08-04 07:14:37: > ares@0.1.0 start
2026-08-04 07:14:37: > next start
2026-08-04 07:14:37: 
2026-08-04 07:14:38: 
2026-08-04 07:14:38: > ares@0.1.0 start
2026-08-04 07:14:38: > next start
2026-08-04 07:14:38: 
2026-08-04 07:14:38: 
2026-08-04 07:14:38: > ares@0.1.0 start
2026-08-04 07:14:38: > next start
2026-08-04 07:14:38: 
2026-08-04 07:14:38: 
2026-08-04 07:14:38: > ares@0.1.0 start
2026-08-04 07:14:38: > next start
2026-08-04 07:14:38: 
2026-08-04 07:14:39: 
2026-08-04 07:14:39: > ares@0.1.0 start
2026-08-04 07:14:39: > next start
2026-08-04 07:14:39: 
2026-08-04 07:14:39: 
2026-08-04 07:14:39: > ares@0.1.0 start
2026-08-04 07:14:39: > next start
2026-08-04 07:14:39: 
2026-08-04 07:14:39: 
2026-08-04 07:14:39: > ares@0.1.0 start
2026-08-04 07:14:39: > next start
2026-08-04 07:14:39: 
2026-08-04 07:14:40: 
2026-08-04 07:14:40: > ares@0.1.0 start
2026-08-04 07:14:40: > next start
2026-08-04 07:14:40: 
2026-08-04 07:14:40: 
2026-08-04 07:14:40: > ares@0.1.0 start
2026-08-04 07:14:40: > next start
2026-08-04 07:14:40: 
2026-08-04 07:14:40: 
2026-08-04 07:14:40: > ares@0.1.0 start
2026-08-04 07:14:40: > next start
2026-08-04 07:14:40: 
2026-08-04 07:14:41: 
2026-08-04 07:14:41: > ares@0.1.0 start
2026-08-04 07:14:41: > next start
2026-08-04 07:14:41: 
2026-08-04 07:14:41: 
2026-08-04 07:14:41: > ares@0.1.0 start
2026-08-04 07:14:41: > next start
2026-08-04 07:14:41: 
2026-08-04 07:14:41: 
2026-08-04 07:14:41: > ares@0.1.0 start
2026-08-04 07:14:41: > next start
2026-08-04 07:14:41: 
2026-08-04 07:14:42: 
2026-08-04 07:14:42: > ares@0.1.0 start
2026-08-04 07:14:42: > next start
2026-08-04 07:14:42: 
2026-08-04 07:14:42: 
2026-08-04 07:14:42: > ares@0.1.0 start
2026-08-04 07:14:42: > next start
2026-08-04 07:14:42: 
2026-08-04 07:14:42: 
2026-08-04 07:14:42: > ares@0.1.0 start
2026-08-04 07:14:42: > next start
2026-08-04 07:14:42: 
2026-08-04 07:14:43: 
2026-08-04 07:14:43: > ares@0.1.0 start
2026-08-04 07:14:43: > next start
2026-08-04 07:14:43: 
2026-08-04 07:14:43: 
2026-08-04 07:14:43: > ares@0.1.0 start
2026-08-04 07:14:43: > next start
2026-08-04 07:14:43: 
2026-08-04 07:14:44: 
2026-08-04 07:14:44: > ares@0.1.0 start
2026-08-04 07:14:44: > next start
2026-08-04 07:14:44: 
2026-08-04 07:14:44: 
2026-08-04 07:14:44: > ares@0.1.0 start
2026-08-04 07:14:44: > next start
2026-08-04 07:14:44: 
2026-08-04 07:14:44: 
2026-08-04 07:14:44: > ares@0.1.0 start
2026-08-04 07:14:44: > next start
2026-08-04 07:14:44: 
2026-08-04 07:14:45: 
2026-08-04 07:14:45: > ares@0.1.0 start
2026-08-04 07:14:45: > next start
2026-08-04 07:14:45: 
2026-08-04 07:14:45: 
2026-08-04 07:14:45: > ares@0.1.0 start
2026-08-04 07:14:45: > next start
2026-08-04 07:14:45: 
2026-08-04 07:14:45: 
2026-08-04 07:14:45: > ares@0.1.0 start
2026-08-04 07:14:45: > next start
2026-08-04 07:14:45: 
2026-08-04 07:14:46: 
2026-08-04 07:14:46: > ares@0.1.0 start
2026-08-04 07:14:46: > next start
2026-08-04 07:14:46: 
2026-08-04 07:14:46: 
2026-08-04 07:14:46: > ares@0.1.0 start
2026-08-04 07:14:46: > next start
2026-08-04 07:14:46: 
2026-08-04 07:14:47: 
2026-08-04 07:14:47: > ares@0.1.0 start
2026-08-04 07:14:47: > next start
2026-08-04 07:14:47: 
2026-08-04 07:14:47: 
2026-08-04 07:14:47: > ares@0.1.0 start
2026-08-04 07:14:47: > next start
2026-08-04 07:14:47: 
2026-08-04 07:14:48: 
2026-08-04 07:14:48: > ares@0.1.0 start
2026-08-04 07:14:48: > next start
2026-08-04 07:14:48: 
2026-08-04 07:14:49: 
2026-08-04 07:14:49: > ares@0.1.0 start
2026-08-04 07:14:49: > next start
2026-08-04 07:14:49: 
2026-08-04 07:14:49: 
2026-08-04 07:14:49: > ares@0.1.0 start
2026-08-04 07:14:49: > next start
2026-08-04 07:14:49: 
2026-08-04 07:14:50: 
2026-08-04 07:14:50: > ares@0.1.0 start
2026-08-04 07:14:50: > next start
2026-08-04 07:14:50: 
2026-08-04 07:14:50: 
2026-08-04 07:14:50: > ares@0.1.0 start
2026-08-04 07:14:50: > next start
2026-08-04 07:14:50: 
2026-08-04 07:14:51: 
2026-08-04 07:14:51: > ares@0.1.0 start
2026-08-04 07:14:51: > next start
2026-08-04 07:14:51: 
2026-08-04 07:14:51: 
2026-08-04 07:14:51: > ares@0.1.0 start
2026-08-04 07:14:51: > next start
2026-08-04 07:14:51: 
2026-08-04 07:14:51: 
2026-08-04 07:14:51: > ares@0.1.0 start
2026-08-04 07:14:51: > next start
2026-08-04 07:14:51: 
2026-08-04 07:14:52: 
2026-08-04 07:14:52: > ares@0.1.0 start
2026-08-04 07:14:52: > next start
2026-08-04 07:14:52: 
2026-08-04 07:14:52: 
2026-08-04 07:14:52: > ares@0.1.0 start
2026-08-04 07:14:52: > next start
2026-08-04 07:14:52: 
2026-08-04 07:14:52: 
2026-08-04 07:14:52: > ares@0.1.0 start
2026-08-04 07:14:52: > next start
2026-08-04 07:14:52: 
2026-08-04 07:14:53: 
2026-08-04 07:14:53: > ares@0.1.0 start
2026-08-04 07:14:53: > next start
2026-08-04 07:14:53: 
2026-08-04 07:14:53: 
2026-08-04 07:14:53: > ares@0.1.0 start
2026-08-04 07:14:53: > next start
2026-08-04 07:14:53: 
2026-08-04 07:14:53: 
2026-08-04 07:14:53: > ares@0.1.0 start
2026-08-04 07:14:53: > next start
2026-08-04 07:14:53: 
2026-08-04 07:14:54: 
2026-08-04 07:14:54: > ares@0.1.0 start
2026-08-04 07:14:54: > next start
2026-08-04 07:14:54: 
2026-08-04 07:14:54: 
2026-08-04 07:14:54: > ares@0.1.0 start
2026-08-04 07:14:54: > next start
2026-08-04 07:14:54: 
2026-08-04 07:14:54: 
2026-08-04 07:14:54: > ares@0.1.0 start
2026-08-04 07:14:54: > next start
2026-08-04 07:14:54: 
2026-08-04 07:14:55: 
2026-08-04 07:14:55: > ares@0.1.0 start
2026-08-04 07:14:55: > next start
2026-08-04 07:14:55: 
2026-08-04 07:14:55: 
2026-08-04 07:14:55: > ares@0.1.0 start
2026-08-04 07:14:55: > next start
2026-08-04 07:14:55: 
2026-08-04 07:14:56: 
2026-08-04 07:14:56: > ares@0.1.0 start
2026-08-04 07:14:56: > next start
2026-08-04 07:14:56: 
2026-08-04 07:14:56: 
2026-08-04 07:14:56: > ares@0.1.0 start
2026-08-04 07:14:56: > next start
2026-08-04 07:14:56: 
2026-08-04 07:14:56: 
2026-08-04 07:14:56: > ares@0.1.0 start
2026-08-04 07:14:56: > next start
2026-08-04 07:14:56: 
2026-08-04 07:14:57: 
2026-08-04 07:14:57: > ares@0.1.0 start
2026-08-04 07:14:57: > next start
2026-08-04 07:14:57: 
2026-08-04 07:14:57: 
2026-08-04 07:14:57: > ares@0.1.0 start
2026-08-04 07:14:57: > next start
2026-08-04 07:14:57: 
2026-08-04 07:14:57: 
2026-08-04 07:14:57: > ares@0.1.0 start
2026-08-04 07:14:57: > next start
2026-08-04 07:14:57: 
2026-08-04 07:14:58: 
2026-08-04 07:14:58: > ares@0.1.0 start
2026-08-04 07:14:58: > next start
2026-08-04 07:14:58: 
2026-08-04 07:14:58: 
2026-08-04 07:14:58: > ares@0.1.0 start
2026-08-04 07:14:58: > next start
2026-08-04 07:14:58: 
2026-08-04 07:14:59: 
2026-08-04 07:14:59: > ares@0.1.0 start
2026-08-04 07:14:59: > next start
2026-08-04 07:14:59: 
2026-08-04 07:15:00: 
2026-08-04 07:15:00: > ares@0.1.0 start
2026-08-04 07:15:00: > next start
2026-08-04 07:15:00: 
2026-08-04 07:15:01: 
2026-08-04 07:15:01: > ares@0.1.0 start
2026-08-04 07:15:01: > next start
2026-08-04 07:15:01: 
2026-08-04 07:15:01: 
2026-08-04 07:15:01: > ares@0.1.0 start
2026-08-04 07:15:01: > next start
2026-08-04 07:15:01: 
2026-08-04 07:15:02: 
2026-08-04 07:15:02: > ares@0.1.0 start
2026-08-04 07:15:02: > next start
2026-08-04 07:15:02: 
2026-08-04 07:15:02: 
2026-08-04 07:15:02: > ares@0.1.0 start
2026-08-04 07:15:02: > next start
2026-08-04 07:15:02: 
2026-08-04 07:15:02: 
2026-08-04 07:15:02: > ares@0.1.0 start
2026-08-04 07:15:02: > next start
2026-08-04 07:15:02: 
2026-08-04 07:15:03: 
2026-08-04 07:15:03: > ares@0.1.0 start
2026-08-04 07:15:03: > next start
2026-08-04 07:15:03: 
2026-08-04 07:15:03: 
2026-08-04 07:15:03: > ares@0.1.0 start
2026-08-04 07:15:03: > next start
2026-08-04 07:15:03: 
2026-08-04 07:15:03: 
2026-08-04 07:15:03: > ares@0.1.0 start
2026-08-04 07:15:03: > next start
2026-08-04 07:15:03: 
2026-08-04 07:15:04: 
2026-08-04 07:15:04: > ares@0.1.0 start
2026-08-04 07:15:04: > next start
2026-08-04 07:15:04: 
2026-08-04 07:15:04: 
2026-08-04 07:15:04: > ares@0.1.0 start
2026-08-04 07:15:04: > next start
2026-08-04 07:15:04: 
2026-08-04 07:15:05: 
2026-08-04 07:15:05: > ares@0.1.0 start
2026-08-04 07:15:05: > next start
2026-08-04 07:15:05: 
2026-08-04 07:15:05: 
2026-08-04 07:15:05: > ares@0.1.0 start
2026-08-04 07:15:05: > next start
2026-08-04 07:15:05: 
2026-08-04 07:15:05: 
2026-08-04 07:15:05: > ares@0.1.0 start
2026-08-04 07:15:05: > next start
2026-08-04 07:15:05: 
2026-08-04 07:15:06: 
2026-08-04 07:15:06: > ares@0.1.0 start
2026-08-04 07:15:06: > next start
2026-08-04 07:15:06: 
2026-08-04 07:15:06: 
2026-08-04 07:15:06: > ares@0.1.0 start
2026-08-04 07:15:06: > next start
2026-08-04 07:15:06: 
2026-08-04 07:15:06: 
2026-08-04 07:15:06: > ares@0.1.0 start
2026-08-04 07:15:06: > next start
2026-08-04 07:15:06: 
2026-08-04 07:15:07: 
2026-08-04 07:15:07: > ares@0.1.0 start
2026-08-04 07:15:07: > next start
2026-08-04 07:15:07: 
2026-08-04 07:15:07: 
2026-08-04 07:15:07: > ares@0.1.0 start
2026-08-04 07:15:07: > next start
2026-08-04 07:15:07: 
2026-08-04 07:15:07: 
2026-08-04 07:15:07: > ares@0.1.0 start
2026-08-04 07:15:07: > next start
2026-08-04 07:15:07: 
2026-08-04 07:15:08: 
2026-08-04 07:15:08: > ares@0.1.0 start
2026-08-04 07:15:08: > next start
2026-08-04 07:15:08: 
2026-08-04 07:15:08: 
2026-08-04 07:15:08: > ares@0.1.0 start
2026-08-04 07:15:08: > next start
2026-08-04 07:15:08: 
2026-08-04 07:15:08: 
2026-08-04 07:15:08: > ares@0.1.0 start
2026-08-04 07:15:08: > next start
2026-08-04 07:15:08: 
2026-08-04 07:15:09: 
2026-08-04 07:15:09: > ares@0.1.0 start
2026-08-04 07:15:09: > next start
2026-08-04 07:15:09: 
2026-08-04 07:15:09: 
2026-08-04 07:15:09: > ares@0.1.0 start
2026-08-04 07:15:09: > next start
2026-08-04 07:15:09: 
2026-08-04 07:15:09: 
2026-08-04 07:15:09: > ares@0.1.0 start
2026-08-04 07:15:09: > next start
2026-08-04 07:15:09: 
2026-08-04 07:15:10: 
2026-08-04 07:15:10: > ares@0.1.0 start
2026-08-04 07:15:10: > next start
2026-08-04 07:15:10: 
2026-08-04 07:15:10: 
2026-08-04 07:15:10: > ares@0.1.0 start
2026-08-04 07:15:10: > next start
2026-08-04 07:15:10: 
2026-08-04 07:15:10: 
2026-08-04 07:15:10: > ares@0.1.0 start
2026-08-04 07:15:10: > next start
2026-08-04 07:15:10: 
2026-08-04 07:15:11: 
2026-08-04 07:15:11: > ares@0.1.0 start
2026-08-04 07:15:11: > next start
2026-08-04 07:15:11: 
2026-08-04 07:15:11: 
2026-08-04 07:15:11: > ares@0.1.0 start
2026-08-04 07:15:11: > next start
2026-08-04 07:15:11: 
2026-08-04 07:15:11: 
2026-08-04 07:15:11: > ares@0.1.0 start
2026-08-04 07:15:11: > next start
2026-08-04 07:15:11: 
2026-08-04 07:15:12: 
2026-08-04 07:15:12: > ares@0.1.0 start
2026-08-04 07:15:12: > next start
2026-08-04 07:15:12: 
2026-08-04 07:15:12: 
2026-08-04 07:15:12: > ares@0.1.0 start
2026-08-04 07:15:12: > next start
2026-08-04 07:15:12: 
2026-08-04 07:15:12: 
2026-08-04 07:15:12: > ares@0.1.0 start
2026-08-04 07:15:12: > next start
2026-08-04 07:15:12: 
2026-08-04 07:15:13: 
2026-08-04 07:15:13: > ares@0.1.0 start
2026-08-04 07:15:13: > next start
2026-08-04 07:15:13: 
2026-08-04 07:15:13: 
2026-08-04 07:15:13: > ares@0.1.0 start
2026-08-04 07:15:13: > next start
2026-08-04 07:15:13: 
2026-08-04 07:15:13: 
2026-08-04 07:15:13: > ares@0.1.0 start
2026-08-04 07:15:13: > next start
2026-08-04 07:15:13: 
2026-08-04 07:15:14: 
2026-08-04 07:15:14: > ares@0.1.0 start
2026-08-04 07:15:14: > next start
2026-08-04 07:15:14: 
2026-08-04 07:15:14: 
2026-08-04 07:15:14: > ares@0.1.0 start
2026-08-04 07:15:14: > next start
2026-08-04 07:15:14: 
2026-08-04 07:15:14: 
2026-08-04 07:15:14: > ares@0.1.0 start
2026-08-04 07:15:14: > next start
2026-08-04 07:15:14: 
2026-08-04 07:15:15: 
2026-08-04 07:15:15: > ares@0.1.0 start
2026-08-04 07:15:15: > next start
2026-08-04 07:15:15: 
2026-08-04 07:15:16: 
2026-08-04 07:15:16: > ares@0.1.0 start
2026-08-04 07:15:16: > next start
2026-08-04 07:15:16: 
2026-08-04 07:15:16: 
2026-08-04 07:15:16: > ares@0.1.0 start
2026-08-04 07:15:16: > next start
2026-08-04 07:15:16: 
2026-08-04 07:15:17: 
2026-08-04 07:15:17: > ares@0.1.0 start
2026-08-04 07:15:17: > next start
2026-08-04 07:15:17: 
2026-08-04 07:15:18: 
2026-08-04 07:15:18: > ares@0.1.0 start
2026-08-04 07:15:18: > next start
2026-08-04 07:15:18: 
2026-08-04 07:15:18: 
2026-08-04 07:15:18: > ares@0.1.0 start
2026-08-04 07:15:18: > next start
2026-08-04 07:15:18: 
2026-08-04 07:15:18: 
2026-08-04 07:15:18: > ares@0.1.0 start
2026-08-04 07:15:18: > next start
2026-08-04 07:15:18: 
2026-08-04 07:15:19: 
2026-08-04 07:15:19: > ares@0.1.0 start
2026-08-04 07:15:19: > next start
2026-08-04 07:15:19: 
2026-08-04 07:15:19: 
2026-08-04 07:15:19: > ares@0.1.0 start
2026-08-04 07:15:19: > next start
2026-08-04 07:15:19: 
2026-08-04 07:15:19: 
2026-08-04 07:15:19: > ares@0.1.0 start
2026-08-04 07:15:19: > next start
2026-08-04 07:15:19: 
2026-08-04 07:15:20: 
2026-08-04 07:15:20: > ares@0.1.0 start
2026-08-04 07:15:20: > next start
2026-08-04 07:15:20: 
2026-08-04 07:15:20: 
2026-08-04 07:15:20: > ares@0.1.0 start
2026-08-04 07:15:20: > next start
2026-08-04 07:15:20: 
2026-08-04 07:15:20: 
2026-08-04 07:15:20: > ares@0.1.0 start
2026-08-04 07:15:20: > next start
2026-08-04 07:15:20: 
2026-08-04 07:15:21: 
2026-08-04 07:15:21: > ares@0.1.0 start
2026-08-04 07:15:21: > next start
2026-08-04 07:15:21: 
2026-08-04 07:15:21: 
2026-08-04 07:15:21: > ares@0.1.0 start
2026-08-04 07:15:21: > next start
2026-08-04 07:15:21: 
2026-08-04 07:15:21: 
2026-08-04 07:15:21: > ares@0.1.0 start
2026-08-04 07:15:21: > next start
2026-08-04 07:15:21: 
2026-08-04 07:15:22: 
2026-08-04 07:15:22: > ares@0.1.0 start
2026-08-04 07:15:22: > next start
2026-08-04 07:15:22: 
2026-08-04 07:15:22: 
2026-08-04 07:15:22: > ares@0.1.0 start
2026-08-04 07:15:22: > next start
2026-08-04 07:15:22: 
2026-08-04 07:15:22: 
2026-08-04 07:15:22: > ares@0.1.0 start
2026-08-04 07:15:22: > next start
2026-08-04 07:15:22: 
2026-08-04 07:15:23: 
2026-08-04 07:15:23: > ares@0.1.0 start
2026-08-04 07:15:23: > next start
2026-08-04 07:15:23: 
2026-08-04 07:15:23: 
2026-08-04 07:15:23: > ares@0.1.0 start
2026-08-04 07:15:23: > next start
2026-08-04 07:15:23: 
2026-08-04 07:15:23: 
2026-08-04 07:15:23: > ares@0.1.0 start
2026-08-04 07:15:23: > next start
2026-08-04 07:15:23: 
2026-08-04 07:15:24: 
2026-08-04 07:15:24: > ares@0.1.0 start
2026-08-04 07:15:24: > next start
2026-08-04 07:15:24: 
2026-08-04 07:15:24: 
2026-08-04 07:15:24: > ares@0.1.0 start
2026-08-04 07:15:24: > next start
2026-08-04 07:15:24: 
2026-08-04 07:15:24: 
2026-08-04 07:15:24: > ares@0.1.0 start
2026-08-04 07:15:24: > next start
2026-08-04 07:15:24: 
2026-08-04 07:15:25: 
2026-08-04 07:15:25: > ares@0.1.0 start
2026-08-04 07:15:25: > next start
2026-08-04 07:15:25: 
2026-08-04 07:15:25: 
2026-08-04 07:15:25: > ares@0.1.0 start
2026-08-04 07:15:25: > next start
2026-08-04 07:15:25: 
2026-08-04 07:15:26: 
2026-08-04 07:15:26: > ares@0.1.0 start
2026-08-04 07:15:26: > next start
2026-08-04 07:15:26: 
2026-08-04 07:15:26: 
2026-08-04 07:15:26: > ares@0.1.0 start
2026-08-04 07:15:26: > next start
2026-08-04 07:15:26: 
2026-08-04 07:15:27: 
2026-08-04 07:15:27: > ares@0.1.0 start
2026-08-04 07:15:27: > next start
2026-08-04 07:15:27: 
2026-08-04 07:15:27: 
2026-08-04 07:15:27: > ares@0.1.0 start
2026-08-04 07:15:27: > next start
2026-08-04 07:15:27: 
2026-08-04 07:15:27: 
2026-08-04 07:15:27: > ares@0.1.0 start
2026-08-04 07:15:27: > next start
2026-08-04 07:15:27: 
2026-08-04 07:15:28: 
2026-08-04 07:15:28: > ares@0.1.0 start
2026-08-04 07:15:28: > next start
2026-08-04 07:15:28: 
2026-08-04 07:15:28: 
2026-08-04 07:15:28: > ares@0.1.0 start
2026-08-04 07:15:28: > next start
2026-08-04 07:15:28: 
2026-08-04 07:15:28: 
2026-08-04 07:15:28: > ares@0.1.0 start
2026-08-04 07:15:28: > next start
2026-08-04 07:15:28: 
2026-08-04 07:15:29: 
2026-08-04 07:15:29: > ares@0.1.0 start
2026-08-04 07:15:29: > next start
2026-08-04 07:15:29: 
2026-08-04 07:15:30: 
2026-08-04 07:15:30: > ares@0.1.0 start
2026-08-04 07:15:30: > next start
2026-08-04 07:15:30: 
2026-08-04 07:15:30: 
2026-08-04 07:15:30: > ares@0.1.0 start
2026-08-04 07:15:30: > next start
2026-08-04 07:15:30: 
2026-08-04 07:15:31: 
2026-08-04 07:15:31: > ares@0.1.0 start
2026-08-04 07:15:31: > next start
2026-08-04 07:15:31: 
2026-08-04 07:15:32: 
2026-08-04 07:15:32: > ares@0.1.0 start
2026-08-04 07:15:32: > next start
2026-08-04 07:15:32: 
2026-08-04 07:15:33: 
2026-08-04 07:15:33: > ares@0.1.0 start
2026-08-04 07:15:33: > next start
2026-08-04 07:15:33: 
2026-08-04 07:15:33: 
2026-08-04 07:15:33: > ares@0.1.0 start
2026-08-04 07:15:33: > next start
2026-08-04 07:15:33: 
2026-08-04 07:15:33: 
2026-08-04 07:15:33: > ares@0.1.0 start
2026-08-04 07:15:33: > next start
2026-08-04 07:15:33: 
2026-08-04 07:15:34: 
2026-08-04 07:15:34: > ares@0.1.0 start
2026-08-04 07:15:34: > next start
2026-08-04 07:15:34: 
2026-08-04 07:15:34: 
2026-08-04 07:15:34: > ares@0.1.0 start
2026-08-04 07:15:34: > next start
2026-08-04 07:15:34: 
2026-08-04 07:15:34: 
2026-08-04 07:15:34: > ares@0.1.0 start
2026-08-04 07:15:34: > next start
2026-08-04 07:15:34: 
2026-08-04 07:15:35: 
2026-08-04 07:15:35: > ares@0.1.0 start
2026-08-04 07:15:35: > next start
2026-08-04 07:15:35: 
2026-08-04 07:15:35: 
2026-08-04 07:15:35: > ares@0.1.0 start
2026-08-04 07:15:35: > next start
2026-08-04 07:15:35: 
2026-08-04 07:15:35: 
2026-08-04 07:15:35: > ares@0.1.0 start
2026-08-04 07:15:35: > next start
2026-08-04 07:15:35: 
2026-08-04 07:15:36: 
2026-08-04 07:15:36: > ares@0.1.0 start
2026-08-04 07:15:36: > next start
2026-08-04 07:15:36: 
2026-08-04 07:15:36: 
2026-08-04 07:15:36: > ares@0.1.0 start
2026-08-04 07:15:36: > next start
2026-08-04 07:15:36: 
2026-08-04 07:15:36: 
2026-08-04 07:15:36: > ares@0.1.0 start
2026-08-04 07:15:36: > next start
2026-08-04 07:15:36: 
2026-08-04 07:15:37: 
2026-08-04 07:15:37: > ares@0.1.0 start
2026-08-04 07:15:37: > next start
2026-08-04 07:15:37: 
2026-08-04 07:15:37: 
2026-08-04 07:15:37: > ares@0.1.0 start
2026-08-04 07:15:37: > next start
2026-08-04 07:15:37: 
2026-08-04 07:15:37: 
2026-08-04 07:15:37: > ares@0.1.0 start
2026-08-04 07:15:37: > next start
2026-08-04 07:15:37: 
2026-08-04 07:15:38: 
2026-08-04 07:15:38: > ares@0.1.0 start
2026-08-04 07:15:38: > next start
2026-08-04 07:15:38: 
2026-08-04 07:15:38: 
2026-08-04 07:15:38: > ares@0.1.0 start
2026-08-04 07:15:38: > next start
2026-08-04 07:15:38: 
2026-08-04 07:15:38: 
2026-08-04 07:15:38: > ares@0.1.0 start
2026-08-04 07:15:38: > next start
2026-08-04 07:15:38: 
2026-08-04 07:15:39: 
2026-08-04 07:15:39: > ares@0.1.0 start
2026-08-04 07:15:39: > next start
2026-08-04 07:15:39: 
2026-08-04 07:15:39: 
2026-08-04 07:15:39: > ares@0.1.0 start
2026-08-04 07:15:39: > next start
2026-08-04 07:15:39: 
2026-08-04 07:15:39: 
2026-08-04 07:15:39: > ares@0.1.0 start
2026-08-04 07:15:39: > next start
2026-08-04 07:15:39: 
2026-08-04 07:15:40: 
2026-08-04 07:15:40: > ares@0.1.0 start
2026-08-04 07:15:40: > next start
2026-08-04 07:15:40: 
2026-08-04 07:15:40: 
2026-08-04 07:15:40: > ares@0.1.0 start
2026-08-04 07:15:40: > next start
2026-08-04 07:15:40: 
2026-08-04 07:15:40: 
2026-08-04 07:15:40: > ares@0.1.0 start
2026-08-04 07:15:40: > next start
2026-08-04 07:15:40: 
2026-08-04 07:15:41: 
2026-08-04 07:15:41: > ares@0.1.0 start
2026-08-04 07:15:41: > next start
2026-08-04 07:15:41: 
2026-08-04 07:15:41: 
2026-08-04 07:15:41: > ares@0.1.0 start
2026-08-04 07:15:41: > next start
2026-08-04 07:15:41: 
2026-08-04 07:15:41: 
2026-08-04 07:15:41: > ares@0.1.0 start
2026-08-04 07:15:41: > next start
2026-08-04 07:15:41: 
2026-08-04 07:15:42: 
2026-08-04 07:15:42: > ares@0.1.0 start
2026-08-04 07:15:42: > next start
2026-08-04 07:15:42: 
2026-08-04 07:15:42: 
2026-08-04 07:15:42: > ares@0.1.0 start
2026-08-04 07:15:42: > next start
2026-08-04 07:15:42: 
2026-08-04 07:15:42: 
2026-08-04 07:15:42: > ares@0.1.0 start
2026-08-04 07:15:42: > next start
2026-08-04 07:15:42: 
2026-08-04 07:15:43: 
2026-08-04 07:15:43: > ares@0.1.0 start
2026-08-04 07:15:43: > next start
2026-08-04 07:15:43: 
2026-08-04 07:15:43: 
2026-08-04 07:15:43: > ares@0.1.0 start
2026-08-04 07:15:43: > next start
2026-08-04 07:15:43: 
2026-08-04 07:15:44: 
2026-08-04 07:15:44: > ares@0.1.0 start
2026-08-04 07:15:44: > next start
2026-08-04 07:15:44: 
2026-08-04 07:15:44: 
2026-08-04 07:15:44: > ares@0.1.0 start
2026-08-04 07:15:44: > next start
2026-08-04 07:15:44: 
2026-08-04 07:15:44: 
2026-08-04 07:15:44: > ares@0.1.0 start
2026-08-04 07:15:44: > next start
2026-08-04 07:15:44: 
2026-08-04 07:15:45: 
2026-08-04 07:15:45: > ares@0.1.0 start
2026-08-04 07:15:45: > next start
2026-08-04 07:15:45: 
2026-08-04 07:15:46: 
2026-08-04 07:15:46: > ares@0.1.0 start
2026-08-04 07:15:46: > next start
2026-08-04 07:15:46: 
2026-08-04 07:15:46: 
2026-08-04 07:15:46: > ares@0.1.0 start
2026-08-04 07:15:46: > next start
2026-08-04 07:15:46: 
2026-08-04 07:15:47: 
2026-08-04 07:15:47: > ares@0.1.0 start
2026-08-04 07:15:47: > next start
2026-08-04 07:15:47: 
2026-08-04 07:15:47: 
2026-08-04 07:15:47: > ares@0.1.0 start
2026-08-04 07:15:47: > next start
2026-08-04 07:15:47: 
2026-08-04 07:15:48: 
2026-08-04 07:15:48: > ares@0.1.0 start
2026-08-04 07:15:48: > next start
2026-08-04 07:15:48: 
2026-08-04 07:15:48: 
2026-08-04 07:15:48: > ares@0.1.0 start
2026-08-04 07:15:48: > next start
2026-08-04 07:15:48: 
2026-08-04 07:15:49: 
2026-08-04 07:15:49: > ares@0.1.0 start
2026-08-04 07:15:49: > next start
2026-08-04 07:15:49: 
2026-08-04 07:15:49: 
2026-08-04 07:15:49: > ares@0.1.0 start
2026-08-04 07:15:49: > next start
2026-08-04 07:15:49: 
2026-08-04 07:15:49: 
2026-08-04 07:15:49: > ares@0.1.0 start
2026-08-04 07:15:49: > next start
2026-08-04 07:15:49: 
2026-08-04 07:15:50: 
2026-08-04 07:15:50: > ares@0.1.0 start
2026-08-04 07:15:50: > next start
2026-08-04 07:15:50: 
2026-08-04 07:15:50: 
2026-08-04 07:15:50: > ares@0.1.0 start
2026-08-04 07:15:50: > next start
2026-08-04 07:15:50: 
2026-08-04 07:15:50: 
2026-08-04 07:15:50: > ares@0.1.0 start
2026-08-04 07:15:50: > next start
2026-08-04 07:15:50: 
2026-08-04 07:15:51: 
2026-08-04 07:15:51: > ares@0.1.0 start
2026-08-04 07:15:51: > next start
2026-08-04 07:15:51: 
2026-08-04 07:15:51: 
2026-08-04 07:15:51: > ares@0.1.0 start
2026-08-04 07:15:51: > next start
2026-08-04 07:15:51: 
2026-08-04 07:15:51: 
2026-08-04 07:15:51: > ares@0.1.0 start
2026-08-04 07:15:51: > next start
2026-08-04 07:15:51: 
2026-08-04 07:15:52: 
2026-08-04 07:15:52: > ares@0.1.0 start
2026-08-04 07:15:52: > next start
2026-08-04 07:15:52: 
2026-08-04 07:15:52: 
2026-08-04 07:15:52: > ares@0.1.0 start
2026-08-04 07:15:52: > next start
2026-08-04 07:15:52: 
2026-08-04 07:15:52: 
2026-08-04 07:15:52: > ares@0.1.0 start
2026-08-04 07:15:52: > next start
2026-08-04 07:15:52: 
2026-08-04 07:15:53: 
2026-08-04 07:15:53: > ares@0.1.0 start
2026-08-04 07:15:53: > next start
2026-08-04 07:15:53: 
2026-08-04 07:15:53: 
2026-08-04 07:15:53: > ares@0.1.0 start
2026-08-04 07:15:53: > next start
2026-08-04 07:15:53: 
2026-08-04 07:15:53: 
2026-08-04 07:15:53: > ares@0.1.0 start
2026-08-04 07:15:53: > next start
2026-08-04 07:15:53: 
2026-08-04 07:15:54: 
2026-08-04 07:15:54: > ares@0.1.0 start
2026-08-04 07:15:54: > next start
2026-08-04 07:15:54: 
2026-08-04 07:15:54: 
2026-08-04 07:15:54: > ares@0.1.0 start
2026-08-04 07:15:54: > next start
2026-08-04 07:15:54: 
2026-08-04 07:15:54: 
2026-08-04 07:15:54: > ares@0.1.0 start
2026-08-04 07:15:54: > next start
2026-08-04 07:15:54: 
2026-08-04 07:15:55: 
2026-08-04 07:15:55: > ares@0.1.0 start
2026-08-04 07:15:55: > next start
2026-08-04 07:15:55: 
2026-08-04 07:15:55: 
2026-08-04 07:15:55: > ares@0.1.0 start
2026-08-04 07:15:55: > next start
2026-08-04 07:15:55: 
2026-08-04 07:15:55: 
2026-08-04 07:15:55: > ares@0.1.0 start
2026-08-04 07:15:55: > next start
2026-08-04 07:15:55: 
2026-08-04 07:15:56: 
2026-08-04 07:15:56: > ares@0.1.0 start
2026-08-04 07:15:56: > next start
2026-08-04 07:15:56: 
2026-08-04 07:15:56: 
2026-08-04 07:15:56: > ares@0.1.0 start
2026-08-04 07:15:56: > next start
2026-08-04 07:15:56: 
2026-08-04 07:15:56: 
2026-08-04 07:15:56: > ares@0.1.0 start
2026-08-04 07:15:56: > next start
2026-08-04 07:15:56: 
2026-08-04 07:15:57: 
2026-08-04 07:15:57: > ares@0.1.0 start
2026-08-04 07:15:57: > next start
2026-08-04 07:15:57: 
2026-08-04 07:15:57: 
2026-08-04 07:15:57: > ares@0.1.0 start
2026-08-04 07:15:57: > next start
2026-08-04 07:15:57: 
2026-08-04 07:15:57: 
2026-08-04 07:15:57: > ares@0.1.0 start
2026-08-04 07:15:57: > next start
2026-08-04 07:15:57: 
2026-08-04 07:15:58: 
2026-08-04 07:15:58: > ares@0.1.0 start
2026-08-04 07:15:58: > next start
2026-08-04 07:15:58: 
2026-08-04 07:15:58: 
2026-08-04 07:15:58: > ares@0.1.0 start
2026-08-04 07:15:58: > next start
2026-08-04 07:15:58: 
2026-08-04 07:15:58: 
2026-08-04 07:15:58: > ares@0.1.0 start
2026-08-04 07:15:58: > next start
2026-08-04 07:15:58: 
2026-08-04 07:15:59: 
2026-08-04 07:15:59: > ares@0.1.0 start
2026-08-04 07:15:59: > next start
2026-08-04 07:15:59: 
2026-08-04 07:15:59: 
2026-08-04 07:15:59: > ares@0.1.0 start
2026-08-04 07:15:59: > next start
2026-08-04 07:15:59: 
2026-08-04 07:15:59: 
2026-08-04 07:15:59: > ares@0.1.0 start
2026-08-04 07:15:59: > next start
2026-08-04 07:15:59: 
2026-08-04 07:16:00: 
2026-08-04 07:16:00: > ares@0.1.0 start
2026-08-04 07:16:00: > next start
2026-08-04 07:16:00: 
2026-08-04 07:16:00: 
2026-08-04 07:16:00: > ares@0.1.0 start
2026-08-04 07:16:00: > next start
2026-08-04 07:16:00: 
2026-08-04 07:16:01: 
2026-08-04 07:16:01: > ares@0.1.0 start
2026-08-04 07:16:01: > next start
2026-08-04 07:16:01: 
2026-08-04 07:16:02: 
2026-08-04 07:16:02: > ares@0.1.0 start
2026-08-04 07:16:02: > next start
2026-08-04 07:16:02: 
2026-08-04 07:16:02: 
2026-08-04 07:16:02: > ares@0.1.0 start
2026-08-04 07:16:02: > next start
2026-08-04 07:16:02: 
2026-08-04 07:16:03: 
2026-08-04 07:16:03: > ares@0.1.0 start
2026-08-04 07:16:03: > next start
2026-08-04 07:16:03: 
2026-08-04 07:16:03: 
2026-08-04 07:16:03: > ares@0.1.0 start
2026-08-04 07:16:03: > next start
2026-08-04 07:16:03: 
2026-08-04 07:16:04: 
2026-08-04 07:16:04: > ares@0.1.0 start
2026-08-04 07:16:04: > next start
2026-08-04 07:16:04: 
2026-08-04 07:16:04: 
2026-08-04 07:16:04: > ares@0.1.0 start
2026-08-04 07:16:04: > next start
2026-08-04 07:16:04: 
2026-08-04 07:16:04: 
2026-08-04 07:16:04: > ares@0.1.0 start
2026-08-04 07:16:04: > next start
2026-08-04 07:16:04: 
2026-08-04 07:16:05: 
2026-08-04 07:16:05: > ares@0.1.0 start
2026-08-04 07:16:05: > next start
2026-08-04 07:16:05: 
2026-08-04 07:16:05: 
2026-08-04 07:16:05: > ares@0.1.0 start
2026-08-04 07:16:05: > next start
2026-08-04 07:16:05: 
2026-08-04 07:16:05: 
2026-08-04 07:16:05: > ares@0.1.0 start
2026-08-04 07:16:05: > next start
2026-08-04 07:16:05: 
2026-08-04 07:16:06: 
2026-08-04 07:16:06: > ares@0.1.0 start
2026-08-04 07:16:06: > next start
2026-08-04 07:16:06: 
2026-08-04 07:16:07: 
2026-08-04 07:16:07: > ares@0.1.0 start
2026-08-04 07:16:07: > next start
2026-08-04 07:16:07: 
2026-08-04 07:16:07: 
2026-08-04 07:16:07: > ares@0.1.0 start
2026-08-04 07:16:07: > next start
2026-08-04 07:16:07: 
2026-08-04 07:16:08: 
2026-08-04 07:16:08: > ares@0.1.0 start
2026-08-04 07:16:08: > next start
2026-08-04 07:16:08: 
2026-08-04 07:16:09: 
2026-08-04 07:16:09: > ares@0.1.0 start
2026-08-04 07:16:09: > next start
2026-08-04 07:16:09: 
2026-08-04 07:16:09: 
2026-08-04 07:16:09: > ares@0.1.0 start
2026-08-04 07:16:09: > next start
2026-08-04 07:16:09: 
2026-08-04 07:16:09: 
2026-08-04 07:16:09: > ares@0.1.0 start
2026-08-04 07:16:09: > next start
2026-08-04 07:16:09: 
2026-08-04 07:16:10: 
2026-08-04 07:16:10: > ares@0.1.0 start
2026-08-04 07:16:10: > next start
2026-08-04 07:16:10: 
2026-08-04 07:16:10: 
2026-08-04 07:16:10: > ares@0.1.0 start
2026-08-04 07:16:10: > next start
2026-08-04 07:16:10: 
2026-08-04 07:16:10: 
2026-08-04 07:16:10: > ares@0.1.0 start
2026-08-04 07:16:10: > next start
2026-08-04 07:16:10: 
2026-08-04 07:16:11: 
2026-08-04 07:16:11: > ares@0.1.0 start
2026-08-04 07:16:11: > next start
2026-08-04 07:16:11: 
2026-08-04 07:16:11: 
2026-08-04 07:16:11: > ares@0.1.0 start
2026-08-04 07:16:11: > next start
2026-08-04 07:16:11: 
2026-08-04 07:16:11: 
2026-08-04 07:16:11: > ares@0.1.0 start
2026-08-04 07:16:11: > next start
2026-08-04 07:16:11: 
2026-08-04 07:16:12: 
2026-08-04 07:16:12: > ares@0.1.0 start
2026-08-04 07:16:12: > next start
2026-08-04 07:16:12: 
2026-08-04 07:16:12: 
2026-08-04 07:16:12: > ares@0.1.0 start
2026-08-04 07:16:12: > next start
2026-08-04 07:16:12: 
2026-08-04 07:16:12: 
2026-08-04 07:16:12: > ares@0.1.0 start
2026-08-04 07:16:12: > next start
2026-08-04 07:16:12: 
2026-08-04 07:16:13: 
2026-08-04 07:16:13: > ares@0.1.0 start
2026-08-04 07:16:13: > next start
2026-08-04 07:16:13: 
2026-08-04 07:16:13: 
2026-08-04 07:16:13: > ares@0.1.0 start
2026-08-04 07:16:13: > next start
2026-08-04 07:16:13: 
2026-08-04 07:16:13: 
2026-08-04 07:16:13: > ares@0.1.0 start
2026-08-04 07:16:13: > next start
2026-08-04 07:16:13: 
2026-08-04 07:16:14: 
2026-08-04 07:16:14: > ares@0.1.0 start
2026-08-04 07:16:14: > next start
2026-08-04 07:16:14: 
2026-08-04 07:16:14: 
2026-08-04 07:16:14: > ares@0.1.0 start
2026-08-04 07:16:14: > next start
2026-08-04 07:16:14: 
2026-08-04 07:16:14: 
2026-08-04 07:16:14: > ares@0.1.0 start
2026-08-04 07:16:14: > next start
2026-08-04 07:16:14: 
2026-08-04 07:16:15: 
2026-08-04 07:16:15: > ares@0.1.0 start
2026-08-04 07:16:15: > next start
2026-08-04 07:16:15: 
2026-08-04 07:16:15: 
2026-08-04 07:16:15: > ares@0.1.0 start
2026-08-04 07:16:15: > next start
2026-08-04 07:16:15: 
2026-08-04 07:16:15: 
2026-08-04 07:16:15: > ares@0.1.0 start
2026-08-04 07:16:15: > next start
2026-08-04 07:16:15: 
2026-08-04 07:16:16: 
2026-08-04 07:16:16: > ares@0.1.0 start
2026-08-04 07:16:16: > next start
2026-08-04 07:16:16: 
2026-08-04 07:16:16: 
2026-08-04 07:16:16: > ares@0.1.0 start
2026-08-04 07:16:16: > next start
2026-08-04 07:16:16: 
2026-08-04 07:16:16: 
2026-08-04 07:16:16: > ares@0.1.0 start
2026-08-04 07:16:16: > next start
2026-08-04 07:16:16: 
2026-08-04 07:16:17: 
2026-08-04 07:16:17: > ares@0.1.0 start
2026-08-04 07:16:17: > next start
2026-08-04 07:16:17: 
2026-08-04 07:16:17: 
2026-08-04 07:16:17: > ares@0.1.0 start
2026-08-04 07:16:17: > next start
2026-08-04 07:16:17: 
2026-08-04 07:16:18: 
2026-08-04 07:16:18: > ares@0.1.0 start
2026-08-04 07:16:18: > next start
2026-08-04 07:16:18: 
2026-08-04 07:16:18: 
2026-08-04 07:16:18: > ares@0.1.0 start
2026-08-04 07:16:18: > next start
2026-08-04 07:16:18: 
2026-08-04 07:16:19: 
2026-08-04 07:16:19: > ares@0.1.0 start
2026-08-04 07:16:19: > next start
2026-08-04 07:16:19: 
2026-08-04 07:16:19: 
2026-08-04 07:16:19: > ares@0.1.0 start
2026-08-04 07:16:19: > next start
2026-08-04 07:16:19: 
2026-08-04 07:16:19: 
2026-08-04 07:16:19: > ares@0.1.0 start
2026-08-04 07:16:19: > next start
2026-08-04 07:16:19: 
2026-08-04 07:16:20: 
2026-08-04 07:16:20: > ares@0.1.0 start
2026-08-04 07:16:20: > next start
2026-08-04 07:16:20: 
2026-08-04 07:16:20: 
2026-08-04 07:16:20: > ares@0.1.0 start
2026-08-04 07:16:20: > next start
2026-08-04 07:16:20: 
2026-08-04 07:16:20: 
2026-08-04 07:16:20: > ares@0.1.0 start
2026-08-04 07:16:20: > next start
2026-08-04 07:16:20: 
2026-08-04 07:16:21: 
2026-08-04 07:16:21: > ares@0.1.0 start
2026-08-04 07:16:21: > next start
2026-08-04 07:16:21: 
2026-08-04 07:16:21: 
2026-08-04 07:16:21: > ares@0.1.0 start
2026-08-04 07:16:21: > next start
2026-08-04 07:16:21: 
2026-08-04 07:16:21: 
2026-08-04 07:16:21: > ares@0.1.0 start
2026-08-04 07:16:21: > next start
2026-08-04 07:16:21: 
2026-08-04 07:16:22: 
2026-08-04 07:16:22: > ares@0.1.0 start
2026-08-04 07:16:22: > next start
2026-08-04 07:16:22: 
2026-08-04 07:16:22: 
2026-08-04 07:16:22: > ares@0.1.0 start
2026-08-04 07:16:22: > next start
2026-08-04 07:16:22: 
2026-08-04 07:16:22: 
2026-08-04 07:16:22: > ares@0.1.0 start
2026-08-04 07:16:22: > next start
2026-08-04 07:16:22: 
2026-08-04 07:16:23: 
2026-08-04 07:16:23: > ares@0.1.0 start
2026-08-04 07:16:23: > next start
2026-08-04 07:16:23: 
2026-08-04 07:16:23: 
2026-08-04 07:16:23: > ares@0.1.0 start
2026-08-04 07:16:23: > next start
2026-08-04 07:16:23: 
2026-08-04 07:16:23: 
2026-08-04 07:16:23: > ares@0.1.0 start
2026-08-04 07:16:23: > next start
2026-08-04 07:16:23: 
2026-08-04 07:16:24: 
2026-08-04 07:16:24: > ares@0.1.0 start
2026-08-04 07:16:24: > next start
2026-08-04 07:16:24: 
2026-08-04 07:16:24: 
2026-08-04 07:16:24: > ares@0.1.0 start
2026-08-04 07:16:24: > next start
2026-08-04 07:16:24: 
2026-08-04 07:16:24: 
2026-08-04 07:16:24: > ares@0.1.0 start
2026-08-04 07:16:24: > next start
2026-08-04 07:16:24: 
2026-08-04 07:16:25: 
2026-08-04 07:16:25: > ares@0.1.0 start
2026-08-04 07:16:25: > next start
2026-08-04 07:16:25: 
2026-08-04 07:16:25: 
2026-08-04 07:16:25: > ares@0.1.0 start
2026-08-04 07:16:25: > next start
2026-08-04 07:16:25: 
2026-08-04 07:16:25: 
2026-08-04 07:16:25: > ares@0.1.0 start
2026-08-04 07:16:25: > next start
2026-08-04 07:16:25: 
2026-08-04 07:16:26: 
2026-08-04 07:16:26: > ares@0.1.0 start
2026-08-04 07:16:26: > next start
2026-08-04 07:16:26: 
2026-08-04 07:16:26: 
2026-08-04 07:16:26: > ares@0.1.0 start
2026-08-04 07:16:26: > next start
2026-08-04 07:16:26: 
2026-08-04 07:16:26: 
2026-08-04 07:16:26: > ares@0.1.0 start
2026-08-04 07:16:26: > next start
2026-08-04 07:16:26: 
2026-08-04 07:16:27: 
2026-08-04 07:16:27: > ares@0.1.0 start
2026-08-04 07:16:27: > next start
2026-08-04 07:16:27: 
2026-08-04 07:16:27: 
2026-08-04 07:16:27: > ares@0.1.0 start
2026-08-04 07:16:27: > next start
2026-08-04 07:16:27: 
2026-08-04 07:16:27: 
2026-08-04 07:16:27: > ares@0.1.0 start
2026-08-04 07:16:27: > next start
2026-08-04 07:16:27: 
2026-08-04 07:16:28: 
2026-08-04 07:16:28: > ares@0.1.0 start
2026-08-04 07:16:28: > next start
2026-08-04 07:16:28: 
2026-08-04 07:16:28: 
2026-08-04 07:16:28: > ares@0.1.0 start
2026-08-04 07:16:28: > next start
2026-08-04 07:16:28: 
2026-08-04 07:16:28: 
2026-08-04 07:16:28: > ares@0.1.0 start
2026-08-04 07:16:28: > next start
2026-08-04 07:16:28: 
2026-08-04 07:16:29: 
2026-08-04 07:16:29: > ares@0.1.0 start
2026-08-04 07:16:29: > next start
2026-08-04 07:16:29: 
2026-08-04 07:16:29: 
2026-08-04 07:16:29: > ares@0.1.0 start
2026-08-04 07:16:29: > next start
2026-08-04 07:16:29: 
2026-08-04 07:16:29: 
2026-08-04 07:16:29: > ares@0.1.0 start
2026-08-04 07:16:29: > next start
2026-08-04 07:16:29: 
2026-08-04 07:16:30: 
2026-08-04 07:16:30: > ares@0.1.0 start
2026-08-04 07:16:30: > next start
2026-08-04 07:16:30: 
2026-08-04 07:16:30: 
2026-08-04 07:16:30: > ares@0.1.0 start
2026-08-04 07:16:30: > next start
2026-08-04 07:16:30: 
2026-08-04 07:16:30: 
2026-08-04 07:16:30: > ares@0.1.0 start
2026-08-04 07:16:30: > next start
2026-08-04 07:16:30: 
2026-08-04 07:16:31: 
2026-08-04 07:16:31: > ares@0.1.0 start
2026-08-04 07:16:31: > next start
2026-08-04 07:16:31: 
2026-08-04 07:16:31: 
2026-08-04 07:16:31: > ares@0.1.0 start
2026-08-04 07:16:31: > next start
2026-08-04 07:16:31: 
2026-08-04 07:16:31: 
2026-08-04 07:16:31: > ares@0.1.0 start
2026-08-04 07:16:31: > next start
2026-08-04 07:16:31: 
2026-08-04 07:16:32: 
2026-08-04 07:16:32: > ares@0.1.0 start
2026-08-04 07:16:32: > next start
2026-08-04 07:16:32: 
2026-08-04 07:16:32: 
2026-08-04 07:16:32: > ares@0.1.0 start
2026-08-04 07:16:32: > next start
2026-08-04 07:16:32: 
2026-08-04 07:16:32: 
2026-08-04 07:16:32: > ares@0.1.0 start
2026-08-04 07:16:32: > next start
2026-08-04 07:16:32: 
2026-08-04 07:16:33: 
2026-08-04 07:16:33: > ares@0.1.0 start
2026-08-04 07:16:33: > next start
2026-08-04 07:16:33: 
2026-08-04 07:16:33: 
2026-08-04 07:16:33: > ares@0.1.0 start
2026-08-04 07:16:33: > next start
2026-08-04 07:16:33: 
2026-08-04 07:16:33: 
2026-08-04 07:16:33: > ares@0.1.0 start
2026-08-04 07:16:33: > next start
2026-08-04 07:16:33: 
2026-08-04 07:16:34: 
2026-08-04 07:16:34: > ares@0.1.0 start
2026-08-04 07:16:34: > next start
2026-08-04 07:16:34: 
2026-08-04 07:16:34: 
2026-08-04 07:16:34: > ares@0.1.0 start
2026-08-04 07:16:34: > next start
2026-08-04 07:16:34: 
2026-08-04 07:16:34: 
2026-08-04 07:16:34: > ares@0.1.0 start
2026-08-04 07:16:34: > next start
2026-08-04 07:16:34: 
2026-08-04 07:16:35: 
2026-08-04 07:16:35: > ares@0.1.0 start
2026-08-04 07:16:35: > next start
2026-08-04 07:16:35: 
2026-08-04 07:16:35: 
2026-08-04 07:16:35: > ares@0.1.0 start
2026-08-04 07:16:35: > next start
2026-08-04 07:16:35: 
2026-08-04 07:16:35: 
2026-08-04 07:16:35: > ares@0.1.0 start
2026-08-04 07:16:35: > next start
2026-08-04 07:16:35: 
2026-08-04 07:16:36: 
2026-08-04 07:16:36: > ares@0.1.0 start
2026-08-04 07:16:36: > next start
2026-08-04 07:16:36: 
2026-08-04 07:16:36: 
2026-08-04 07:16:36: > ares@0.1.0 start
2026-08-04 07:16:36: > next start
2026-08-04 07:16:36: 
2026-08-04 07:16:36: 
2026-08-04 07:16:36: > ares@0.1.0 start
2026-08-04 07:16:36: > next start
2026-08-04 07:16:36: 
2026-08-04 07:16:37: 
2026-08-04 07:16:37: > ares@0.1.0 start
2026-08-04 07:16:37: > next start
2026-08-04 07:16:37: 
2026-08-04 07:16:37: 
2026-08-04 07:16:37: > ares@0.1.0 start
2026-08-04 07:16:37: > next start
2026-08-04 07:16:37: 
2026-08-04 07:16:37: 
2026-08-04 07:16:37: > ares@0.1.0 start
2026-08-04 07:16:37: > next start
2026-08-04 07:16:37: 
2026-08-04 07:16:38: 
2026-08-04 07:16:38: > ares@0.1.0 start
2026-08-04 07:16:38: > next start
2026-08-04 07:16:38: 
2026-08-04 07:16:38: 
2026-08-04 07:16:38: > ares@0.1.0 start
2026-08-04 07:16:38: > next start
2026-08-04 07:16:38: 
2026-08-04 07:16:38: 
2026-08-04 07:16:38: > ares@0.1.0 start
2026-08-04 07:16:38: > next start
2026-08-04 07:16:38: 
2026-08-04 07:16:39: 
2026-08-04 07:16:39: > ares@0.1.0 start
2026-08-04 07:16:39: > next start
2026-08-04 07:16:39: 
2026-08-04 07:16:39: 
2026-08-04 07:16:39: > ares@0.1.0 start
2026-08-04 07:16:39: > next start
2026-08-04 07:16:39: 
2026-08-04 07:16:39: 
2026-08-04 07:16:39: > ares@0.1.0 start
2026-08-04 07:16:39: > next start
2026-08-04 07:16:39: 
2026-08-04 07:16:40: 
2026-08-04 07:16:40: > ares@0.1.0 start
2026-08-04 07:16:40: > next start
2026-08-04 07:16:40: 
2026-08-04 07:16:40: 
2026-08-04 07:16:40: > ares@0.1.0 start
2026-08-04 07:16:40: > next start
2026-08-04 07:16:40: 
2026-08-04 07:16:40: 
2026-08-04 07:16:40: > ares@0.1.0 start
2026-08-04 07:16:40: > next start
2026-08-04 07:16:40: 
2026-08-04 07:16:41: 
2026-08-04 07:16:41: > ares@0.1.0 start
2026-08-04 07:16:41: > next start
2026-08-04 07:16:41: 
2026-08-04 07:16:41: 
2026-08-04 07:16:41: > ares@0.1.0 start
2026-08-04 07:16:41: > next start
2026-08-04 07:16:41: 
2026-08-04 07:16:41: 
2026-08-04 07:16:41: > ares@0.1.0 start
2026-08-04 07:16:41: > next start
2026-08-04 07:16:41: 
2026-08-04 07:16:42: 
2026-08-04 07:16:42: > ares@0.1.0 start
2026-08-04 07:16:42: > next start
2026-08-04 07:16:42: 
2026-08-04 07:16:42: 
2026-08-04 07:16:42: > ares@0.1.0 start
2026-08-04 07:16:42: > next start
2026-08-04 07:16:42: 
2026-08-04 07:16:42: 
2026-08-04 07:16:42: > ares@0.1.0 start
2026-08-04 07:16:42: > next start
2026-08-04 07:16:42: 
2026-08-04 07:16:43: 
2026-08-04 07:16:43: > ares@0.1.0 start
2026-08-04 07:16:43: > next start
2026-08-04 07:16:43: 
2026-08-04 07:16:43: 
2026-08-04 07:16:43: > ares@0.1.0 start
2026-08-04 07:16:43: > next start
2026-08-04 07:16:43: 
2026-08-04 07:16:43: 
2026-08-04 07:16:43: > ares@0.1.0 start
2026-08-04 07:16:43: > next start
2026-08-04 07:16:43: 
2026-08-04 07:16:44: 
2026-08-04 07:16:44: > ares@0.1.0 start
2026-08-04 07:16:44: > next start
2026-08-04 07:16:44: 
2026-08-04 07:16:44: 
2026-08-04 07:16:44: > ares@0.1.0 start
2026-08-04 07:16:44: > next start
2026-08-04 07:16:44: 
2026-08-04 07:16:44: 
2026-08-04 07:16:44: > ares@0.1.0 start
2026-08-04 07:16:44: > next start
2026-08-04 07:16:44: 
2026-08-04 07:16:45: 
2026-08-04 07:16:45: > ares@0.1.0 start
2026-08-04 07:16:45: > next start
2026-08-04 07:16:45: 
2026-08-04 07:16:45: 
2026-08-04 07:16:45: > ares@0.1.0 start
2026-08-04 07:16:45: > next start
2026-08-04 07:16:45: 
2026-08-04 07:16:45: 
2026-08-04 07:16:45: > ares@0.1.0 start
2026-08-04 07:16:45: > next start
2026-08-04 07:16:45: 
2026-08-04 07:16:46: 
2026-08-04 07:16:46: > ares@0.1.0 start
2026-08-04 07:16:46: > next start
2026-08-04 07:16:46: 
2026-08-04 07:16:46: 
2026-08-04 07:16:46: > ares@0.1.0 start
2026-08-04 07:16:46: > next start
2026-08-04 07:16:46: 
2026-08-04 07:16:46: 
2026-08-04 07:16:46: > ares@0.1.0 start
2026-08-04 07:16:46: > next start
2026-08-04 07:16:46: 
2026-08-04 07:16:47: 
2026-08-04 07:16:47: > ares@0.1.0 start
2026-08-04 07:16:47: > next start
2026-08-04 07:16:47: 
2026-08-04 07:16:47: 
2026-08-04 07:16:47: > ares@0.1.0 start
2026-08-04 07:16:47: > next start
2026-08-04 07:16:47: 
2026-08-04 07:16:47: 
2026-08-04 07:16:47: > ares@0.1.0 start
2026-08-04 07:16:47: > next start
2026-08-04 07:16:47: 
2026-08-04 07:16:48: 
2026-08-04 07:16:48: > ares@0.1.0 start
2026-08-04 07:16:48: > next start
2026-08-04 07:16:48: 
2026-08-04 07:16:48: 
2026-08-04 07:16:48: > ares@0.1.0 start
2026-08-04 07:16:48: > next start
2026-08-04 07:16:48: 
2026-08-04 07:16:48: 
2026-08-04 07:16:48: > ares@0.1.0 start
2026-08-04 07:16:48: > next start
2026-08-04 07:16:48: 
2026-08-04 07:16:49: 
2026-08-04 07:16:49: > ares@0.1.0 start
2026-08-04 07:16:49: > next start
2026-08-04 07:16:49: 
2026-08-04 07:16:49: 
2026-08-04 07:16:49: > ares@0.1.0 start
2026-08-04 07:16:49: > next start
2026-08-04 07:16:49: 
2026-08-04 07:16:49: 
2026-08-04 07:16:49: > ares@0.1.0 start
2026-08-04 07:16:49: > next start
2026-08-04 07:16:49: 
2026-08-04 07:16:50: 
2026-08-04 07:16:50: > ares@0.1.0 start
2026-08-04 07:16:50: > next start
2026-08-04 07:16:50: 
2026-08-04 07:16:50: 
2026-08-04 07:16:50: > ares@0.1.0 start
2026-08-04 07:16:50: > next start
2026-08-04 07:16:50: 
2026-08-04 07:16:50: 
2026-08-04 07:16:50: > ares@0.1.0 start
2026-08-04 07:16:50: > next start
2026-08-04 07:16:50: 
2026-08-04 07:16:51: 
2026-08-04 07:16:51: > ares@0.1.0 start
2026-08-04 07:16:51: > next start
2026-08-04 07:16:51: 
2026-08-04 07:16:51: 
2026-08-04 07:16:51: > ares@0.1.0 start
2026-08-04 07:16:51: > next start
2026-08-04 07:16:51: 
2026-08-04 07:16:51: 
2026-08-04 07:16:51: > ares@0.1.0 start
2026-08-04 07:16:51: > next start
2026-08-04 07:16:51: 
2026-08-04 07:16:52: 
2026-08-04 07:16:52: > ares@0.1.0 start
2026-08-04 07:16:52: > next start
2026-08-04 07:16:52: 
2026-08-04 07:16:52: 
2026-08-04 07:16:52: > ares@0.1.0 start
2026-08-04 07:16:52: > next start
2026-08-04 07:16:52: 
2026-08-04 07:16:52: 
2026-08-04 07:16:52: > ares@0.1.0 start
2026-08-04 07:16:52: > next start
2026-08-04 07:16:52: 
2026-08-04 07:16:53: 
2026-08-04 07:16:53: > ares@0.1.0 start
2026-08-04 07:16:53: > next start
2026-08-04 07:16:53: 
2026-08-04 07:16:53: 
2026-08-04 07:16:53: > ares@0.1.0 start
2026-08-04 07:16:53: > next start
2026-08-04 07:16:53: 
2026-08-04 07:16:53: 
2026-08-04 07:16:53: > ares@0.1.0 start
2026-08-04 07:16:53: > next start
2026-08-04 07:16:53: 
2026-08-04 07:16:54: 
2026-08-04 07:16:54: > ares@0.1.0 start
2026-08-04 07:16:54: > next start
2026-08-04 07:16:54: 
2026-08-04 07:16:54: 
2026-08-04 07:16:54: > ares@0.1.0 start
2026-08-04 07:16:54: > next start
2026-08-04 07:16:54: 
2026-08-04 07:16:54: 
2026-08-04 07:16:54: > ares@0.1.0 start
2026-08-04 07:16:54: > next start
2026-08-04 07:16:54: 
2026-08-04 07:16:55: 
2026-08-04 07:16:55: > ares@0.1.0 start
2026-08-04 07:16:55: > next start
2026-08-04 07:16:55: 
2026-08-04 07:16:55: 
2026-08-04 07:16:55: > ares@0.1.0 start
2026-08-04 07:16:55: > next start
2026-08-04 07:16:55: 
2026-08-04 07:16:55: 
2026-08-04 07:16:55: > ares@0.1.0 start
2026-08-04 07:16:55: > next start
2026-08-04 07:16:55: 
2026-08-04 07:16:56: 
2026-08-04 07:16:56: > ares@0.1.0 start
2026-08-04 07:16:56: > next start
2026-08-04 07:16:56: 
2026-08-04 07:16:56: 
2026-08-04 07:16:56: > ares@0.1.0 start
2026-08-04 07:16:56: > next start
2026-08-04 07:16:56: 
2026-08-04 07:16:56: 
2026-08-04 07:16:56: > ares@0.1.0 start
2026-08-04 07:16:56: > next start
2026-08-04 07:16:56: 
2026-08-04 07:16:57: 
2026-08-04 07:16:57: > ares@0.1.0 start
2026-08-04 07:16:57: > next start
2026-08-04 07:16:57: 
2026-08-04 07:16:57: 
2026-08-04 07:16:57: > ares@0.1.0 start
2026-08-04 07:16:57: > next start
2026-08-04 07:16:57: 
2026-08-04 07:16:57: 
2026-08-04 07:16:57: > ares@0.1.0 start
2026-08-04 07:16:57: > next start
2026-08-04 07:16:57: 
2026-08-04 07:16:58: 
2026-08-04 07:16:58: > ares@0.1.0 start
2026-08-04 07:16:58: > next start
2026-08-04 07:16:58: 
2026-08-04 07:16:58: 
2026-08-04 07:16:58: > ares@0.1.0 start
2026-08-04 07:16:58: > next start
2026-08-04 07:16:58: 
2026-08-04 07:16:58: 
2026-08-04 07:16:58: > ares@0.1.0 start
2026-08-04 07:16:58: > next start
2026-08-04 07:16:58: 
2026-08-04 07:16:59: 
2026-08-04 07:16:59: > ares@0.1.0 start
2026-08-04 07:16:59: > next start
2026-08-04 07:16:59: 
2026-08-04 07:16:59: 
2026-08-04 07:16:59: > ares@0.1.0 start
2026-08-04 07:16:59: > next start
2026-08-04 07:16:59: 
2026-08-04 07:16:59: 
2026-08-04 07:16:59: > ares@0.1.0 start
2026-08-04 07:16:59: > next start
2026-08-04 07:16:59: 
2026-08-04 07:17:00: 
2026-08-04 07:17:00: > ares@0.1.0 start
2026-08-04 07:17:00: > next start
2026-08-04 07:17:00: 
2026-08-04 07:17:00: 
2026-08-04 07:17:00: > ares@0.1.0 start
2026-08-04 07:17:00: > next start
2026-08-04 07:17:00: 
2026-08-04 07:17:00: 
2026-08-04 07:17:00: > ares@0.1.0 start
2026-08-04 07:17:00: > next start
2026-08-04 07:17:00: 
2026-08-04 07:17:01: 
2026-08-04 07:17:01: > ares@0.1.0 start
2026-08-04 07:17:01: > next start
2026-08-04 07:17:01: 
2026-08-04 07:17:01: 
2026-08-04 07:17:01: > ares@0.1.0 start
2026-08-04 07:17:01: > next start
2026-08-04 07:17:01: 
2026-08-04 07:17:01: 
2026-08-04 07:17:01: > ares@0.1.0 start
2026-08-04 07:17:01: > next start
2026-08-04 07:17:01: 
2026-08-04 07:17:02: 
2026-08-04 07:17:02: > ares@0.1.0 start
2026-08-04 07:17:02: > next start
2026-08-04 07:17:02: 
2026-08-04 07:17:02: 
2026-08-04 07:17:02: > ares@0.1.0 start
2026-08-04 07:17:02: > next start
2026-08-04 07:17:02: 
2026-08-04 07:17:02: 
2026-08-04 07:17:02: > ares@0.1.0 start
2026-08-04 07:17:02: > next start
2026-08-04 07:17:02: 
2026-08-04 07:17:03: 
2026-08-04 07:17:03: > ares@0.1.0 start
2026-08-04 07:17:03: > next start
2026-08-04 07:17:03: 
2026-08-04 07:17:03: 
2026-08-04 07:17:03: > ares@0.1.0 start
2026-08-04 07:17:03: > next start
2026-08-04 07:17:03: 
2026-08-04 07:17:03: 
2026-08-04 07:17:03: > ares@0.1.0 start
2026-08-04 07:17:03: > next start
2026-08-04 07:17:03: 
2026-08-04 07:17:04: 
2026-08-04 07:17:04: > ares@0.1.0 start
2026-08-04 07:17:04: > next start
2026-08-04 07:17:04: 
2026-08-04 07:17:04: 
2026-08-04 07:17:04: > ares@0.1.0 start
2026-08-04 07:17:04: > next start
2026-08-04 07:17:04: 
2026-08-04 07:17:05: 
2026-08-04 07:17:05: > ares@0.1.0 start
2026-08-04 07:17:05: > next start
2026-08-04 07:17:05: 
2026-08-04 07:17:05: 
2026-08-04 07:17:05: > ares@0.1.0 start
2026-08-04 07:17:05: > next start
2026-08-04 07:17:05: 
2026-08-04 07:17:05: 
2026-08-04 07:17:05: > ares@0.1.0 start
2026-08-04 07:17:05: > next start
2026-08-04 07:17:05: 
2026-08-04 07:17:06: 
2026-08-04 07:17:06: > ares@0.1.0 start
2026-08-04 07:17:06: > next start
2026-08-04 07:17:06: 
2026-08-04 07:17:06: 
2026-08-04 07:17:06: > ares@0.1.0 start
2026-08-04 07:17:06: > next start
2026-08-04 07:17:06: 
2026-08-04 07:17:06: 
2026-08-04 07:17:06: > ares@0.1.0 start
2026-08-04 07:17:06: > next start
2026-08-04 07:17:06: 
2026-08-04 07:17:07: 
2026-08-04 07:17:07: > ares@0.1.0 start
2026-08-04 07:17:07: > next start
2026-08-04 07:17:07: 
2026-08-04 07:17:07: 
2026-08-04 07:17:07: > ares@0.1.0 start
2026-08-04 07:17:07: > next start
2026-08-04 07:17:07: 
2026-08-04 07:17:07: 
2026-08-04 07:17:07: > ares@0.1.0 start
2026-08-04 07:17:07: > next start
2026-08-04 07:17:07: 
2026-08-04 07:17:08: 
2026-08-04 07:17:08: > ares@0.1.0 start
2026-08-04 07:17:08: > next start
2026-08-04 07:17:08: 
2026-08-04 07:17:08: 
2026-08-04 07:17:08: > ares@0.1.0 start
2026-08-04 07:17:08: > next start
2026-08-04 07:17:08: 
2026-08-04 07:17:09: 
2026-08-04 07:17:09: > ares@0.1.0 start
2026-08-04 07:17:09: > next start
2026-08-04 07:17:09: 
2026-08-04 07:17:09: 
2026-08-04 07:17:09: > ares@0.1.0 start
2026-08-04 07:17:09: > next start
2026-08-04 07:17:09: 
2026-08-04 07:17:10: 
2026-08-04 07:17:10: > ares@0.1.0 start
2026-08-04 07:17:10: > next start
2026-08-04 07:17:10: 
2026-08-04 07:17:10: 
2026-08-04 07:17:10: > ares@0.1.0 start
2026-08-04 07:17:10: > next start
2026-08-04 07:17:10: 
2026-08-04 07:17:11: 
2026-08-04 07:17:11: > ares@0.1.0 start
2026-08-04 07:17:11: > next start
2026-08-04 07:17:11: 
2026-08-04 07:17:11: 
2026-08-04 07:17:11: > ares@0.1.0 start
2026-08-04 07:17:11: > next start
2026-08-04 07:17:11: 
2026-08-04 07:17:12: 
2026-08-04 07:17:12: > ares@0.1.0 start
2026-08-04 07:17:12: > next start
2026-08-04 07:17:12: 
2026-08-04 07:17:12: 
2026-08-04 07:17:12: > ares@0.1.0 start
2026-08-04 07:17:12: > next start
2026-08-04 07:17:12: 
2026-08-04 07:17:13: 
2026-08-04 07:17:13: > ares@0.1.0 start
2026-08-04 07:17:13: > next start
2026-08-04 07:17:13: 
2026-08-04 07:17:13: 
2026-08-04 07:17:13: > ares@0.1.0 start
2026-08-04 07:17:13: > next start
2026-08-04 07:17:13: 
2026-08-04 07:17:14: 
2026-08-04 07:17:14: > ares@0.1.0 start
2026-08-04 07:17:14: > next start
2026-08-04 07:17:14: 
2026-08-04 07:17:14: 
2026-08-04 07:17:14: > ares@0.1.0 start
2026-08-04 07:17:14: > next start
2026-08-04 07:17:14: 
2026-08-04 07:17:15: 
2026-08-04 07:17:15: > ares@0.1.0 start
2026-08-04 07:17:15: > next start
2026-08-04 07:17:15: 
2026-08-04 07:17:15: 
2026-08-04 07:17:15: > ares@0.1.0 start
2026-08-04 07:17:15: > next start
2026-08-04 07:17:15: 
2026-08-04 07:17:15: 
2026-08-04 07:17:15: > ares@0.1.0 start
2026-08-04 07:17:15: > next start
2026-08-04 07:17:15: 
2026-08-04 07:17:16: 
2026-08-04 07:17:16: > ares@0.1.0 start
2026-08-04 07:17:16: > next start
2026-08-04 07:17:16: 
2026-08-04 07:17:16: 
2026-08-04 07:17:16: > ares@0.1.0 start
2026-08-04 07:17:16: > next start
2026-08-04 07:17:16: 
2026-08-04 07:17:17: 
2026-08-04 07:17:17: > ares@0.1.0 start
2026-08-04 07:17:17: > next start
2026-08-04 07:17:17: 
2026-08-04 07:17:17: 
2026-08-04 07:17:17: > ares@0.1.0 start
2026-08-04 07:17:17: > next start
2026-08-04 07:17:17: 
2026-08-04 07:17:18: 
2026-08-04 07:17:18: > ares@0.1.0 start
2026-08-04 07:17:18: > next start
2026-08-04 07:17:18: 
2026-08-04 07:17:18: 
2026-08-04 07:17:18: > ares@0.1.0 start
2026-08-04 07:17:18: > next start
2026-08-04 07:17:18: 
2026-08-04 07:17:18: 
2026-08-04 07:17:18: > ares@0.1.0 start
2026-08-04 07:17:18: > next start
2026-08-04 07:17:18: 
2026-08-04 07:17:19: 
2026-08-04 07:17:19: > ares@0.1.0 start
2026-08-04 07:17:19: > next start
2026-08-04 07:17:19: 
2026-08-04 07:17:19: 
2026-08-04 07:17:19: > ares@0.1.0 start
2026-08-04 07:17:19: > next start
2026-08-04 07:17:19: 
2026-08-04 07:17:20: 
2026-08-04 07:17:20: > ares@0.1.0 start
2026-08-04 07:17:20: > next start
2026-08-04 07:17:20: 
2026-08-04 07:17:21: 
2026-08-04 07:17:21: > ares@0.1.0 start
2026-08-04 07:17:21: > next start
2026-08-04 07:17:21: 
2026-08-04 07:17:21: 
2026-08-04 07:17:21: > ares@0.1.0 start
2026-08-04 07:17:21: > next start
2026-08-04 07:17:21: 
2026-08-04 07:17:22: 
2026-08-04 07:17:22: > ares@0.1.0 start
2026-08-04 07:17:22: > next start
2026-08-04 07:17:22: 
2026-08-04 07:17:23: 
2026-08-04 07:17:23: > ares@0.1.0 start
2026-08-04 07:17:23: > next start
2026-08-04 07:17:23: 
2026-08-04 07:17:23: 
2026-08-04 07:17:23: > ares@0.1.0 start
2026-08-04 07:17:23: > next start
2026-08-04 07:17:23: 
2026-08-04 07:17:24: 
2026-08-04 07:17:24: > ares@0.1.0 start
2026-08-04 07:17:24: > next start
2026-08-04 07:17:24: 
2026-08-04 07:17:24: 
2026-08-04 07:17:24: > ares@0.1.0 start
2026-08-04 07:17:24: > next start
2026-08-04 07:17:24: 
2026-08-04 07:17:24: 
2026-08-04 07:17:24: > ares@0.1.0 start
2026-08-04 07:17:24: > next start
2026-08-04 07:17:24: 
2026-08-04 07:17:25: 
2026-08-04 07:17:25: > ares@0.1.0 start
2026-08-04 07:17:25: > next start
2026-08-04 07:17:25: 
2026-08-04 07:17:25: 
2026-08-04 07:17:25: > ares@0.1.0 start
2026-08-04 07:17:25: > next start
2026-08-04 07:17:25: 
2026-08-04 07:17:25: 
2026-08-04 07:17:25: > ares@0.1.0 start
2026-08-04 07:17:25: > next start
2026-08-04 07:17:25: 
2026-08-04 07:17:26: 
2026-08-04 07:17:26: > ares@0.1.0 start
2026-08-04 07:17:26: > next start
2026-08-04 07:17:26: 
2026-08-04 07:17:26: 
2026-08-04 07:17:26: > ares@0.1.0 start
2026-08-04 07:17:26: > next start
2026-08-04 07:17:26: 
2026-08-04 07:17:27: 
2026-08-04 07:17:27: > ares@0.1.0 start
2026-08-04 07:17:27: > next start
2026-08-04 07:17:27: 
2026-08-04 07:17:28: 
2026-08-04 07:17:28: > ares@0.1.0 start
2026-08-04 07:17:28: > next start
2026-08-04 07:17:28: 
2026-08-04 07:17:28: 
2026-08-04 07:17:28: > ares@0.1.0 start
2026-08-04 07:17:28: > next start
2026-08-04 07:17:28: 
2026-08-04 07:17:29: 
2026-08-04 07:17:29: > ares@0.1.0 start
2026-08-04 07:17:29: > next start
2026-08-04 07:17:29: 
2026-08-04 07:17:29: 
2026-08-04 07:17:29: > ares@0.1.0 start
2026-08-04 07:17:29: > next start
2026-08-04 07:17:29: 
2026-08-04 07:17:30: 
2026-08-04 07:17:30: > ares@0.1.0 start
2026-08-04 07:17:30: > next start
2026-08-04 07:17:30: 
2026-08-04 07:17:30: 
2026-08-04 07:17:30: > ares@0.1.0 start
2026-08-04 07:17:30: > next start
2026-08-04 07:17:30: 
2026-08-04 07:17:30: 
2026-08-04 07:17:30: > ares@0.1.0 start
2026-08-04 07:17:30: > next start
2026-08-04 07:17:30: 
2026-08-04 07:17:31: 
2026-08-04 07:17:31: > ares@0.1.0 start
2026-08-04 07:17:31: > next start
2026-08-04 07:17:31: 
2026-08-04 07:17:32: 
2026-08-04 07:17:32: > ares@0.1.0 start
2026-08-04 07:17:32: > next start
2026-08-04 07:17:32: 
2026-08-04 07:17:32: 
2026-08-04 07:17:32: > ares@0.1.0 start
2026-08-04 07:17:32: > next start
2026-08-04 07:17:32: 
2026-08-04 07:17:33: 
2026-08-04 07:17:33: > ares@0.1.0 start
2026-08-04 07:17:33: > next start
2026-08-04 07:17:33: 
2026-08-04 07:17:34: 
2026-08-04 07:17:34: > ares@0.1.0 start
2026-08-04 07:17:34: > next start
2026-08-04 07:17:34: 
2026-08-04 07:17:34: 
2026-08-04 07:17:34: > ares@0.1.0 start
2026-08-04 07:17:34: > next start
2026-08-04 07:17:34: 
2026-08-04 07:17:35: 
2026-08-04 07:17:35: > ares@0.1.0 start
2026-08-04 07:17:35: > next start
2026-08-04 07:17:35: 
2026-08-04 07:17:36: 
2026-08-04 07:17:36: > ares@0.1.0 start
2026-08-04 07:17:36: > next start
2026-08-04 07:17:36: 
2026-08-04 07:17:36: 
2026-08-04 07:17:36: > ares@0.1.0 start
2026-08-04 07:17:36: > next start
2026-08-04 07:17:36: 
2026-08-04 07:17:37: 
2026-08-04 07:17:37: > ares@0.1.0 start
2026-08-04 07:17:37: > next start
2026-08-04 07:17:37: 
2026-08-04 07:17:38: 
2026-08-04 07:17:38: > ares@0.1.0 start
2026-08-04 07:17:38: > next start
2026-08-04 07:17:38: 
2026-08-04 07:17:38: 
2026-08-04 07:17:38: > ares@0.1.0 start
2026-08-04 07:17:38: > next start
2026-08-04 07:17:38: 
2026-08-04 07:17:39: 
2026-08-04 07:17:39: > ares@0.1.0 start
2026-08-04 07:17:39: > next start
2026-08-04 07:17:39: 
2026-08-04 07:17:40: 
2026-08-04 07:17:40: > ares@0.1.0 start
2026-08-04 07:17:40: > next start
2026-08-04 07:17:40: 
2026-08-04 07:17:40: 
2026-08-04 07:17:40: > ares@0.1.0 start
2026-08-04 07:17:40: > next start
2026-08-04 07:17:40: 
2026-08-04 07:17:41: 
2026-08-04 07:17:41: > ares@0.1.0 start
2026-08-04 07:17:41: > next start
2026-08-04 07:17:41: 
2026-08-04 07:17:42: 
2026-08-04 07:17:42: > ares@0.1.0 start
2026-08-04 07:17:42: > next start
2026-08-04 07:17:42: 
2026-08-04 07:17:42: 
2026-08-04 07:17:42: > ares@0.1.0 start
2026-08-04 07:17:42: > next start
2026-08-04 07:17:42: 
2026-08-04 07:17:43: 
2026-08-04 07:17:43: > ares@0.1.0 start
2026-08-04 07:17:43: > next start
2026-08-04 07:17:43: 
2026-08-04 07:17:44: 
2026-08-04 07:17:44: > ares@0.1.0 start
2026-08-04 07:17:44: > next start
2026-08-04 07:17:44: 
2026-08-04 07:17:45: 
2026-08-04 07:17:45: > ares@0.1.0 start
2026-08-04 07:17:45: > next start
2026-08-04 07:17:45: 
2026-08-04 07:17:45: 
2026-08-04 07:17:45: > ares@0.1.0 start
2026-08-04 07:17:45: > next start
2026-08-04 07:17:45: 
2026-08-04 07:17:46: 
2026-08-04 07:17:46: > ares@0.1.0 start
2026-08-04 07:17:46: > next start
2026-08-04 07:17:46: 
2026-08-04 07:17:46: 
2026-08-04 07:17:46: > ares@0.1.0 start
2026-08-04 07:17:46: > next start
2026-08-04 07:17:46: 
2026-08-04 07:17:47: 
2026-08-04 07:17:47: > ares@0.1.0 start
2026-08-04 07:17:47: > next start
2026-08-04 07:17:47: 
2026-08-04 07:17:47: 
2026-08-04 07:17:47: > ares@0.1.0 start
2026-08-04 07:17:47: > next start
2026-08-04 07:17:47: 
2026-08-04 07:17:48: 
2026-08-04 07:17:48: > ares@0.1.0 start
2026-08-04 07:17:48: > next start
2026-08-04 07:17:48: 
2026-08-04 07:17:49: 
2026-08-04 07:17:49: > ares@0.1.0 start
2026-08-04 07:17:49: > next start
2026-08-04 07:17:49: 
2026-08-04 07:17:49: 
2026-08-04 07:17:49: > ares@0.1.0 start
2026-08-04 07:17:49: > next start
2026-08-04 07:17:49: 
2026-08-04 07:17:50: 
2026-08-04 07:17:50: > ares@0.1.0 start
2026-08-04 07:17:50: > next start
2026-08-04 07:17:50: 
2026-08-04 07:17:50: 
2026-08-04 07:17:50: > ares@0.1.0 start
2026-08-04 07:17:50: > next start
2026-08-04 07:17:50: 
2026-08-04 07:17:51: 
2026-08-04 07:17:51: > ares@0.1.0 start
2026-08-04 07:17:51: > next start
2026-08-04 07:17:51: 
2026-08-04 07:17:51: 
2026-08-04 07:17:51: > ares@0.1.0 start
2026-08-04 07:17:51: > next start
2026-08-04 07:17:51: 
2026-08-04 07:17:52: 
2026-08-04 07:17:52: > ares@0.1.0 start
2026-08-04 07:17:52: > next start
2026-08-04 07:17:52: 
2026-08-04 07:17:53: 
2026-08-04 07:17:53: > ares@0.1.0 start
2026-08-04 07:17:53: > next start
2026-08-04 07:17:53: 
2026-08-04 07:17:53: 
2026-08-04 07:17:53: > ares@0.1.0 start
2026-08-04 07:17:53: > next start
2026-08-04 07:17:53: 
2026-08-04 07:17:54: 
2026-08-04 07:17:54: > ares@0.1.0 start
2026-08-04 07:17:54: > next start
2026-08-04 07:17:54: 
2026-08-04 07:17:55: 
2026-08-04 07:17:55: > ares@0.1.0 start
2026-08-04 07:17:55: > next start
2026-08-04 07:17:55: 
2026-08-04 07:17:55: 
2026-08-04 07:17:55: > ares@0.1.0 start
2026-08-04 07:17:55: > next start
2026-08-04 07:17:55: 
2026-08-04 07:17:56: 
2026-08-04 07:17:56: > ares@0.1.0 start
2026-08-04 07:17:56: > next start
2026-08-04 07:17:56: 
2026-08-04 07:17:57: 
2026-08-04 07:17:57: > ares@0.1.0 start
2026-08-04 07:17:57: > next start
2026-08-04 07:17:57: 
2026-08-04 07:17:57: 
2026-08-04 07:17:57: > ares@0.1.0 start
2026-08-04 07:17:57: > next start
2026-08-04 07:17:57: 
2026-08-04 07:17:58: 
2026-08-04 07:17:58: > ares@0.1.0 start
2026-08-04 07:17:58: > next start
2026-08-04 07:17:58: 
2026-08-04 07:17:58: 
2026-08-04 07:17:58: > ares@0.1.0 start
2026-08-04 07:17:58: > next start
2026-08-04 07:17:58: 
2026-08-04 07:17:58: 
2026-08-04 07:17:58: > ares@0.1.0 start
2026-08-04 07:17:58: > next start
2026-08-04 07:17:58: 
2026-08-04 07:17:59: 
2026-08-04 07:17:59: > ares@0.1.0 start
2026-08-04 07:17:59: > next start
2026-08-04 07:17:59: 
2026-08-04 07:17:59: 
2026-08-04 07:17:59: > ares@0.1.0 start
2026-08-04 07:17:59: > next start
2026-08-04 07:17:59: 
2026-08-04 07:18:00: 
2026-08-04 07:18:00: > ares@0.1.0 start
2026-08-04 07:18:00: > next start
2026-08-04 07:18:00: 
2026-08-04 07:18:00: 
2026-08-04 07:18:00: > ares@0.1.0 start
2026-08-04 07:18:00: > next start
2026-08-04 07:18:00: 
2026-08-04 07:18:01: 
2026-08-04 07:18:01: > ares@0.1.0 start
2026-08-04 07:18:01: > next start
2026-08-04 07:18:01: 
2026-08-04 07:18:01: 
2026-08-04 07:18:01: > ares@0.1.0 start
2026-08-04 07:18:01: > next start
2026-08-04 07:18:01: 
2026-08-04 07:18:01: 
2026-08-04 07:18:01: > ares@0.1.0 start
2026-08-04 07:18:01: > next start
2026-08-04 07:18:01: 
2026-08-04 07:18:02: 
2026-08-04 07:18:02: > ares@0.1.0 start
2026-08-04 07:18:02: > next start
2026-08-04 07:18:02: 
2026-08-04 07:18:02: 
2026-08-04 07:18:02: > ares@0.1.0 start
2026-08-04 07:18:02: > next start
2026-08-04 07:18:02: 
2026-08-04 07:18:03: 
2026-08-04 07:18:03: > ares@0.1.0 start
2026-08-04 07:18:03: > next start
2026-08-04 07:18:03: 
2026-08-04 07:18:03: 
2026-08-04 07:18:03: > ares@0.1.0 start
2026-08-04 07:18:03: > next start
2026-08-04 07:18:03: 
2026-08-04 07:18:04: 
2026-08-04 07:18:04: > ares@0.1.0 start
2026-08-04 07:18:04: > next start
2026-08-04 07:18:04: 
2026-08-04 07:18:04: 
2026-08-04 07:18:04: > ares@0.1.0 start
2026-08-04 07:18:04: > next start
2026-08-04 07:18:04: 
2026-08-04 07:18:04: 
2026-08-04 07:18:04: > ares@0.1.0 start
2026-08-04 07:18:04: > next start
2026-08-04 07:18:04: 
2026-08-04 07:18:05: 
2026-08-04 07:18:05: > ares@0.1.0 start
2026-08-04 07:18:05: > next start
2026-08-04 07:18:05: 
2026-08-04 07:18:05: 
2026-08-04 07:18:05: > ares@0.1.0 start
2026-08-04 07:18:05: > next start
2026-08-04 07:18:05: 
2026-08-04 07:18:06: 
2026-08-04 07:18:06: > ares@0.1.0 start
2026-08-04 07:18:06: > next start
2026-08-04 07:18:06: 
2026-08-04 07:18:06: 
2026-08-04 07:18:06: > ares@0.1.0 start
2026-08-04 07:18:06: > next start
2026-08-04 07:18:06: 
2026-08-04 07:18:06: 
2026-08-04 07:18:06: > ares@0.1.0 start
2026-08-04 07:18:06: > next start
2026-08-04 07:18:06: 
2026-08-04 07:18:07: 
2026-08-04 07:18:07: > ares@0.1.0 start
2026-08-04 07:18:07: > next start
2026-08-04 07:18:07: 
2026-08-04 07:18:07: 
2026-08-04 07:18:07: > ares@0.1.0 start
2026-08-04 07:18:07: > next start
2026-08-04 07:18:07: 
2026-08-04 07:18:08: 
2026-08-04 07:18:08: > ares@0.1.0 start
2026-08-04 07:18:08: > next start
2026-08-04 07:18:08: 
2026-08-04 07:18:08: 
2026-08-04 07:18:08: > ares@0.1.0 start
2026-08-04 07:18:08: > next start
2026-08-04 07:18:08: 
2026-08-04 07:18:08: 
2026-08-04 07:18:08: > ares@0.1.0 start
2026-08-04 07:18:08: > next start
2026-08-04 07:18:08: 
2026-08-04 07:18:09: 
2026-08-04 07:18:09: > ares@0.1.0 start
2026-08-04 07:18:09: > next start
2026-08-04 07:18:09: 
2026-08-04 07:18:09: 
2026-08-04 07:18:09: > ares@0.1.0 start
2026-08-04 07:18:09: > next start
2026-08-04 07:18:09: 
2026-08-04 07:18:10: 
2026-08-04 07:18:10: > ares@0.1.0 start
2026-08-04 07:18:10: > next start
2026-08-04 07:18:10: 
2026-08-04 07:18:10: 
2026-08-04 07:18:10: > ares@0.1.0 start
2026-08-04 07:18:10: > next start
2026-08-04 07:18:10: 
2026-08-04 07:18:10: 
2026-08-04 07:18:10: > ares@0.1.0 start
2026-08-04 07:18:10: > next start
2026-08-04 07:18:10: 
2026-08-04 07:18:11: 
2026-08-04 07:18:11: > ares@0.1.0 start
2026-08-04 07:18:11: > next start
2026-08-04 07:18:11: 
2026-08-04 07:18:11: 
2026-08-04 07:18:11: > ares@0.1.0 start
2026-08-04 07:18:11: > next start
2026-08-04 07:18:11: 
2026-08-04 07:18:12: 
2026-08-04 07:18:12: > ares@0.1.0 start
2026-08-04 07:18:12: > next start
2026-08-04 07:18:12: 
2026-08-04 07:18:12: 
2026-08-04 07:18:12: > ares@0.1.0 start
2026-08-04 07:18:12: > next start
2026-08-04 07:18:12: 
2026-08-04 07:18:12: 
2026-08-04 07:18:12: > ares@0.1.0 start
2026-08-04 07:18:12: > next start
2026-08-04 07:18:12: 
2026-08-04 07:18:13: 
2026-08-04 07:18:13: > ares@0.1.0 start
2026-08-04 07:18:13: > next start
2026-08-04 07:18:13: 
2026-08-04 07:18:14: 
2026-08-04 07:18:14: > ares@0.1.0 start
2026-08-04 07:18:14: > next start
2026-08-04 07:18:14: 
2026-08-04 07:18:14: 
2026-08-04 07:18:14: > ares@0.1.0 start
2026-08-04 07:18:14: > next start
2026-08-04 07:18:14: 
2026-08-04 07:18:14: 
2026-08-04 07:18:14: > ares@0.1.0 start
2026-08-04 07:18:14: > next start
2026-08-04 07:18:14: 
2026-08-04 07:18:15: 
2026-08-04 07:18:15: > ares@0.1.0 start
2026-08-04 07:18:15: > next start
2026-08-04 07:18:15: 
2026-08-04 07:18:15: 
2026-08-04 07:18:15: > ares@0.1.0 start
2026-08-04 07:18:15: > next start
2026-08-04 07:18:15: 
2026-08-04 07:18:16: 
2026-08-04 07:18:16: > ares@0.1.0 start
2026-08-04 07:18:16: > next start
2026-08-04 07:18:16: 
2026-08-04 07:18:16: 
2026-08-04 07:18:16: > ares@0.1.0 start
2026-08-04 07:18:16: > next start
2026-08-04 07:18:16: 
2026-08-04 07:18:17: 
2026-08-04 07:18:17: > ares@0.1.0 start
2026-08-04 07:18:17: > next start
2026-08-04 07:18:17: 
2026-08-04 07:18:17: 
2026-08-04 07:18:17: > ares@0.1.0 start
2026-08-04 07:18:17: > next start
2026-08-04 07:18:17: 
2026-08-04 07:18:18: 
2026-08-04 07:18:18: > ares@0.1.0 start
2026-08-04 07:18:18: > next start
2026-08-04 07:18:18: 
2026-08-04 07:18:18: 
2026-08-04 07:18:18: > ares@0.1.0 start
2026-08-04 07:18:18: > next start
2026-08-04 07:18:18: 
2026-08-04 07:18:18: 
2026-08-04 07:18:18: > ares@0.1.0 start
2026-08-04 07:18:18: > next start
2026-08-04 07:18:18: 
2026-08-04 07:18:19: 
2026-08-04 07:18:19: > ares@0.1.0 start
2026-08-04 07:18:19: > next start
2026-08-04 07:18:19: 
2026-08-04 07:18:19: 
2026-08-04 07:18:19: > ares@0.1.0 start
2026-08-04 07:18:19: > next start
2026-08-04 07:18:19: 
2026-08-04 07:18:20: 
2026-08-04 07:18:20: > ares@0.1.0 start
2026-08-04 07:18:20: > next start
2026-08-04 07:18:20: 
2026-08-04 07:18:20: 
2026-08-04 07:18:20: > ares@0.1.0 start
2026-08-04 07:18:20: > next start
2026-08-04 07:18:20: 
2026-08-04 07:18:21: 
2026-08-04 07:18:21: > ares@0.1.0 start
2026-08-04 07:18:21: > next start
2026-08-04 07:18:21: 
2026-08-04 07:18:21: 
2026-08-04 07:18:21: > ares@0.1.0 start
2026-08-04 07:18:21: > next start
2026-08-04 07:18:21: 
2026-08-04 07:18:21: 
2026-08-04 07:18:21: > ares@0.1.0 start
2026-08-04 07:18:21: > next start
2026-08-04 07:18:21: 
2026-08-04 07:18:22: 
2026-08-04 07:18:22: > ares@0.1.0 start
2026-08-04 07:18:22: > next start
2026-08-04 07:18:22: 
2026-08-04 07:18:22: 
2026-08-04 07:18:22: > ares@0.1.0 start
2026-08-04 07:18:22: > next start
2026-08-04 07:18:22: 
2026-08-04 07:18:23: 
2026-08-04 07:18:23: > ares@0.1.0 start
2026-08-04 07:18:23: > next start
2026-08-04 07:18:23: 
2026-08-04 07:18:23: 
2026-08-04 07:18:23: > ares@0.1.0 start
2026-08-04 07:18:23: > next start
2026-08-04 07:18:23: 
2026-08-04 07:18:23: 
2026-08-04 07:18:23: > ares@0.1.0 start
2026-08-04 07:18:23: > next start
2026-08-04 07:18:23: 
2026-08-04 07:18:24: 
2026-08-04 07:18:24: > ares@0.1.0 start
2026-08-04 07:18:24: > next start
2026-08-04 07:18:24: 
2026-08-04 07:18:24: 
2026-08-04 07:18:24: > ares@0.1.0 start
2026-08-04 07:18:24: > next start
2026-08-04 07:18:24: 
2026-08-04 07:18:24: 
2026-08-04 07:18:24: > ares@0.1.0 start
2026-08-04 07:18:24: > next start
2026-08-04 07:18:24: 
2026-08-04 07:18:25: 
2026-08-04 07:18:25: > ares@0.1.0 start
2026-08-04 07:18:25: > next start
2026-08-04 07:18:25: 
2026-08-04 07:18:25: 
2026-08-04 07:18:25: > ares@0.1.0 start
2026-08-04 07:18:25: > next start
2026-08-04 07:18:25: 
2026-08-04 07:18:25: 
2026-08-04 07:18:25: > ares@0.1.0 start
2026-08-04 07:18:25: > next start
2026-08-04 07:18:25: 
2026-08-04 07:18:26: 
2026-08-04 07:18:26: > ares@0.1.0 start
2026-08-04 07:18:26: > next start
2026-08-04 07:18:26: 
2026-08-04 07:18:26: 
2026-08-04 07:18:26: > ares@0.1.0 start
2026-08-04 07:18:26: > next start
2026-08-04 07:18:26: 
2026-08-04 07:18:26: 
2026-08-04 07:18:26: > ares@0.1.0 start
2026-08-04 07:18:26: > next start
2026-08-04 07:18:26: 
2026-08-04 07:18:27: 
2026-08-04 07:18:27: > ares@0.1.0 start
2026-08-04 07:18:27: > next start
2026-08-04 07:18:27: 
2026-08-04 07:18:27: 
2026-08-04 07:18:27: > ares@0.1.0 start
2026-08-04 07:18:27: > next start
2026-08-04 07:18:27: 
2026-08-04 07:18:27: 
2026-08-04 07:18:27: > ares@0.1.0 start
2026-08-04 07:18:27: > next start
2026-08-04 07:18:27: 
2026-08-04 07:18:28: 
2026-08-04 07:18:28: > ares@0.1.0 start
2026-08-04 07:18:28: > next start
2026-08-04 07:18:28: 
2026-08-04 07:18:28: 
2026-08-04 07:18:28: > ares@0.1.0 start
2026-08-04 07:18:28: > next start
2026-08-04 07:18:28: 
2026-08-04 07:18:29: 
2026-08-04 07:18:29: > ares@0.1.0 start
2026-08-04 07:18:29: > next start
2026-08-04 07:18:29: 
2026-08-04 07:18:29: 
2026-08-04 07:18:29: > ares@0.1.0 start
2026-08-04 07:18:29: > next start
2026-08-04 07:18:29: 
2026-08-04 07:18:29: 
2026-08-04 07:18:29: > ares@0.1.0 start
2026-08-04 07:18:29: > next start
2026-08-04 07:18:29: 
2026-08-04 07:18:30: 
2026-08-04 07:18:30: > ares@0.1.0 start
2026-08-04 07:18:30: > next start
2026-08-04 07:18:30: 
2026-08-04 07:18:30: 
2026-08-04 07:18:30: > ares@0.1.0 start
2026-08-04 07:18:30: > next start
2026-08-04 07:18:30: 
2026-08-04 07:18:31: 
2026-08-04 07:18:31: > ares@0.1.0 start
2026-08-04 07:18:31: > next start
2026-08-04 07:18:31: 
2026-08-04 07:18:32: 
2026-08-04 07:18:32: > ares@0.1.0 start
2026-08-04 07:18:32: > next start
2026-08-04 07:18:32: 
2026-08-04 07:18:32: 
2026-08-04 07:18:32: > ares@0.1.0 start
2026-08-04 07:18:32: > next start
2026-08-04 07:18:32: 
2026-08-04 07:18:32: 
2026-08-04 07:18:32: > ares@0.1.0 start
2026-08-04 07:18:32: > next start
2026-08-04 07:18:32: 
2026-08-04 07:18:33: 
2026-08-04 07:18:33: > ares@0.1.0 start
2026-08-04 07:18:33: > next start
2026-08-04 07:18:33: 
2026-08-04 07:18:33: 
2026-08-04 07:18:33: > ares@0.1.0 start
2026-08-04 07:18:33: > next start
2026-08-04 07:18:33: 
2026-08-04 07:18:34: 
2026-08-04 07:18:34: > ares@0.1.0 start
2026-08-04 07:18:34: > next start
2026-08-04 07:18:34: 
2026-08-04 07:18:34: 
2026-08-04 07:18:34: > ares@0.1.0 start
2026-08-04 07:18:34: > next start
2026-08-04 07:18:34: 
2026-08-04 07:18:35: 
2026-08-04 07:18:35: > ares@0.1.0 start
2026-08-04 07:18:35: > next start
2026-08-04 07:18:35: 
2026-08-04 07:18:35: 
2026-08-04 07:18:35: > ares@0.1.0 start
2026-08-04 07:18:35: > next start
2026-08-04 07:18:35: 
2026-08-04 07:18:35: 
2026-08-04 07:18:35: > ares@0.1.0 start
2026-08-04 07:18:35: > next start
2026-08-04 07:18:35: 
2026-08-04 07:18:36: 
2026-08-04 07:18:36: > ares@0.1.0 start
2026-08-04 07:18:36: > next start
2026-08-04 07:18:36: 
2026-08-04 07:18:36: 
2026-08-04 07:18:36: > ares@0.1.0 start
2026-08-04 07:18:36: > next start
2026-08-04 07:18:36: 
2026-08-04 07:18:36: 
2026-08-04 07:18:36: > ares@0.1.0 start
2026-08-04 07:18:36: > next start
2026-08-04 07:18:36: 
2026-08-04 07:18:37: 
2026-08-04 07:18:37: > ares@0.1.0 start
2026-08-04 07:18:37: > next start
2026-08-04 07:18:37: 
2026-08-04 07:18:37: 
2026-08-04 07:18:37: > ares@0.1.0 start
2026-08-04 07:18:37: > next start
2026-08-04 07:18:37: 
2026-08-04 07:18:38: 
2026-08-04 07:18:38: > ares@0.1.0 start
2026-08-04 07:18:38: > next start
2026-08-04 07:18:38: 
2026-08-04 07:18:38: 
2026-08-04 07:18:38: > ares@0.1.0 start
2026-08-04 07:18:38: > next start
2026-08-04 07:18:38: 
2026-08-04 07:18:38: 
2026-08-04 07:18:38: > ares@0.1.0 start
2026-08-04 07:18:38: > next start
2026-08-04 07:18:38: 
2026-08-04 07:18:39: 
2026-08-04 07:18:39: > ares@0.1.0 start
2026-08-04 07:18:39: > next start
2026-08-04 07:18:39: 
2026-08-04 07:18:39: 
2026-08-04 07:18:39: > ares@0.1.0 start
2026-08-04 07:18:39: > next start
2026-08-04 07:18:39: 
2026-08-04 07:18:39: 
2026-08-04 07:18:39: > ares@0.1.0 start
2026-08-04 07:18:39: > next start
2026-08-04 07:18:39: 
2026-08-04 07:18:40: 
2026-08-04 07:18:40: > ares@0.1.0 start
2026-08-04 07:18:40: > next start
2026-08-04 07:18:40: 
2026-08-04 07:18:40: 
2026-08-04 07:18:40: > ares@0.1.0 start
2026-08-04 07:18:40: > next start
2026-08-04 07:18:40: 
2026-08-04 07:18:41: 
2026-08-04 07:18:41: > ares@0.1.0 start
2026-08-04 07:18:41: > next start
2026-08-04 07:18:41: 
2026-08-04 07:18:41: 
2026-08-04 07:18:41: > ares@0.1.0 start
2026-08-04 07:18:41: > next start
2026-08-04 07:18:41: 
2026-08-04 07:18:42: 
2026-08-04 07:18:42: > ares@0.1.0 start
2026-08-04 07:18:42: > next start
2026-08-04 07:18:42: 
2026-08-04 07:18:42: 
2026-08-04 07:18:42: > ares@0.1.0 start
2026-08-04 07:18:42: > next start
2026-08-04 07:18:42: 
2026-08-04 07:18:43: 
2026-08-04 07:18:43: > ares@0.1.0 start
2026-08-04 07:18:43: > next start
2026-08-04 07:18:43: 
2026-08-04 07:18:43: 
2026-08-04 07:18:43: > ares@0.1.0 start
2026-08-04 07:18:43: > next start
2026-08-04 07:18:43: 
2026-08-04 07:18:44: 
2026-08-04 07:18:44: > ares@0.1.0 start
2026-08-04 07:18:44: > next start
2026-08-04 07:18:44: 
2026-08-04 07:18:44: 
2026-08-04 07:18:44: > ares@0.1.0 start
2026-08-04 07:18:44: > next start
2026-08-04 07:18:44: 
2026-08-04 07:18:45: 
2026-08-04 07:18:45: > ares@0.1.0 start
2026-08-04 07:18:45: > next start
2026-08-04 07:18:45: 
2026-08-04 07:18:45: 
2026-08-04 07:18:45: > ares@0.1.0 start
2026-08-04 07:18:45: > next start
2026-08-04 07:18:45: 
2026-08-04 07:18:46: 
2026-08-04 07:18:46: > ares@0.1.0 start
2026-08-04 07:18:46: > next start
2026-08-04 07:18:46: 
2026-08-04 07:18:46: 
2026-08-04 07:18:46: > ares@0.1.0 start
2026-08-04 07:18:46: > next start
2026-08-04 07:18:46: 
2026-08-04 07:18:46: 
2026-08-04 07:18:46: > ares@0.1.0 start
2026-08-04 07:18:46: > next start
2026-08-04 07:18:46: 
2026-08-04 07:18:47: 
2026-08-04 07:18:47: > ares@0.1.0 start
2026-08-04 07:18:47: > next start
2026-08-04 07:18:47: 
2026-08-04 07:18:47: 
2026-08-04 07:18:47: > ares@0.1.0 start
2026-08-04 07:18:47: > next start
2026-08-04 07:18:47: 
2026-08-04 07:18:47: 
2026-08-04 07:18:47: > ares@0.1.0 start
2026-08-04 07:18:47: > next start
2026-08-04 07:18:47: 
2026-08-04 07:18:48: 
2026-08-04 07:18:48: > ares@0.1.0 start
2026-08-04 07:18:48: > next start
2026-08-04 07:18:48: 
2026-08-04 07:18:48: 
2026-08-04 07:18:48: > ares@0.1.0 start
2026-08-04 07:18:48: > next start
2026-08-04 07:18:48: 
2026-08-04 07:18:49: 
2026-08-04 07:18:49: > ares@0.1.0 start
2026-08-04 07:18:49: > next start
2026-08-04 07:18:49: 
2026-08-04 07:18:49: 
2026-08-04 07:18:49: > ares@0.1.0 start
2026-08-04 07:18:49: > next start
2026-08-04 07:18:49: 
2026-08-04 07:18:49: 
2026-08-04 07:18:49: > ares@0.1.0 start
2026-08-04 07:18:49: > next start
2026-08-04 07:18:49: 
2026-08-04 07:18:50: 
2026-08-04 07:18:50: > ares@0.1.0 start
2026-08-04 07:18:50: > next start
2026-08-04 07:18:50: 
2026-08-04 07:18:50: 
2026-08-04 07:18:50: > ares@0.1.0 start
2026-08-04 07:18:50: > next start
2026-08-04 07:18:50: 
2026-08-04 07:18:50: 
2026-08-04 07:18:50: > ares@0.1.0 start
2026-08-04 07:18:50: > next start
2026-08-04 07:18:50: 
2026-08-04 07:18:51: 
2026-08-04 07:18:51: > ares@0.1.0 start
2026-08-04 07:18:51: > next start
2026-08-04 07:18:51: 
2026-08-04 07:18:51: 
2026-08-04 07:18:51: > ares@0.1.0 start
2026-08-04 07:18:51: > next start
2026-08-04 07:18:51: 
2026-08-04 07:18:51: 
2026-08-04 07:18:51: > ares@0.1.0 start
2026-08-04 07:18:51: > next start
2026-08-04 07:18:51: 
2026-08-04 07:18:52: 
2026-08-04 07:18:52: > ares@0.1.0 start
2026-08-04 07:18:52: > next start
2026-08-04 07:18:52: 
2026-08-04 07:18:52: 
2026-08-04 07:18:52: > ares@0.1.0 start
2026-08-04 07:18:52: > next start
2026-08-04 07:18:52: 
2026-08-04 07:18:52: 
2026-08-04 07:18:52: > ares@0.1.0 start
2026-08-04 07:18:52: > next start
2026-08-04 07:18:52: 
2026-08-04 07:18:53: 
2026-08-04 07:18:53: > ares@0.1.0 start
2026-08-04 07:18:53: > next start
2026-08-04 07:18:53: 
2026-08-04 07:18:53: 
2026-08-04 07:18:53: > ares@0.1.0 start
2026-08-04 07:18:53: > next start
2026-08-04 07:18:53: 
2026-08-04 07:18:54: 
2026-08-04 07:18:54: > ares@0.1.0 start
2026-08-04 07:18:54: > next start
2026-08-04 07:18:54: 
2026-08-04 07:18:54: 
2026-08-04 07:18:54: > ares@0.1.0 start
2026-08-04 07:18:54: > next start
2026-08-04 07:18:54: 
2026-08-04 07:18:55: 
2026-08-04 07:18:55: > ares@0.1.0 start
2026-08-04 07:18:55: > next start
2026-08-04 07:18:55: 
2026-08-04 07:18:55: 
2026-08-04 07:18:55: > ares@0.1.0 start
2026-08-04 07:18:55: > next start
2026-08-04 07:18:55: 
2026-08-04 07:18:55: 
2026-08-04 07:18:55: > ares@0.1.0 start
2026-08-04 07:18:55: > next start
2026-08-04 07:18:55: 
2026-08-04 07:18:56: 
2026-08-04 07:18:56: > ares@0.1.0 start
2026-08-04 07:18:56: > next start
2026-08-04 07:18:56: 
2026-08-04 07:18:56: 
2026-08-04 07:18:56: > ares@0.1.0 start
2026-08-04 07:18:56: > next start
2026-08-04 07:18:56: 
2026-08-04 07:18:57: 
2026-08-04 07:18:57: > ares@0.1.0 start
2026-08-04 07:18:57: > next start
2026-08-04 07:18:57: 
2026-08-04 07:18:57: 
2026-08-04 07:18:57: > ares@0.1.0 start
2026-08-04 07:18:57: > next start
2026-08-04 07:18:57: 
2026-08-04 07:18:57: 
2026-08-04 07:18:57: > ares@0.1.0 start
2026-08-04 07:18:57: > next start
2026-08-04 07:18:57: 
2026-08-04 07:18:58: 
2026-08-04 07:18:58: > ares@0.1.0 start
2026-08-04 07:18:58: > next start
2026-08-04 07:18:58: 
2026-08-04 07:18:58: 
2026-08-04 07:18:58: > ares@0.1.0 start
2026-08-04 07:18:58: > next start
2026-08-04 07:18:58: 
2026-08-04 07:18:58: 
2026-08-04 07:18:58: > ares@0.1.0 start
2026-08-04 07:18:58: > next start
2026-08-04 07:18:58: 
2026-08-04 07:18:59: 
2026-08-04 07:18:59: > ares@0.1.0 start
2026-08-04 07:18:59: > next start
2026-08-04 07:18:59: 
2026-08-04 07:18:59: 
2026-08-04 07:18:59: > ares@0.1.0 start
2026-08-04 07:18:59: > next start
2026-08-04 07:18:59: 
2026-08-04 07:18:59: 
2026-08-04 07:18:59: > ares@0.1.0 start
2026-08-04 07:18:59: > next start
2026-08-04 07:18:59: 
2026-08-04 07:19:00: 
2026-08-04 07:19:00: > ares@0.1.0 start
2026-08-04 07:19:00: > next start
2026-08-04 07:19:00: 
2026-08-04 07:19:00: 
2026-08-04 07:19:00: > ares@0.1.0 start
2026-08-04 07:19:00: > next start
2026-08-04 07:19:00: 
2026-08-04 07:19:00: 
2026-08-04 07:19:00: > ares@0.1.0 start
2026-08-04 07:19:00: > next start
2026-08-04 07:19:00: 
2026-08-04 07:19:01: 
2026-08-04 07:19:01: > ares@0.1.0 start
2026-08-04 07:19:01: > next start
2026-08-04 07:19:01: 
2026-08-04 07:19:01: 
2026-08-04 07:19:01: > ares@0.1.0 start
2026-08-04 07:19:01: > next start
2026-08-04 07:19:01: 
2026-08-04 07:19:01: 
2026-08-04 07:19:01: > ares@0.1.0 start
2026-08-04 07:19:01: > next start
2026-08-04 07:19:01: 
2026-08-04 07:19:02: 
2026-08-04 07:19:02: > ares@0.1.0 start
2026-08-04 07:19:02: > next start
2026-08-04 07:19:02: 
2026-08-04 07:19:02: 
2026-08-04 07:19:02: > ares@0.1.0 start
2026-08-04 07:19:02: > next start
2026-08-04 07:19:02: 
2026-08-04 07:19:02: 
2026-08-04 07:19:02: > ares@0.1.0 start
2026-08-04 07:19:02: > next start
2026-08-04 07:19:02: 
2026-08-04 07:19:03: 
2026-08-04 07:19:03: > ares@0.1.0 start
2026-08-04 07:19:03: > next start
2026-08-04 07:19:03: 
2026-08-04 07:19:03: 
2026-08-04 07:19:03: > ares@0.1.0 start
2026-08-04 07:19:03: > next start
2026-08-04 07:19:03: 
2026-08-04 07:19:03: 
2026-08-04 07:19:03: > ares@0.1.0 start
2026-08-04 07:19:03: > next start
2026-08-04 07:19:03: 
2026-08-04 07:19:04: 
2026-08-04 07:19:04: > ares@0.1.0 start
2026-08-04 07:19:04: > next start
2026-08-04 07:19:04: 
2026-08-04 07:19:04: 
2026-08-04 07:19:04: > ares@0.1.0 start
2026-08-04 07:19:04: > next start
2026-08-04 07:19:04: 
2026-08-04 07:19:04: 
2026-08-04 07:19:04: > ares@0.1.0 start
2026-08-04 07:19:04: > next start
2026-08-04 07:19:04: 
2026-08-04 07:19:05: 
2026-08-04 07:19:05: > ares@0.1.0 start
2026-08-04 07:19:05: > next start
2026-08-04 07:19:05: 
2026-08-04 07:19:05: 
2026-08-04 07:19:05: > ares@0.1.0 start
2026-08-04 07:19:05: > next start
2026-08-04 07:19:05: 
2026-08-04 07:19:05: 
2026-08-04 07:19:05: > ares@0.1.0 start
2026-08-04 07:19:05: > next start
2026-08-04 07:19:05: 
2026-08-04 07:19:06: 
2026-08-04 07:19:06: > ares@0.1.0 start
2026-08-04 07:19:06: > next start
2026-08-04 07:19:06: 
2026-08-04 07:19:06: 
2026-08-04 07:19:06: > ares@0.1.0 start
2026-08-04 07:19:06: > next start
2026-08-04 07:19:06: 
2026-08-04 07:19:06: 
2026-08-04 07:19:06: > ares@0.1.0 start
2026-08-04 07:19:06: > next start
2026-08-04 07:19:06: 
2026-08-04 07:19:07: 
2026-08-04 07:19:07: > ares@0.1.0 start
2026-08-04 07:19:07: > next start
2026-08-04 07:19:07: 
2026-08-04 07:19:07: 
2026-08-04 07:19:07: > ares@0.1.0 start
2026-08-04 07:19:07: > next start
2026-08-04 07:19:07: 
2026-08-04 07:19:07: 
2026-08-04 07:19:07: > ares@0.1.0 start
2026-08-04 07:19:07: > next start
2026-08-04 07:19:07: 
2026-08-04 07:19:08: 
2026-08-04 07:19:08: > ares@0.1.0 start
2026-08-04 07:19:08: > next start
2026-08-04 07:19:08: 
2026-08-04 07:19:08: 
2026-08-04 07:19:08: > ares@0.1.0 start
2026-08-04 07:19:08: > next start
2026-08-04 07:19:08: 
2026-08-04 07:19:08: 
2026-08-04 07:19:08: > ares@0.1.0 start
2026-08-04 07:19:08: > next start
2026-08-04 07:19:08: 
2026-08-04 07:19:09: 
2026-08-04 07:19:09: > ares@0.1.0 start
2026-08-04 07:19:09: > next start
2026-08-04 07:19:09: 
2026-08-04 07:19:09: 
2026-08-04 07:19:09: > ares@0.1.0 start
2026-08-04 07:19:09: > next start
2026-08-04 07:19:09: 
2026-08-04 07:19:09: 
2026-08-04 07:19:09: > ares@0.1.0 start
2026-08-04 07:19:09: > next start
2026-08-04 07:19:09: 
2026-08-04 07:19:10: 
2026-08-04 07:19:10: > ares@0.1.0 start
2026-08-04 07:19:10: > next start
2026-08-04 07:19:10: 
2026-08-04 07:19:10: 
2026-08-04 07:19:10: > ares@0.1.0 start
2026-08-04 07:19:10: > next start
2026-08-04 07:19:10: 
2026-08-04 07:19:10: 
2026-08-04 07:19:10: > ares@0.1.0 start
2026-08-04 07:19:10: > next start
2026-08-04 07:19:10: 
2026-08-04 07:19:11: 
2026-08-04 07:19:11: > ares@0.1.0 start
2026-08-04 07:19:11: > next start
2026-08-04 07:19:11: 
2026-08-04 07:19:11: 
2026-08-04 07:19:11: > ares@0.1.0 start
2026-08-04 07:19:11: > next start
2026-08-04 07:19:11: 
2026-08-04 07:19:11: 
2026-08-04 07:19:11: > ares@0.1.0 start
2026-08-04 07:19:11: > next start
2026-08-04 07:19:11: 
2026-08-04 07:19:12: 
2026-08-04 07:19:12: > ares@0.1.0 start
2026-08-04 07:19:12: > next start
2026-08-04 07:19:12: 
2026-08-04 07:19:12: 
2026-08-04 07:19:12: > ares@0.1.0 start
2026-08-04 07:19:12: > next start
2026-08-04 07:19:12: 
2026-08-04 07:19:12: 
2026-08-04 07:19:12: > ares@0.1.0 start
2026-08-04 07:19:12: > next start
2026-08-04 07:19:12: 
2026-08-04 07:19:13: 
2026-08-04 07:19:13: > ares@0.1.0 start
2026-08-04 07:19:13: > next start
2026-08-04 07:19:13: 
2026-08-04 07:19:13: 
2026-08-04 07:19:13: > ares@0.1.0 start
2026-08-04 07:19:13: > next start
2026-08-04 07:19:13: 
2026-08-04 07:19:13: 
2026-08-04 07:19:13: > ares@0.1.0 start
2026-08-04 07:19:13: > next start
2026-08-04 07:19:13: 
2026-08-04 07:19:14: 
2026-08-04 07:19:14: > ares@0.1.0 start
2026-08-04 07:19:14: > next start
2026-08-04 07:19:14: 
2026-08-04 07:19:14: 
2026-08-04 07:19:14: > ares@0.1.0 start
2026-08-04 07:19:14: > next start
2026-08-04 07:19:14: 
2026-08-04 07:19:14: 
2026-08-04 07:19:14: > ares@0.1.0 start
2026-08-04 07:19:14: > next start
2026-08-04 07:19:14: 
2026-08-04 07:19:15: 
2026-08-04 07:19:15: > ares@0.1.0 start
2026-08-04 07:19:15: > next start
2026-08-04 07:19:15: 
2026-08-04 07:19:15: 
2026-08-04 07:19:15: > ares@0.1.0 start
2026-08-04 07:19:15: > next start
2026-08-04 07:19:15: 
2026-08-04 07:19:15: 
2026-08-04 07:19:15: > ares@0.1.0 start
2026-08-04 07:19:15: > next start
2026-08-04 07:19:15: 
2026-08-04 07:19:16: 
2026-08-04 07:19:16: > ares@0.1.0 start
2026-08-04 07:19:16: > next start
2026-08-04 07:19:16: 
2026-08-04 07:19:16: 
2026-08-04 07:19:16: > ares@0.1.0 start
2026-08-04 07:19:16: > next start
2026-08-04 07:19:16: 
2026-08-04 07:19:16: 
2026-08-04 07:19:16: > ares@0.1.0 start
2026-08-04 07:19:16: > next start
2026-08-04 07:19:16: 
2026-08-04 07:19:17: 
2026-08-04 07:19:17: > ares@0.1.0 start
2026-08-04 07:19:17: > next start
2026-08-04 07:19:17: 
2026-08-04 07:19:17: 
2026-08-04 07:19:17: > ares@0.1.0 start
2026-08-04 07:19:17: > next start
2026-08-04 07:19:17: 
2026-08-04 07:19:18: 
2026-08-04 07:19:18: > ares@0.1.0 start
2026-08-04 07:19:18: > next start
2026-08-04 07:19:18: 
2026-08-04 07:19:18: 
2026-08-04 07:19:18: > ares@0.1.0 start
2026-08-04 07:19:18: > next start
2026-08-04 07:19:18: 
2026-08-04 07:19:18: 
2026-08-04 07:19:18: > ares@0.1.0 start
2026-08-04 07:19:18: > next start
2026-08-04 07:19:18: 
2026-08-04 07:19:19: 
2026-08-04 07:19:19: > ares@0.1.0 start
2026-08-04 07:19:19: > next start
2026-08-04 07:19:19: 
2026-08-04 07:19:19: 
2026-08-04 07:19:19: > ares@0.1.0 start
2026-08-04 07:19:19: > next start
2026-08-04 07:19:19: 
2026-08-04 07:19:20: 
2026-08-04 07:19:20: > ares@0.1.0 start
2026-08-04 07:19:20: > next start
2026-08-04 07:19:20: 
2026-08-04 07:19:20: 
2026-08-04 07:19:20: > ares@0.1.0 start
2026-08-04 07:19:20: > next start
2026-08-04 07:19:20: 
2026-08-04 07:19:20: 
2026-08-04 07:19:20: > ares@0.1.0 start
2026-08-04 07:19:20: > next start
2026-08-04 07:19:20: 
2026-08-04 07:19:21: 
2026-08-04 07:19:21: > ares@0.1.0 start
2026-08-04 07:19:21: > next start
2026-08-04 07:19:21: 
2026-08-04 07:19:21: 
2026-08-04 07:19:21: > ares@0.1.0 start
2026-08-04 07:19:21: > next start
2026-08-04 07:19:21: 
2026-08-04 07:19:21: 
2026-08-04 07:19:21: > ares@0.1.0 start
2026-08-04 07:19:21: > next start
2026-08-04 07:19:21: 
2026-08-04 07:19:22: 
2026-08-04 07:19:22: > ares@0.1.0 start
2026-08-04 07:19:22: > next start
2026-08-04 07:19:22: 
2026-08-04 07:19:22: 
2026-08-04 07:19:22: > ares@0.1.0 start
2026-08-04 07:19:22: > next start
2026-08-04 07:19:22: 
2026-08-04 07:19:22: 
2026-08-04 07:19:22: > ares@0.1.0 start
2026-08-04 07:19:22: > next start
2026-08-04 07:19:22: 
2026-08-04 07:19:23: 
2026-08-04 07:19:23: > ares@0.1.0 start
2026-08-04 07:19:23: > next start
2026-08-04 07:19:23: 
2026-08-04 07:19:23: 
2026-08-04 07:19:23: > ares@0.1.0 start
2026-08-04 07:19:23: > next start
2026-08-04 07:19:23: 
2026-08-04 07:19:23: 
2026-08-04 07:19:23: > ares@0.1.0 start
2026-08-04 07:19:23: > next start
2026-08-04 07:19:23: 
2026-08-04 07:19:24: 
2026-08-04 07:19:24: > ares@0.1.0 start
2026-08-04 07:19:24: > next start
2026-08-04 07:19:24: 
2026-08-04 07:19:24: 
2026-08-04 07:19:24: > ares@0.1.0 start
2026-08-04 07:19:24: > next start
2026-08-04 07:19:24: 
2026-08-04 07:19:24: 
2026-08-04 07:19:24: > ares@0.1.0 start
2026-08-04 07:19:24: > next start
2026-08-04 07:19:24: 
2026-08-04 07:19:25: 
2026-08-04 07:19:25: > ares@0.1.0 start
2026-08-04 07:19:25: > next start
2026-08-04 07:19:25: 
2026-08-04 07:19:25: 
2026-08-04 07:19:25: > ares@0.1.0 start
2026-08-04 07:19:25: > next start
2026-08-04 07:19:25: 
2026-08-04 07:19:25: 
2026-08-04 07:19:25: > ares@0.1.0 start
2026-08-04 07:19:25: > next start
2026-08-04 07:19:25: 
2026-08-04 07:19:26: 
2026-08-04 07:19:26: > ares@0.1.0 start
2026-08-04 07:19:26: > next start
2026-08-04 07:19:26: 
2026-08-04 07:19:26: 
2026-08-04 07:19:26: > ares@0.1.0 start
2026-08-04 07:19:26: > next start
2026-08-04 07:19:26: 
2026-08-04 07:19:26: 
2026-08-04 07:19:26: > ares@0.1.0 start
2026-08-04 07:19:26: > next start
2026-08-04 07:19:26: 
2026-08-04 07:19:27: 
2026-08-04 07:19:27: > ares@0.1.0 start
2026-08-04 07:19:27: > next start
2026-08-04 07:19:27: 
2026-08-04 07:19:27: 
2026-08-04 07:19:27: > ares@0.1.0 start
2026-08-04 07:19:27: > next start
2026-08-04 07:19:27: 
2026-08-04 07:19:27: 
2026-08-04 07:19:27: > ares@0.1.0 start
2026-08-04 07:19:27: > next start
2026-08-04 07:19:27: 
2026-08-04 07:19:28: 
2026-08-04 07:19:28: > ares@0.1.0 start
2026-08-04 07:19:28: > next start
2026-08-04 07:19:28: 
2026-08-04 07:19:28: 
2026-08-04 07:19:28: > ares@0.1.0 start
2026-08-04 07:19:28: > next start
2026-08-04 07:19:28: 
2026-08-04 07:19:28: 
2026-08-04 07:19:28: > ares@0.1.0 start
2026-08-04 07:19:28: > next start
2026-08-04 07:19:28: 
2026-08-04 07:19:29: 
2026-08-04 07:19:29: > ares@0.1.0 start
2026-08-04 07:19:29: > next start
2026-08-04 07:19:29: 
2026-08-04 07:19:29: 
2026-08-04 07:19:29: > ares@0.1.0 start
2026-08-04 07:19:29: > next start
2026-08-04 07:19:29: 
2026-08-04 07:19:30: 
2026-08-04 07:19:30: > ares@0.1.0 start
2026-08-04 07:19:30: > next start
2026-08-04 07:19:30: 
2026-08-04 07:19:30: 
2026-08-04 07:19:30: > ares@0.1.0 start
2026-08-04 07:19:30: > next start
2026-08-04 07:19:30: 
2026-08-04 07:19:31: 
2026-08-04 07:19:31: > ares@0.1.0 start
2026-08-04 07:19:31: > next start
2026-08-04 07:19:31: 
2026-08-04 07:19:32: 
2026-08-04 07:19:32: > ares@0.1.0 start
2026-08-04 07:19:32: > next start
2026-08-04 07:19:32: 
2026-08-04 07:19:32: 
2026-08-04 07:19:32: > ares@0.1.0 start
2026-08-04 07:19:32: > next start
2026-08-04 07:19:32: 
2026-08-04 07:19:32: 
2026-08-04 07:19:32: > ares@0.1.0 start
2026-08-04 07:19:32: > next start
2026-08-04 07:19:32: 
2026-08-04 07:19:33: 
2026-08-04 07:19:33: > ares@0.1.0 start
2026-08-04 07:19:33: > next start
2026-08-04 07:19:33: 
2026-08-04 07:19:33: 
2026-08-04 07:19:33: > ares@0.1.0 start
2026-08-04 07:19:33: > next start
2026-08-04 07:19:33: 
2026-08-04 07:19:33: 
2026-08-04 07:19:33: > ares@0.1.0 start
2026-08-04 07:19:33: > next start
2026-08-04 07:19:33: 
2026-08-04 07:19:34: 
2026-08-04 07:19:34: > ares@0.1.0 start
2026-08-04 07:19:34: > next start
2026-08-04 07:19:34: 
2026-08-04 07:19:34: 
2026-08-04 07:19:34: > ares@0.1.0 start
2026-08-04 07:19:34: > next start
2026-08-04 07:19:34: 
2026-08-04 07:19:35: 
2026-08-04 07:19:35: > ares@0.1.0 start
2026-08-04 07:19:35: > next start
2026-08-04 07:19:35: 
2026-08-04 07:19:35: 
2026-08-04 07:19:35: > ares@0.1.0 start
2026-08-04 07:19:35: > next start
2026-08-04 07:19:35: 
2026-08-04 07:19:35: 
2026-08-04 07:19:35: > ares@0.1.0 start
2026-08-04 07:19:35: > next start
2026-08-04 07:19:35: 
2026-08-04 07:19:36: 
2026-08-04 07:19:36: > ares@0.1.0 start
2026-08-04 07:19:36: > next start
2026-08-04 07:19:36: 
2026-08-04 07:19:36: 
2026-08-04 07:19:36: > ares@0.1.0 start
2026-08-04 07:19:36: > next start
2026-08-04 07:19:36: 
2026-08-04 07:19:36: 
2026-08-04 07:19:36: > ares@0.1.0 start
2026-08-04 07:19:36: > next start
2026-08-04 07:19:36: 
2026-08-04 07:19:37: 
2026-08-04 07:19:37: > ares@0.1.0 start
2026-08-04 07:19:37: > next start
2026-08-04 07:19:37: 
2026-08-04 07:19:37: 
2026-08-04 07:19:37: > ares@0.1.0 start
2026-08-04 07:19:37: > next start
2026-08-04 07:19:37: 
2026-08-04 07:19:38: 
2026-08-04 07:19:38: > ares@0.1.0 start
2026-08-04 07:19:38: > next start
2026-08-04 07:19:38: 
2026-08-04 07:19:38: 
2026-08-04 07:19:38: > ares@0.1.0 start
2026-08-04 07:19:38: > next start
2026-08-04 07:19:38: 
2026-08-04 07:19:38: 
2026-08-04 07:19:38: > ares@0.1.0 start
2026-08-04 07:19:38: > next start
2026-08-04 07:19:38: 
2026-08-04 07:19:39: 
2026-08-04 07:19:39: > ares@0.1.0 start
2026-08-04 07:19:39: > next start
2026-08-04 07:19:39: 
2026-08-04 07:19:39: 
2026-08-04 07:19:39: > ares@0.1.0 start
2026-08-04 07:19:39: > next start
2026-08-04 07:19:39: 
2026-08-04 07:19:39: 
2026-08-04 07:19:39: > ares@0.1.0 start
2026-08-04 07:19:39: > next start
2026-08-04 07:19:39: 
2026-08-04 07:19:40: 
2026-08-04 07:19:40: > ares@0.1.0 start
2026-08-04 07:19:40: > next start
2026-08-04 07:19:40: 
2026-08-04 07:19:40: 
2026-08-04 07:19:40: > ares@0.1.0 start
2026-08-04 07:19:40: > next start
2026-08-04 07:19:40: 
2026-08-04 07:19:40: 
2026-08-04 07:19:40: > ares@0.1.0 start
2026-08-04 07:19:40: > next start
2026-08-04 07:19:40: 
2026-08-04 07:19:41: 
2026-08-04 07:19:41: > ares@0.1.0 start
2026-08-04 07:19:41: > next start
2026-08-04 07:19:41: 
2026-08-04 07:19:41: 
2026-08-04 07:19:41: > ares@0.1.0 start
2026-08-04 07:19:41: > next start
2026-08-04 07:19:41: 
2026-08-04 07:19:42: 
2026-08-04 07:19:42: > ares@0.1.0 start
2026-08-04 07:19:42: > next start
2026-08-04 07:19:42: 
2026-08-04 07:19:42: 
2026-08-04 07:19:42: > ares@0.1.0 start
2026-08-04 07:19:42: > next start
2026-08-04 07:19:42: 
2026-08-04 07:19:42: 
2026-08-04 07:19:42: > ares@0.1.0 start
2026-08-04 07:19:42: > next start
2026-08-04 07:19:42: 
2026-08-04 07:19:43: 
2026-08-04 07:19:43: > ares@0.1.0 start
2026-08-04 07:19:43: > next start
2026-08-04 07:19:43: 
2026-08-04 07:19:43: 
2026-08-04 07:19:43: > ares@0.1.0 start
2026-08-04 07:19:43: > next start
2026-08-04 07:19:43: 
2026-08-04 07:19:44: 
2026-08-04 07:19:44: > ares@0.1.0 start
2026-08-04 07:19:44: > next start
2026-08-04 07:19:44: 
2026-08-04 07:19:44: 
2026-08-04 07:19:44: > ares@0.1.0 start
2026-08-04 07:19:44: > next start
2026-08-04 07:19:44: 
2026-08-04 07:19:45: 
2026-08-04 07:19:45: > ares@0.1.0 start
2026-08-04 07:19:45: > next start
2026-08-04 07:19:45: 
2026-08-04 07:19:45: 
2026-08-04 07:19:45: > ares@0.1.0 start
2026-08-04 07:19:45: > next start
2026-08-04 07:19:45: 
2026-08-04 07:19:45: 
2026-08-04 07:19:45: > ares@0.1.0 start
2026-08-04 07:19:45: > next start
2026-08-04 07:19:45: 
2026-08-04 07:19:46: 
2026-08-04 07:19:46: > ares@0.1.0 start
2026-08-04 07:19:46: > next start
2026-08-04 07:19:46: 
2026-08-04 07:19:46: 
2026-08-04 07:19:46: > ares@0.1.0 start
2026-08-04 07:19:46: > next start
2026-08-04 07:19:46: 
2026-08-04 07:19:47: 
2026-08-04 07:19:47: > ares@0.1.0 start
2026-08-04 07:19:47: > next start
2026-08-04 07:19:47: 
2026-08-04 07:19:47: 
2026-08-04 07:19:47: > ares@0.1.0 start
2026-08-04 07:19:47: > next start
2026-08-04 07:19:47: 
2026-08-04 07:19:48: 
2026-08-04 07:19:48: > ares@0.1.0 start
2026-08-04 07:19:48: > next start
2026-08-04 07:19:48: 
2026-08-04 07:19:48: 
2026-08-04 07:19:48: > ares@0.1.0 start
2026-08-04 07:19:48: > next start
2026-08-04 07:19:48: 
2026-08-04 07:19:48: 
2026-08-04 07:19:48: > ares@0.1.0 start
2026-08-04 07:19:48: > next start
2026-08-04 07:19:48: 
2026-08-04 07:19:49: 
2026-08-04 07:19:49: > ares@0.1.0 start
2026-08-04 07:19:49: > next start
2026-08-04 07:19:49: 
2026-08-04 07:19:49: 
2026-08-04 07:19:49: > ares@0.1.0 start
2026-08-04 07:19:49: > next start
2026-08-04 07:19:49: 
2026-08-04 07:19:49: 
2026-08-04 07:19:49: > ares@0.1.0 start
2026-08-04 07:19:49: > next start
2026-08-04 07:19:49: 
2026-08-04 07:19:50: 
2026-08-04 07:19:50: > ares@0.1.0 start
2026-08-04 07:19:50: > next start
2026-08-04 07:19:50: 
2026-08-04 07:19:50: 
2026-08-04 07:19:50: > ares@0.1.0 start
2026-08-04 07:19:50: > next start
2026-08-04 07:19:50: 
2026-08-04 07:19:50: 
2026-08-04 07:19:50: > ares@0.1.0 start
2026-08-04 07:19:50: > next start
2026-08-04 07:19:50: 
2026-08-04 07:19:51: 
2026-08-04 07:19:51: > ares@0.1.0 start
2026-08-04 07:19:51: > next start
2026-08-04 07:19:51: 
2026-08-04 07:19:51: 
2026-08-04 07:19:51: > ares@0.1.0 start
2026-08-04 07:19:51: > next start
2026-08-04 07:19:51: 
2026-08-04 07:19:51: 
2026-08-04 07:19:51: > ares@0.1.0 start
2026-08-04 07:19:51: > next start
2026-08-04 07:19:51: 
2026-08-04 07:19:52: 
2026-08-04 07:19:52: > ares@0.1.0 start
2026-08-04 07:19:52: > next start
2026-08-04 07:19:52: 
2026-08-04 07:19:52: 
2026-08-04 07:19:52: > ares@0.1.0 start
2026-08-04 07:19:52: > next start
2026-08-04 07:19:52: 
2026-08-04 07:19:52: 
2026-08-04 07:19:52: > ares@0.1.0 start
2026-08-04 07:19:52: > next start
2026-08-04 07:19:52: 
2026-08-04 07:19:53: 
2026-08-04 07:19:53: > ares@0.1.0 start
2026-08-04 07:19:53: > next start
2026-08-04 07:19:53: 
2026-08-04 07:19:53: 
2026-08-04 07:19:53: > ares@0.1.0 start
2026-08-04 07:19:53: > next start
2026-08-04 07:19:53: 
2026-08-04 07:19:53: 
2026-08-04 07:19:53: > ares@0.1.0 start
2026-08-04 07:19:53: > next start
2026-08-04 07:19:53: 
2026-08-04 07:19:54: 
2026-08-04 07:19:54: > ares@0.1.0 start
2026-08-04 07:19:54: > next start
2026-08-04 07:19:54: 
2026-08-04 07:19:54: 
2026-08-04 07:19:54: > ares@0.1.0 start
2026-08-04 07:19:54: > next start
2026-08-04 07:19:54: 
2026-08-04 07:19:54: 
2026-08-04 07:19:54: > ares@0.1.0 start
2026-08-04 07:19:54: > next start
2026-08-04 07:19:54: 
2026-08-04 07:19:55: 
2026-08-04 07:19:55: > ares@0.1.0 start
2026-08-04 07:19:55: > next start
2026-08-04 07:19:55: 
2026-08-04 07:19:55: 
2026-08-04 07:19:55: > ares@0.1.0 start
2026-08-04 07:19:55: > next start
2026-08-04 07:19:55: 
2026-08-04 07:19:56: 
2026-08-04 07:19:56: > ares@0.1.0 start
2026-08-04 07:19:56: > next start
2026-08-04 07:19:56: 
2026-08-04 07:19:56: 
2026-08-04 07:19:56: > ares@0.1.0 start
2026-08-04 07:19:56: > next start
2026-08-04 07:19:56: 
2026-08-04 07:19:57: 
2026-08-04 07:19:57: > ares@0.1.0 start
2026-08-04 07:19:57: > next start
2026-08-04 07:19:57: 
2026-08-04 07:19:57: 
2026-08-04 07:19:57: > ares@0.1.0 start
2026-08-04 07:19:57: > next start
2026-08-04 07:19:57: 
2026-08-04 07:19:57: 
2026-08-04 07:19:57: > ares@0.1.0 start
2026-08-04 07:19:57: > next start
2026-08-04 07:19:57: 
2026-08-04 07:19:58: 
2026-08-04 07:19:58: > ares@0.1.0 start
2026-08-04 07:19:58: > next start
2026-08-04 07:19:58: 
2026-08-04 07:19:58: 
2026-08-04 07:19:58: > ares@0.1.0 start
2026-08-04 07:19:58: > next start
2026-08-04 07:19:58: 
2026-08-04 07:19:58: 
2026-08-04 07:19:58: > ares@0.1.0 start
2026-08-04 07:19:58: > next start
2026-08-04 07:19:58: 
2026-08-04 07:19:59: 
2026-08-04 07:19:59: > ares@0.1.0 start
2026-08-04 07:19:59: > next start
2026-08-04 07:19:59: 
2026-08-04 07:19:59: 
2026-08-04 07:19:59: > ares@0.1.0 start
2026-08-04 07:19:59: > next start
2026-08-04 07:19:59: 
2026-08-04 07:19:59: 
2026-08-04 07:19:59: > ares@0.1.0 start
2026-08-04 07:19:59: > next start
2026-08-04 07:19:59: 
2026-08-04 07:20:00: 
2026-08-04 07:20:00: > ares@0.1.0 start
2026-08-04 07:20:00: > next start
2026-08-04 07:20:00: 
2026-08-04 07:20:00: 
2026-08-04 07:20:00: > ares@0.1.0 start
2026-08-04 07:20:00: > next start
2026-08-04 07:20:00: 
2026-08-04 07:20:00: 
2026-08-04 07:20:00: > ares@0.1.0 start
2026-08-04 07:20:00: > next start
2026-08-04 07:20:00: 
2026-08-04 07:20:01: 
2026-08-04 07:20:01: > ares@0.1.0 start
2026-08-04 07:20:01: > next start
2026-08-04 07:20:01: 
2026-08-04 07:20:01: 
2026-08-04 07:20:01: > ares@0.1.0 start
2026-08-04 07:20:01: > next start
2026-08-04 07:20:01: 
2026-08-04 07:20:01: 
2026-08-04 07:20:01: > ares@0.1.0 start
2026-08-04 07:20:01: > next start
2026-08-04 07:20:01: 
2026-08-04 07:20:02: 
2026-08-04 07:20:02: > ares@0.1.0 start
2026-08-04 07:20:02: > next start
2026-08-04 07:20:02: 
2026-08-04 07:20:02: 
2026-08-04 07:20:02: > ares@0.1.0 start
2026-08-04 07:20:02: > next start
2026-08-04 07:20:02: 
2026-08-04 07:20:02: 
2026-08-04 07:20:02: > ares@0.1.0 start
2026-08-04 07:20:02: > next start
2026-08-04 07:20:02: 
2026-08-04 07:20:03: 
2026-08-04 07:20:03: > ares@0.1.0 start
2026-08-04 07:20:03: > next start
2026-08-04 07:20:03: 
2026-08-04 07:20:03: 
2026-08-04 07:20:03: > ares@0.1.0 start
2026-08-04 07:20:03: > next start
2026-08-04 07:20:03: 
2026-08-04 07:20:03: 
2026-08-04 07:20:03: > ares@0.1.0 start
2026-08-04 07:20:03: > next start
2026-08-04 07:20:03: 
2026-08-04 07:20:04: 
2026-08-04 07:20:04: > ares@0.1.0 start
2026-08-04 07:20:04: > next start
2026-08-04 07:20:04: 
2026-08-04 07:20:04: 
2026-08-04 07:20:04: > ares@0.1.0 start
2026-08-04 07:20:04: > next start
2026-08-04 07:20:04: 
2026-08-04 07:20:04: 
2026-08-04 07:20:04: > ares@0.1.0 start
2026-08-04 07:20:04: > next start
2026-08-04 07:20:04: 
2026-08-04 07:20:05: 
2026-08-04 07:20:05: > ares@0.1.0 start
2026-08-04 07:20:05: > next start
2026-08-04 07:20:05: 
2026-08-04 07:20:05: 
2026-08-04 07:20:05: > ares@0.1.0 start
2026-08-04 07:20:05: > next start
2026-08-04 07:20:05: 
2026-08-04 07:20:05: 
2026-08-04 07:20:05: > ares@0.1.0 start
2026-08-04 07:20:05: > next start
2026-08-04 07:20:05: 
2026-08-04 07:20:06: 
2026-08-04 07:20:06: > ares@0.1.0 start
2026-08-04 07:20:06: > next start
2026-08-04 07:20:06: 
2026-08-04 07:20:06: 
2026-08-04 07:20:06: > ares@0.1.0 start
2026-08-04 07:20:06: > next start
2026-08-04 07:20:06: 
2026-08-04 07:20:07: 
2026-08-04 07:20:07: > ares@0.1.0 start
2026-08-04 07:20:07: > next start
2026-08-04 07:20:07: 
2026-08-04 07:20:07: 
2026-08-04 07:20:07: > ares@0.1.0 start
2026-08-04 07:20:07: > next start
2026-08-04 07:20:07: 
2026-08-04 07:20:07: 
2026-08-04 07:20:07: > ares@0.1.0 start
2026-08-04 07:20:07: > next start
2026-08-04 07:20:07: 
2026-08-04 07:20:08: 
2026-08-04 07:20:08: > ares@0.1.0 start
2026-08-04 07:20:08: > next start
2026-08-04 07:20:08: 
2026-08-04 07:20:08: 
2026-08-04 07:20:08: > ares@0.1.0 start
2026-08-04 07:20:08: > next start
2026-08-04 07:20:08: 
2026-08-04 07:20:08: 
2026-08-04 07:20:08: > ares@0.1.0 start
2026-08-04 07:20:08: > next start
2026-08-04 07:20:08: 
2026-08-04 07:20:09: 
2026-08-04 07:20:09: > ares@0.1.0 start
2026-08-04 07:20:09: > next start
2026-08-04 07:20:09: 
2026-08-04 07:20:09: 
2026-08-04 07:20:09: > ares@0.1.0 start
2026-08-04 07:20:09: > next start
2026-08-04 07:20:09: 
2026-08-04 07:20:09: 
2026-08-04 07:20:09: > ares@0.1.0 start
2026-08-04 07:20:09: > next start
2026-08-04 07:20:09: 
2026-08-04 07:20:10: 
2026-08-04 07:20:10: > ares@0.1.0 start
2026-08-04 07:20:10: > next start
2026-08-04 07:20:10: 
2026-08-04 07:20:10: 
2026-08-04 07:20:10: > ares@0.1.0 start
2026-08-04 07:20:10: > next start
2026-08-04 07:20:10: 
2026-08-04 07:20:10: 
2026-08-04 07:20:10: > ares@0.1.0 start
2026-08-04 07:20:10: > next start
2026-08-04 07:20:10: 
2026-08-04 07:20:11: 
2026-08-04 07:20:11: > ares@0.1.0 start
2026-08-04 07:20:11: > next start
2026-08-04 07:20:11: 
2026-08-04 07:20:11: 
2026-08-04 07:20:11: > ares@0.1.0 start
2026-08-04 07:20:11: > next start
2026-08-04 07:20:11: 
2026-08-04 07:20:11: 
2026-08-04 07:20:11: > ares@0.1.0 start
2026-08-04 07:20:11: > next start
2026-08-04 07:20:11: 
2026-08-04 07:20:12: 
2026-08-04 07:20:12: > ares@0.1.0 start
2026-08-04 07:20:12: > next start
2026-08-04 07:20:12: 
2026-08-04 07:20:12: 
2026-08-04 07:20:12: > ares@0.1.0 start
2026-08-04 07:20:12: > next start
2026-08-04 07:20:12: 
2026-08-04 07:20:12: 
2026-08-04 07:20:12: > ares@0.1.0 start
2026-08-04 07:20:12: > next start
2026-08-04 07:20:12: 
2026-08-04 07:20:13: 
2026-08-04 07:20:13: > ares@0.1.0 start
2026-08-04 07:20:13: > next start
2026-08-04 07:20:13: 
2026-08-04 07:20:13: 
2026-08-04 07:20:13: > ares@0.1.0 start
2026-08-04 07:20:13: > next start
2026-08-04 07:20:13: 
2026-08-04 07:20:13: 
2026-08-04 07:20:13: > ares@0.1.0 start
2026-08-04 07:20:13: > next start
2026-08-04 07:20:13: 
2026-08-04 07:20:14: 
2026-08-04 07:20:14: > ares@0.1.0 start
2026-08-04 07:20:14: > next start
2026-08-04 07:20:14: 
2026-08-04 07:20:14: 
2026-08-04 07:20:14: > ares@0.1.0 start
2026-08-04 07:20:14: > next start
2026-08-04 07:20:14: 
2026-08-04 07:20:14: 
2026-08-04 07:20:14: > ares@0.1.0 start
2026-08-04 07:20:14: > next start
2026-08-04 07:20:14: 
2026-08-04 07:20:15: 
2026-08-04 07:20:15: > ares@0.1.0 start
2026-08-04 07:20:15: > next start
2026-08-04 07:20:15: 
2026-08-04 07:20:15: 
2026-08-04 07:20:15: > ares@0.1.0 start
2026-08-04 07:20:15: > next start
2026-08-04 07:20:15: 
2026-08-04 07:20:15: 
2026-08-04 07:20:15: > ares@0.1.0 start
2026-08-04 07:20:15: > next start
2026-08-04 07:20:15: 
2026-08-04 07:20:16: 
2026-08-04 07:20:16: > ares@0.1.0 start
2026-08-04 07:20:16: > next start
2026-08-04 07:20:16: 
2026-08-04 07:20:16: 
2026-08-04 07:20:16: > ares@0.1.0 start
2026-08-04 07:20:16: > next start
2026-08-04 07:20:16: 
2026-08-04 07:20:16: 
2026-08-04 07:20:16: > ares@0.1.0 start
2026-08-04 07:20:16: > next start
2026-08-04 07:20:16: 
2026-08-04 07:20:17: 
2026-08-04 07:20:17: > ares@0.1.0 start
2026-08-04 07:20:17: > next start
2026-08-04 07:20:17: 
2026-08-04 07:20:17: 
2026-08-04 07:20:17: > ares@0.1.0 start
2026-08-04 07:20:17: > next start
2026-08-04 07:20:17: 
2026-08-04 07:20:17: 
2026-08-04 07:20:17: > ares@0.1.0 start
2026-08-04 07:20:17: > next start
2026-08-04 07:20:17: 
2026-08-04 07:20:18: 
2026-08-04 07:20:18: > ares@0.1.0 start
2026-08-04 07:20:18: > next start
2026-08-04 07:20:18: 
2026-08-04 07:20:18: 
2026-08-04 07:20:18: > ares@0.1.0 start
2026-08-04 07:20:18: > next start
2026-08-04 07:20:18: 
2026-08-04 07:20:18: 
2026-08-04 07:20:18: > ares@0.1.0 start
2026-08-04 07:20:18: > next start
2026-08-04 07:20:18: 
2026-08-04 07:20:19: 
2026-08-04 07:20:19: > ares@0.1.0 start
2026-08-04 07:20:19: > next start
2026-08-04 07:20:19: 
2026-08-04 07:20:19: 
2026-08-04 07:20:19: > ares@0.1.0 start
2026-08-04 07:20:19: > next start
2026-08-04 07:20:19: 
2026-08-04 07:20:19: 
2026-08-04 07:20:19: > ares@0.1.0 start
2026-08-04 07:20:19: > next start
2026-08-04 07:20:19: 
2026-08-04 07:20:20: 
2026-08-04 07:20:20: > ares@0.1.0 start
2026-08-04 07:20:20: > next start
2026-08-04 07:20:20: 
2026-08-04 07:20:20: 
2026-08-04 07:20:20: > ares@0.1.0 start
2026-08-04 07:20:20: > next start
2026-08-04 07:20:20: 
2026-08-04 07:20:20: 
2026-08-04 07:20:20: > ares@0.1.0 start
2026-08-04 07:20:20: > next start
2026-08-04 07:20:20: 
2026-08-04 07:20:21: 
2026-08-04 07:20:21: > ares@0.1.0 start
2026-08-04 07:20:21: > next start
2026-08-04 07:20:21: 
2026-08-04 07:20:21: 
2026-08-04 07:20:21: > ares@0.1.0 start
2026-08-04 07:20:21: > next start
2026-08-04 07:20:21: 
2026-08-04 07:20:21: 
2026-08-04 07:20:21: > ares@0.1.0 start
2026-08-04 07:20:21: > next start
2026-08-04 07:20:21: 
2026-08-04 07:20:22: 
2026-08-04 07:20:22: > ares@0.1.0 start
2026-08-04 07:20:22: > next start
2026-08-04 07:20:22: 
2026-08-04 07:20:22: 
2026-08-04 07:20:22: > ares@0.1.0 start
2026-08-04 07:20:22: > next start
2026-08-04 07:20:22: 
2026-08-04 07:20:22: 
2026-08-04 07:20:22: > ares@0.1.0 start
2026-08-04 07:20:22: > next start
2026-08-04 07:20:22: 
2026-08-04 07:20:23: 
2026-08-04 07:20:23: > ares@0.1.0 start
2026-08-04 07:20:23: > next start
2026-08-04 07:20:23: 
2026-08-04 07:20:23: 
2026-08-04 07:20:23: > ares@0.1.0 start
2026-08-04 07:20:23: > next start
2026-08-04 07:20:23: 
2026-08-04 07:20:23: 
2026-08-04 07:20:23: > ares@0.1.0 start
2026-08-04 07:20:23: > next start
2026-08-04 07:20:23: 
2026-08-04 07:20:24: 
2026-08-04 07:20:24: > ares@0.1.0 start
2026-08-04 07:20:24: > next start
2026-08-04 07:20:24: 
2026-08-04 07:20:24: 
2026-08-04 07:20:24: > ares@0.1.0 start
2026-08-04 07:20:24: > next start
2026-08-04 07:20:24: 
2026-08-04 07:20:24: 
2026-08-04 07:20:24: > ares@0.1.0 start
2026-08-04 07:20:24: > next start
2026-08-04 07:20:24: 
2026-08-04 07:20:25: 
2026-08-04 07:20:25: > ares@0.1.0 start
2026-08-04 07:20:25: > next start
2026-08-04 07:20:25: 
2026-08-04 07:20:25: 
2026-08-04 07:20:25: > ares@0.1.0 start
2026-08-04 07:20:25: > next start
2026-08-04 07:20:25: 
2026-08-04 07:20:26: 
2026-08-04 07:20:26: > ares@0.1.0 start
2026-08-04 07:20:26: > next start
2026-08-04 07:20:26: 
2026-08-04 07:20:26: 
2026-08-04 07:20:26: > ares@0.1.0 start
2026-08-04 07:20:26: > next start
2026-08-04 07:20:26: 
2026-08-04 07:20:26: 
2026-08-04 07:20:26: > ares@0.1.0 start
2026-08-04 07:20:26: > next start
2026-08-04 07:20:26: 
2026-08-04 07:20:27: 
2026-08-04 07:20:27: > ares@0.1.0 start
2026-08-04 07:20:27: > next start
2026-08-04 07:20:27: 
2026-08-04 07:20:27: 
2026-08-04 07:20:27: > ares@0.1.0 start
2026-08-04 07:20:27: > next start
2026-08-04 07:20:27: 
2026-08-04 07:20:27: 
2026-08-04 07:20:27: > ares@0.1.0 start
2026-08-04 07:20:27: > next start
2026-08-04 07:20:27: 
2026-08-04 07:20:28: 
2026-08-04 07:20:28: > ares@0.1.0 start
2026-08-04 07:20:28: > next start
2026-08-04 07:20:28: 
2026-08-04 07:20:28: 
2026-08-04 07:20:28: > ares@0.1.0 start
2026-08-04 07:20:28: > next start
2026-08-04 07:20:28: 
2026-08-04 07:20:28: 
2026-08-04 07:20:28: > ares@0.1.0 start
2026-08-04 07:20:28: > next start
2026-08-04 07:20:28: 
2026-08-04 07:20:29: 
2026-08-04 07:20:29: > ares@0.1.0 start
2026-08-04 07:20:29: > next start
2026-08-04 07:20:29: 
2026-08-04 07:20:29: 
2026-08-04 07:20:29: > ares@0.1.0 start
2026-08-04 07:20:29: > next start
2026-08-04 07:20:29: 
2026-08-04 07:20:29: 
2026-08-04 07:20:29: > ares@0.1.0 start
2026-08-04 07:20:29: > next start
2026-08-04 07:20:29: 
2026-08-04 07:20:30: 
2026-08-04 07:20:30: > ares@0.1.0 start
2026-08-04 07:20:30: > next start
2026-08-04 07:20:30: 
2026-08-04 07:20:30: 
2026-08-04 07:20:30: > ares@0.1.0 start
2026-08-04 07:20:30: > next start
2026-08-04 07:20:30: 
2026-08-04 07:20:30: 
2026-08-04 07:20:30: > ares@0.1.0 start
2026-08-04 07:20:30: > next start
2026-08-04 07:20:30: 
2026-08-04 07:20:31: 
2026-08-04 07:20:31: > ares@0.1.0 start
2026-08-04 07:20:31: > next start
2026-08-04 07:20:31: 
2026-08-04 07:20:31: 
2026-08-04 07:20:31: > ares@0.1.0 start
2026-08-04 07:20:31: > next start
2026-08-04 07:20:31: 
2026-08-04 07:20:31: 
2026-08-04 07:20:31: > ares@0.1.0 start
2026-08-04 07:20:31: > next start
2026-08-04 07:20:31: 
2026-08-04 07:20:32: 
2026-08-04 07:20:32: > ares@0.1.0 start
2026-08-04 07:20:32: > next start
2026-08-04 07:20:32: 
2026-08-04 07:20:32: 
2026-08-04 07:20:32: > ares@0.1.0 start
2026-08-04 07:20:32: > next start
2026-08-04 07:20:32: 
2026-08-04 07:20:32: 
2026-08-04 07:20:32: > ares@0.1.0 start
2026-08-04 07:20:32: > next start
2026-08-04 07:20:32: 
2026-08-04 07:20:33: 
2026-08-04 07:20:33: > ares@0.1.0 start
2026-08-04 07:20:33: > next start
2026-08-04 07:20:33: 
2026-08-04 07:20:33: 
2026-08-04 07:20:33: > ares@0.1.0 start
2026-08-04 07:20:33: > next start
2026-08-04 07:20:33: 
2026-08-04 07:20:33: 
2026-08-04 07:20:33: > ares@0.1.0 start
2026-08-04 07:20:33: > next start
2026-08-04 07:20:33: 
2026-08-04 07:20:34: 
2026-08-04 07:20:34: > ares@0.1.0 start
2026-08-04 07:20:34: > next start
2026-08-04 07:20:34: 
2026-08-04 07:20:34: 
2026-08-04 07:20:34: > ares@0.1.0 start
2026-08-04 07:20:34: > next start
2026-08-04 07:20:34: 
2026-08-04 07:20:34: 
2026-08-04 07:20:34: > ares@0.1.0 start
2026-08-04 07:20:34: > next start
2026-08-04 07:20:34: 
2026-08-04 07:20:35: 
2026-08-04 07:20:35: > ares@0.1.0 start
2026-08-04 07:20:35: > next start
2026-08-04 07:20:35: 
2026-08-04 07:20:35: 
2026-08-04 07:20:35: > ares@0.1.0 start
2026-08-04 07:20:35: > next start
2026-08-04 07:20:35: 
2026-08-04 07:20:36: 
2026-08-04 07:20:36: > ares@0.1.0 start
2026-08-04 07:20:36: > next start
2026-08-04 07:20:36: 
2026-08-04 07:20:36: 
2026-08-04 07:20:36: > ares@0.1.0 start
2026-08-04 07:20:36: > next start
2026-08-04 07:20:36: 
2026-08-04 07:20:36: 
2026-08-04 07:20:36: > ares@0.1.0 start
2026-08-04 07:20:36: > next start
2026-08-04 07:20:36: 
2026-08-04 07:20:37: 
2026-08-04 07:20:37: > ares@0.1.0 start
2026-08-04 07:20:37: > next start
2026-08-04 07:20:37: 
2026-08-04 07:20:37: 
2026-08-04 07:20:37: > ares@0.1.0 start
2026-08-04 07:20:37: > next start
2026-08-04 07:20:37: 
2026-08-04 07:20:37: 
2026-08-04 07:20:37: > ares@0.1.0 start
2026-08-04 07:20:37: > next start
2026-08-04 07:20:37: 
2026-08-04 07:20:38: 
2026-08-04 07:20:38: > ares@0.1.0 start
2026-08-04 07:20:38: > next start
2026-08-04 07:20:38: 
2026-08-04 07:20:38: 
2026-08-04 07:20:38: > ares@0.1.0 start
2026-08-04 07:20:38: > next start
2026-08-04 07:20:38: 
2026-08-04 07:20:38: 
2026-08-04 07:20:38: > ares@0.1.0 start
2026-08-04 07:20:38: > next start
2026-08-04 07:20:38: 
2026-08-04 07:20:39: 
2026-08-04 07:20:39: > ares@0.1.0 start
2026-08-04 07:20:39: > next start
2026-08-04 07:20:39: 
2026-08-04 07:20:39: 
2026-08-04 07:20:39: > ares@0.1.0 start
2026-08-04 07:20:39: > next start
2026-08-04 07:20:39: 
2026-08-04 07:20:39: 
2026-08-04 07:20:39: > ares@0.1.0 start
2026-08-04 07:20:39: > next start
2026-08-04 07:20:39: 
2026-08-04 07:20:40: 
2026-08-04 07:20:40: > ares@0.1.0 start
2026-08-04 07:20:40: > next start
2026-08-04 07:20:40: 
2026-08-04 07:20:40: 
2026-08-04 07:20:40: > ares@0.1.0 start
2026-08-04 07:20:40: > next start
2026-08-04 07:20:40: 
2026-08-04 07:20:40: 
2026-08-04 07:20:40: > ares@0.1.0 start
2026-08-04 07:20:40: > next start
2026-08-04 07:20:40: 
2026-08-04 07:20:41: 
2026-08-04 07:20:41: > ares@0.1.0 start
2026-08-04 07:20:41: > next start
2026-08-04 07:20:41: 
2026-08-04 07:20:41: 
2026-08-04 07:20:41: > ares@0.1.0 start
2026-08-04 07:20:41: > next start
2026-08-04 07:20:41: 
2026-08-04 07:20:41: 
2026-08-04 07:20:41: > ares@0.1.0 start
2026-08-04 07:20:41: > next start
2026-08-04 07:20:41: 
2026-08-04 07:20:42: 
2026-08-04 07:20:42: > ares@0.1.0 start
2026-08-04 07:20:42: > next start
2026-08-04 07:20:42: 
2026-08-04 07:20:42: 
2026-08-04 07:20:42: > ares@0.1.0 start
2026-08-04 07:20:42: > next start
2026-08-04 07:20:42: 
2026-08-04 07:20:42: 
2026-08-04 07:20:42: > ares@0.1.0 start
2026-08-04 07:20:42: > next start
2026-08-04 07:20:42: 
2026-08-04 07:20:43: 
2026-08-04 07:20:43: > ares@0.1.0 start
2026-08-04 07:20:43: > next start
2026-08-04 07:20:43: 
2026-08-04 07:20:43: 
2026-08-04 07:20:43: > ares@0.1.0 start
2026-08-04 07:20:43: > next start
2026-08-04 07:20:43: 
2026-08-04 07:20:43: 
2026-08-04 07:20:43: > ares@0.1.0 start
2026-08-04 07:20:43: > next start
2026-08-04 07:20:43: 
2026-08-04 07:20:44: 
2026-08-04 07:20:44: > ares@0.1.0 start
2026-08-04 07:20:44: > next start
2026-08-04 07:20:44: 
2026-08-04 07:20:44: 
2026-08-04 07:20:44: > ares@0.1.0 start
2026-08-04 07:20:44: > next start
2026-08-04 07:20:44: 
2026-08-04 07:20:44: 
2026-08-04 07:20:44: > ares@0.1.0 start
2026-08-04 07:20:44: > next start
2026-08-04 07:20:44: 
2026-08-04 07:20:45: 
2026-08-04 07:20:45: > ares@0.1.0 start
2026-08-04 07:20:45: > next start
2026-08-04 07:20:45: 
2026-08-04 07:20:45: 
2026-08-04 07:20:45: > ares@0.1.0 start
2026-08-04 07:20:45: > next start
2026-08-04 07:20:45: 
2026-08-04 07:20:45: 
2026-08-04 07:20:45: > ares@0.1.0 start
2026-08-04 07:20:45: > next start
2026-08-04 07:20:45: 
2026-08-04 07:20:46: 
2026-08-04 07:20:46: > ares@0.1.0 start
2026-08-04 07:20:46: > next start
2026-08-04 07:20:46: 
2026-08-04 07:20:46: 
2026-08-04 07:20:46: > ares@0.1.0 start
2026-08-04 07:20:46: > next start
2026-08-04 07:20:46: 
2026-08-04 07:20:46: 
2026-08-04 07:20:46: > ares@0.1.0 start
2026-08-04 07:20:46: > next start
2026-08-04 07:20:46: 
2026-08-04 07:20:47: 
2026-08-04 07:20:47: > ares@0.1.0 start
2026-08-04 07:20:47: > next start
2026-08-04 07:20:47: 
2026-08-04 07:20:47: 
2026-08-04 07:20:47: > ares@0.1.0 start
2026-08-04 07:20:47: > next start
2026-08-04 07:20:47: 
2026-08-04 07:20:47: 
2026-08-04 07:20:47: > ares@0.1.0 start
2026-08-04 07:20:47: > next start
2026-08-04 07:20:47: 
2026-08-04 07:20:47: 
2026-08-04 07:20:47: > ares@0.1.0 start
2026-08-04 07:20:47: > next start
2026-08-04 07:20:47: 
2026-08-04 07:20:48: 
2026-08-04 07:20:48: > ares@0.1.0 start
2026-08-04 07:20:48: > next start
2026-08-04 07:20:48: 
2026-08-04 07:20:48: 
2026-08-04 07:20:48: > ares@0.1.0 start
2026-08-04 07:20:48: > next start
2026-08-04 07:20:48: 
2026-08-04 07:20:48: 
2026-08-04 07:20:48: > ares@0.1.0 start
2026-08-04 07:20:48: > next start
2026-08-04 07:20:48: 
2026-08-04 07:20:49: 
2026-08-04 07:20:49: > ares@0.1.0 start
2026-08-04 07:20:49: > next start
2026-08-04 07:20:49: 
2026-08-04 07:20:49: 
2026-08-04 07:20:49: > ares@0.1.0 start
2026-08-04 07:20:49: > next start
2026-08-04 07:20:49: 
2026-08-04 07:20:49: 
2026-08-04 07:20:49: > ares@0.1.0 start
2026-08-04 07:20:49: > next start
2026-08-04 07:20:49: 
2026-08-04 07:20:50: 
2026-08-04 07:20:50: > ares@0.1.0 start
2026-08-04 07:20:50: > next start
2026-08-04 07:20:50: 
2026-08-04 07:20:50: 
2026-08-04 07:20:50: > ares@0.1.0 start
2026-08-04 07:20:50: > next start
2026-08-04 07:20:50: 
2026-08-04 07:20:50: 
2026-08-04 07:20:50: > ares@0.1.0 start
2026-08-04 07:20:50: > next start
2026-08-04 07:20:50: 
2026-08-04 07:20:51: 
2026-08-04 07:20:51: > ares@0.1.0 start
2026-08-04 07:20:51: > next start
2026-08-04 07:20:51: 
2026-08-04 07:20:51: 
2026-08-04 07:20:51: > ares@0.1.0 start
2026-08-04 07:20:51: > next start
2026-08-04 07:20:51: 
2026-08-04 07:20:51: 
2026-08-04 07:20:51: > ares@0.1.0 start
2026-08-04 07:20:51: > next start
2026-08-04 07:20:51: 
2026-08-04 07:20:52: 
2026-08-04 07:20:52: > ares@0.1.0 start
2026-08-04 07:20:52: > next start
2026-08-04 07:20:52: 
2026-08-04 07:20:52: 
2026-08-04 07:20:52: > ares@0.1.0 start
2026-08-04 07:20:52: > next start
2026-08-04 07:20:52: 
2026-08-04 07:20:52: 
2026-08-04 07:20:52: > ares@0.1.0 start
2026-08-04 07:20:52: > next start
2026-08-04 07:20:52: 
2026-08-04 07:20:53: 
2026-08-04 07:20:53: > ares@0.1.0 start
2026-08-04 07:20:53: > next start
2026-08-04 07:20:53: 
2026-08-04 07:20:53: 
2026-08-04 07:20:53: > ares@0.1.0 start
2026-08-04 07:20:53: > next start
2026-08-04 07:20:53: 
2026-08-04 07:20:53: 
2026-08-04 07:20:53: > ares@0.1.0 start
2026-08-04 07:20:53: > next start
2026-08-04 07:20:53: 
2026-08-04 07:20:54: 
2026-08-04 07:20:54: > ares@0.1.0 start
2026-08-04 07:20:54: > next start
2026-08-04 07:20:54: 
2026-08-04 07:20:54: 
2026-08-04 07:20:54: > ares@0.1.0 start
2026-08-04 07:20:54: > next start
2026-08-04 07:20:54: 
2026-08-04 07:20:54: 
2026-08-04 07:20:54: > ares@0.1.0 start
2026-08-04 07:20:54: > next start
2026-08-04 07:20:54: 
2026-08-04 07:20:55: 
2026-08-04 07:20:55: > ares@0.1.0 start
2026-08-04 07:20:55: > next start
2026-08-04 07:20:55: 
2026-08-04 07:20:55: 
2026-08-04 07:20:55: > ares@0.1.0 start
2026-08-04 07:20:55: > next start
2026-08-04 07:20:55: 
2026-08-04 07:20:55: 
2026-08-04 07:20:55: > ares@0.1.0 start
2026-08-04 07:20:55: > next start
2026-08-04 07:20:55: 
2026-08-04 07:20:56: 
2026-08-04 07:20:56: > ares@0.1.0 start
2026-08-04 07:20:56: > next start
2026-08-04 07:20:56: 
2026-08-04 07:20:56: 
2026-08-04 07:20:56: > ares@0.1.0 start
2026-08-04 07:20:56: > next start
2026-08-04 07:20:56: 
2026-08-04 07:20:56: 
2026-08-04 07:20:56: > ares@0.1.0 start
2026-08-04 07:20:56: > next start
2026-08-04 07:20:56: 
2026-08-04 07:20:57: 
2026-08-04 07:20:57: > ares@0.1.0 start
2026-08-04 07:20:57: > next start
2026-08-04 07:20:57: 
2026-08-04 07:20:57: 
2026-08-04 07:20:57: > ares@0.1.0 start
2026-08-04 07:20:57: > next start
2026-08-04 07:20:57: 
2026-08-04 07:20:58: 
2026-08-04 07:20:58: > ares@0.1.0 start
2026-08-04 07:20:58: > next start
2026-08-04 07:20:58: 
2026-08-04 07:20:58: 
2026-08-04 07:20:58: > ares@0.1.0 start
2026-08-04 07:20:58: > next start
2026-08-04 07:20:58: 
2026-08-04 07:20:58: 
2026-08-04 07:20:58: > ares@0.1.0 start
2026-08-04 07:20:58: > next start
2026-08-04 07:20:58: 
2026-08-04 07:20:59: 
2026-08-04 07:20:59: > ares@0.1.0 start
2026-08-04 07:20:59: > next start
2026-08-04 07:20:59: 
2026-08-04 07:20:59: 
2026-08-04 07:20:59: > ares@0.1.0 start
2026-08-04 07:20:59: > next start
2026-08-04 07:20:59: 
2026-08-04 07:20:59: 
2026-08-04 07:20:59: > ares@0.1.0 start
2026-08-04 07:20:59: > next start
2026-08-04 07:20:59: 
2026-08-04 07:21:00: 
2026-08-04 07:21:00: > ares@0.1.0 start
2026-08-04 07:21:00: > next start
2026-08-04 07:21:00: 
2026-08-04 07:21:00: 
2026-08-04 07:21:00: > ares@0.1.0 start
2026-08-04 07:21:00: > next start
2026-08-04 07:21:00: 
2026-08-04 07:21:00: 
2026-08-04 07:21:00: > ares@0.1.0 start
2026-08-04 07:21:00: > next start
2026-08-04 07:21:00: 
2026-08-04 07:21:01: 
2026-08-04 07:21:01: > ares@0.1.0 start
2026-08-04 07:21:01: > next start
2026-08-04 07:21:01: 
2026-08-04 07:21:01: 
2026-08-04 07:21:01: > ares@0.1.0 start
2026-08-04 07:21:01: > next start
2026-08-04 07:21:01: 
2026-08-04 07:21:01: 
2026-08-04 07:21:01: > ares@0.1.0 start
2026-08-04 07:21:01: > next start
2026-08-04 07:21:01: 
2026-08-04 07:21:02: 
2026-08-04 07:21:02: > ares@0.1.0 start
2026-08-04 07:21:02: > next start
2026-08-04 07:21:02: 
2026-08-04 07:21:02: 
2026-08-04 07:21:02: > ares@0.1.0 start
2026-08-04 07:21:02: > next start
2026-08-04 07:21:02: 
2026-08-04 07:21:02: 
2026-08-04 07:21:02: > ares@0.1.0 start
2026-08-04 07:21:02: > next start
2026-08-04 07:21:02: 
2026-08-04 07:21:03: 
2026-08-04 07:21:03: > ares@0.1.0 start
2026-08-04 07:21:03: > next start
2026-08-04 07:21:03: 
2026-08-04 07:21:03: 
2026-08-04 07:21:03: > ares@0.1.0 start
2026-08-04 07:21:03: > next start
2026-08-04 07:21:03: 
2026-08-04 07:21:03: 
2026-08-04 07:21:03: > ares@0.1.0 start
2026-08-04 07:21:03: > next start
2026-08-04 07:21:03: 
2026-08-04 07:21:03: 
2026-08-04 07:21:03: > ares@0.1.0 start
2026-08-04 07:21:03: > next start
2026-08-04 07:21:03: 
2026-08-04 07:21:04: 
2026-08-04 07:21:04: > ares@0.1.0 start
2026-08-04 07:21:04: > next start
2026-08-04 07:21:04: 
2026-08-04 07:21:04: 
2026-08-04 07:21:04: > ares@0.1.0 start
2026-08-04 07:21:04: > next start
2026-08-04 07:21:04: 
2026-08-04 07:21:05: 
2026-08-04 07:21:05: > ares@0.1.0 start
2026-08-04 07:21:05: > next start
2026-08-04 07:21:05: 
2026-08-04 07:21:05: 
2026-08-04 07:21:05: > ares@0.1.0 start
2026-08-04 07:21:05: > next start
2026-08-04 07:21:05: 
2026-08-04 07:21:05: 
2026-08-04 07:21:05: > ares@0.1.0 start
2026-08-04 07:21:05: > next start
2026-08-04 07:21:05: 
2026-08-04 07:21:06: 
2026-08-04 07:21:06: > ares@0.1.0 start
2026-08-04 07:21:06: > next start
2026-08-04 07:21:06: 
2026-08-04 07:21:06: 
2026-08-04 07:21:06: > ares@0.1.0 start
2026-08-04 07:21:06: > next start
2026-08-04 07:21:06: 
2026-08-04 07:21:06: 
2026-08-04 07:21:06: > ares@0.1.0 start
2026-08-04 07:21:06: > next start
2026-08-04 07:21:06: 
2026-08-04 07:21:07: 
2026-08-04 07:21:07: > ares@0.1.0 start
2026-08-04 07:21:07: > next start
2026-08-04 07:21:07: 
2026-08-04 07:21:07: 
2026-08-04 07:21:07: > ares@0.1.0 start
2026-08-04 07:21:07: > next start
2026-08-04 07:21:07: 
2026-08-04 07:21:08: 
2026-08-04 07:21:08: > ares@0.1.0 start
2026-08-04 07:21:08: > next start
2026-08-04 07:21:08: 
2026-08-04 07:21:09: 
2026-08-04 07:21:09: > ares@0.1.0 start
2026-08-04 07:21:09: > next start
2026-08-04 07:21:09: 
2026-08-04 07:21:09: 
2026-08-04 07:21:09: > ares@0.1.0 start
2026-08-04 07:21:09: > next start
2026-08-04 07:21:09: 
2026-08-04 07:21:09: 
2026-08-04 07:21:09: > ares@0.1.0 start
2026-08-04 07:21:09: > next start
2026-08-04 07:21:09: 
2026-08-04 07:21:10: 
2026-08-04 07:21:10: > ares@0.1.0 start
2026-08-04 07:21:10: > next start
2026-08-04 07:21:10: 
2026-08-04 07:21:10: 
2026-08-04 07:21:10: > ares@0.1.0 start
2026-08-04 07:21:10: > next start
2026-08-04 07:21:10: 
2026-08-04 07:21:11: 
2026-08-04 07:21:11: > ares@0.1.0 start
2026-08-04 07:21:11: > next start
2026-08-04 07:21:11: 
2026-08-04 07:21:11: 
2026-08-04 07:21:11: > ares@0.1.0 start
2026-08-04 07:21:11: > next start
2026-08-04 07:21:11: 
2026-08-04 07:21:12: 
2026-08-04 07:21:12: > ares@0.1.0 start
2026-08-04 07:21:12: > next start
2026-08-04 07:21:12: 
2026-08-04 07:21:12: 
2026-08-04 07:21:12: > ares@0.1.0 start
2026-08-04 07:21:12: > next start
2026-08-04 07:21:12: 
2026-08-04 07:21:12: 
2026-08-04 07:21:12: > ares@0.1.0 start
2026-08-04 07:21:12: > next start
2026-08-04 07:21:12: 
2026-08-04 07:21:13: 
2026-08-04 07:21:13: > ares@0.1.0 start
2026-08-04 07:21:13: > next start
2026-08-04 07:21:13: 
2026-08-04 07:21:13: 
2026-08-04 07:21:13: > ares@0.1.0 start
2026-08-04 07:21:13: > next start
2026-08-04 07:21:13: 
2026-08-04 07:21:14: 
2026-08-04 07:21:14: > ares@0.1.0 start
2026-08-04 07:21:14: > next start
2026-08-04 07:21:14: 
2026-08-04 07:21:15: 
2026-08-04 07:21:15: > ares@0.1.0 start
2026-08-04 07:21:15: > next start
2026-08-04 07:21:15: 
2026-08-04 07:21:15: 
2026-08-04 07:21:15: > ares@0.1.0 start
2026-08-04 07:21:15: > next start
2026-08-04 07:21:15: 
2026-08-04 07:21:15: 
2026-08-04 07:21:15: > ares@0.1.0 start
2026-08-04 07:21:15: > next start
2026-08-04 07:21:15: 
2026-08-04 07:21:16: 
2026-08-04 07:21:16: > ares@0.1.0 start
2026-08-04 07:21:16: > next start
2026-08-04 07:21:16: 
2026-08-04 07:21:16: 
2026-08-04 07:21:16: > ares@0.1.0 start
2026-08-04 07:21:16: > next start
2026-08-04 07:21:16: 
2026-08-04 07:21:16: 
2026-08-04 07:21:16: > ares@0.1.0 start
2026-08-04 07:21:16: > next start
2026-08-04 07:21:16: 
2026-08-04 07:21:17: 
2026-08-04 07:21:17: > ares@0.1.0 start
2026-08-04 07:21:17: > next start
2026-08-04 07:21:17: 
2026-08-04 07:21:17: 
2026-08-04 07:21:17: > ares@0.1.0 start
2026-08-04 07:21:17: > next start
2026-08-04 07:21:17: 
2026-08-04 07:21:17: 
2026-08-04 07:21:17: > ares@0.1.0 start
2026-08-04 07:21:17: > next start
2026-08-04 07:21:17: 
2026-08-04 07:21:18: 
2026-08-04 07:21:18: > ares@0.1.0 start
2026-08-04 07:21:18: > next start
2026-08-04 07:21:18: 
2026-08-04 07:21:18: 
2026-08-04 07:21:18: > ares@0.1.0 start
2026-08-04 07:21:18: > next start
2026-08-04 07:21:18: 
2026-08-04 07:21:18: 
2026-08-04 07:21:18: > ares@0.1.0 start
2026-08-04 07:21:18: > next start
2026-08-04 07:21:18: 
2026-08-04 07:21:19: 
2026-08-04 07:21:19: > ares@0.1.0 start
2026-08-04 07:21:19: > next start
2026-08-04 07:21:19: 
2026-08-04 07:21:19: 
2026-08-04 07:21:19: > ares@0.1.0 start
2026-08-04 07:21:19: > next start
2026-08-04 07:21:19: 
2026-08-04 07:21:19: 
2026-08-04 07:21:19: > ares@0.1.0 start
2026-08-04 07:21:19: > next start
2026-08-04 07:21:19: 
2026-08-04 07:21:20: 
2026-08-04 07:21:20: > ares@0.1.0 start
2026-08-04 07:21:20: > next start
2026-08-04 07:21:20: 
2026-08-04 07:21:20: 
2026-08-04 07:21:20: > ares@0.1.0 start
2026-08-04 07:21:20: > next start
2026-08-04 07:21:20: 
2026-08-04 07:21:20: 
2026-08-04 07:21:20: > ares@0.1.0 start
2026-08-04 07:21:20: > next start
2026-08-04 07:21:20: 
2026-08-04 07:21:21: 
2026-08-04 07:21:21: > ares@0.1.0 start
2026-08-04 07:21:21: > next start
2026-08-04 07:21:21: 
2026-08-04 07:21:21: 
2026-08-04 07:21:21: > ares@0.1.0 start
2026-08-04 07:21:21: > next start
2026-08-04 07:21:21: 
2026-08-04 07:21:21: 
2026-08-04 07:21:21: > ares@0.1.0 start
2026-08-04 07:21:21: > next start
2026-08-04 07:21:21: 
2026-08-04 07:21:22: 
2026-08-04 07:21:22: > ares@0.1.0 start
2026-08-04 07:21:22: > next start
2026-08-04 07:21:22: 
2026-08-04 07:21:22: 
2026-08-04 07:21:22: > ares@0.1.0 start
2026-08-04 07:21:22: > next start
2026-08-04 07:21:22: 
2026-08-04 07:21:22: 
2026-08-04 07:21:22: > ares@0.1.0 start
2026-08-04 07:21:22: > next start
2026-08-04 07:21:22: 
2026-08-04 07:21:23: 
2026-08-04 07:21:23: > ares@0.1.0 start
2026-08-04 07:21:23: > next start
2026-08-04 07:21:23: 
2026-08-04 07:21:23: 
2026-08-04 07:21:23: > ares@0.1.0 start
2026-08-04 07:21:23: > next start
2026-08-04 07:21:23: 
2026-08-04 07:21:23: 
2026-08-04 07:21:23: > ares@0.1.0 start
2026-08-04 07:21:23: > next start
2026-08-04 07:21:23: 
2026-08-04 07:21:24: ▲ Next.js 16.2.10
2026-08-04 07:21:24: - Local:         http://localhost:3000
2026-08-04 07:21:24: - Network:       http://10.255.255.25:3000
2026-08-04 07:21:24: ✓ Ready in 121ms
2026-08-04 07:23:49: 
2026-08-04 07:23:49: > ares@0.1.0 start
2026-08-04 07:23:49: > next start
2026-08-04 07:23:49: 
2026-08-04 07:23:49: ▲ Next.js 16.2.10
2026-08-04 07:23:49: - Local:         http://localhost:3000
2026-08-04 07:23:49: - Network:       http://10.255.255.25:3000
2026-08-04 07:23:49: ✓ Ready in 109ms
2026-08-06 06:09:12: DEBUG user: {
2026-08-06 06:09:12:   id: '612f72f4-a443-4dc3-b2c7-68fe5637dff3',
2026-08-06 06:09:12:   role: 'WAKASEK',
2026-08-06 06:09:12:   categoryIds: [
2026-08-06 06:09:12:     'c2b37865-30bb-499d-964e-745be10ba4fb',
2026-08-06 06:09:12:     '30a6c794-5a4f-4685-ae9c-60b6f951966f',
2026-08-06 06:09:12:     'afff1cf1-0883-471a-9a2c-c71962fbbab6'
2026-08-06 06:09:12:   ]
2026-08-06 06:09:12: }
2026-08-06 06:09:12: DEBUG accessibleIds: [
2026-08-06 06:09:12:   'c2b37865-30bb-499d-964e-745be10ba4fb',
2026-08-06 06:09:12:   '30a6c794-5a4f-4685-ae9c-60b6f951966f',
2026-08-06 06:09:12:   'afff1cf1-0883-471a-9a2c-c71962fbbab6'
2026-08-06 06:09:12: ]
2026-08-06 06:09:12: DEBUG categoriesWithAccess: [
2026-08-06 06:09:12:   {
2026-08-06 06:09:12:     code: 'FIN',
2026-08-06 06:09:12:     id: 'c447f450-1b76-499e-aca4-68e1d08a9d91',
2026-08-06 06:09:12:     isLocked: true
2026-08-06 06:09:12:   },
2026-08-06 06:09:12:   {
2026-08-06 06:09:12:     code: 'OPS',
2026-08-06 06:09:12:     id: '6f771a98-b18f-4f36-a0da-24f36f79fa1d',
2026-08-06 06:09:12:     isLocked: true
2026-08-06 06:09:12:   },
2026-08-06 06:09:12:   {
2026-08-06 06:09:12:     code: 'BRD',
2026-08-06 06:09:12:     id: '30a6c794-5a4f-4685-ae9c-60b6f951966f',
2026-08-06 06:09:12:     isLocked: false
2026-08-06 06:09:12:   },
2026-08-06 06:09:12:   {
2026-08-06 06:09:12:     code: 'COM',
2026-08-06 06:09:12:     id: 'afb9cc15-0ec3-4829-ab79-5c73e208caea',
2026-08-06 06:09:12:     isLocked: true
2026-08-06 06:09:12:   },
2026-08-06 06:09:12:   {
2026-08-06 06:09:12:     code: 'HRD',
2026-08-06 06:09:12:     id: 'bb8e0b21-435b-4ee1-ab90-ff099ef71280',
2026-08-06 06:09:12:     isLocked: true
2026-08-06 06:09:12:   },
2026-08-06 06:09:12:   {
2026-08-06 06:09:12:     code: 'CUR',
2026-08-06 06:09:12:     id: 'afff1cf1-0883-471a-9a2c-c71962fbbab6',
2026-08-06 06:09:12:     isLocked: false
2026-08-06 06:09:12:   },
2026-08-06 06:09:12:   {
2026-08-06 06:09:12:     code: 'STU',
2026-08-06 06:09:12:     id: 'c2b37865-30bb-499d-964e-745be10ba4fb',
2026-08-06 06:09:12:     isLocked: false
2026-08-06 06:09:12:   },
2026-08-06 06:09:12:   {
2026-08-06 06:09:12:     code: 'QMS',
2026-08-06 06:09:12:     id: 'c0cefc58-3836-48ee-bbb3-d608ac7ed197',
2026-08-06 06:09:12:     isLocked: true
2026-08-06 06:09:12:   },
2026-08-06 06:09:12:   {
2026-08-06 06:09:12:     code: 'IT',
2026-08-06 06:09:12:     id: 'a3d5ca17-aeec-4a44-a001-cc056ef980b9',
2026-08-06 06:09:12:     isLocked: true
2026-08-06 06:09:12:   },
2026-08-06 06:09:12:   {
2026-08-06 06:09:12:     code: 'GOV',
2026-08-06 06:09:12:     id: 'dd1ce983-752b-41c5-a9cf-587e142d17f4',
2026-08-06 06:09:12:     isLocked: true
2026-08-06 06:09:12:   }
2026-08-06 06:09:12: ]
2026-08-06 06:09:20: DEBUG user: {
2026-08-06 06:09:20:   id: '612f72f4-a443-4dc3-b2c7-68fe5637dff3',
2026-08-06 06:09:20:   role: 'WAKASEK',
2026-08-06 06:09:20:   categoryIds: [
2026-08-06 06:09:20:     'c2b37865-30bb-499d-964e-745be10ba4fb',
2026-08-06 06:09:20:     '30a6c794-5a4f-4685-ae9c-60b6f951966f',
2026-08-06 06:09:20:     'afff1cf1-0883-471a-9a2c-c71962fbbab6'
2026-08-06 06:09:20:   ]
2026-08-06 06:09:20: }
2026-08-06 06:09:20: DEBUG accessibleIds: [
2026-08-06 06:09:20:   'c2b37865-30bb-499d-964e-745be10ba4fb',
2026-08-06 06:09:20:   '30a6c794-5a4f-4685-ae9c-60b6f951966f',
2026-08-06 06:09:20:   'afff1cf1-0883-471a-9a2c-c71962fbbab6'
2026-08-06 06:09:20: ]
2026-08-06 06:09:20: DEBUG categoriesWithAccess: [
2026-08-06 06:09:20:   {
2026-08-06 06:09:20:     code: 'FIN',
2026-08-06 06:09:20:     id: 'c447f450-1b76-499e-aca4-68e1d08a9d91',
2026-08-06 06:09:20:     isLocked: true
2026-08-06 06:09:20:   },
2026-08-06 06:09:20:   {
2026-08-06 06:09:20:     code: 'OPS',
2026-08-06 06:09:20:     id: '6f771a98-b18f-4f36-a0da-24f36f79fa1d',
2026-08-06 06:09:20:     isLocked: true
2026-08-06 06:09:20:   },
2026-08-06 06:09:20:   {
2026-08-06 06:09:20:     code: 'BRD',
2026-08-06 06:09:20:     id: '30a6c794-5a4f-4685-ae9c-60b6f951966f',
2026-08-06 06:09:20:     isLocked: false
2026-08-06 06:09:20:   },
2026-08-06 06:09:20:   {
2026-08-06 06:09:20:     code: 'COM',
2026-08-06 06:09:20:     id: 'afb9cc15-0ec3-4829-ab79-5c73e208caea',
2026-08-06 06:09:20:     isLocked: true
2026-08-06 06:09:20:   },
2026-08-06 06:09:20:   {
2026-08-06 06:09:20:     code: 'HRD',
2026-08-06 06:09:20:     id: 'bb8e0b21-435b-4ee1-ab90-ff099ef71280',
2026-08-06 06:09:20:     isLocked: true
2026-08-06 06:09:20:   },
2026-08-06 06:09:20:   {
2026-08-06 06:09:20:     code: 'CUR',
2026-08-06 06:09:20:     id: 'afff1cf1-0883-471a-9a2c-c71962fbbab6',
2026-08-06 06:09:20:     isLocked: false
2026-08-06 06:09:20:   },
2026-08-06 06:09:20:   {
2026-08-06 06:09:20:     code: 'STU',
2026-08-06 06:09:20:     id: 'c2b37865-30bb-499d-964e-745be10ba4fb',
2026-08-06 06:09:20:     isLocked: false
2026-08-06 06:09:20:   },
2026-08-06 06:09:20:   {
2026-08-06 06:09:20:     code: 'QMS',
2026-08-06 06:09:20:     id: 'c0cefc58-3836-48ee-bbb3-d608ac7ed197',
2026-08-06 06:09:20:     isLocked: true
2026-08-06 06:09:20:   },
2026-08-06 06:09:20:   {
2026-08-06 06:09:20:     code: 'IT',
2026-08-06 06:09:20:     id: 'a3d5ca17-aeec-4a44-a001-cc056ef980b9',
2026-08-06 06:09:20:     isLocked: true
2026-08-06 06:09:20:   },
2026-08-06 06:09:20:   {
2026-08-06 06:09:20:     code: 'GOV',
2026-08-06 06:09:20:     id: 'dd1ce983-752b-41c5-a9cf-587e142d17f4',
2026-08-06 06:09:20:     isLocked: true
2026-08-06 06:09:20:   }
2026-08-06 06:09:20: ]
2026-08-06 06:09:29: DEBUG user: {
2026-08-06 06:09:29:   id: '612f72f4-a443-4dc3-b2c7-68fe5637dff3',
2026-08-06 06:09:29:   role: 'WAKASEK',
2026-08-06 06:09:29:   categoryIds: [
2026-08-06 06:09:29:     'c2b37865-30bb-499d-964e-745be10ba4fb',
2026-08-06 06:09:29:     '30a6c794-5a4f-4685-ae9c-60b6f951966f',
2026-08-06 06:09:29:     'afff1cf1-0883-471a-9a2c-c71962fbbab6'
2026-08-06 06:09:29:   ]
2026-08-06 06:09:29: }
2026-08-06 06:09:29: DEBUG accessibleIds: [
2026-08-06 06:09:29:   'c2b37865-30bb-499d-964e-745be10ba4fb',
2026-08-06 06:09:29:   '30a6c794-5a4f-4685-ae9c-60b6f951966f',
2026-08-06 06:09:29:   'afff1cf1-0883-471a-9a2c-c71962fbbab6'
2026-08-06 06:09:29: ]
2026-08-06 06:09:29: DEBUG categoriesWithAccess: [
2026-08-06 06:09:29:   {
2026-08-06 06:09:29:     code: 'FIN',
2026-08-06 06:09:29:     id: 'c447f450-1b76-499e-aca4-68e1d08a9d91',
2026-08-06 06:09:29:     isLocked: true
2026-08-06 06:09:29:   },
2026-08-06 06:09:29:   {
2026-08-06 06:09:29:     code: 'OPS',
2026-08-06 06:09:29:     id: '6f771a98-b18f-4f36-a0da-24f36f79fa1d',
2026-08-06 06:09:29:     isLocked: true
2026-08-06 06:09:29:   },
2026-08-06 06:09:29:   {
2026-08-06 06:09:29:     code: 'BRD',
2026-08-06 06:09:29:     id: '30a6c794-5a4f-4685-ae9c-60b6f951966f',
2026-08-06 06:09:29:     isLocked: false
2026-08-06 06:09:29:   },
2026-08-06 06:09:29:   {
2026-08-06 06:09:29:     code: 'COM',
2026-08-06 06:09:29:     id: 'afb9cc15-0ec3-4829-ab79-5c73e208caea',
2026-08-06 06:09:29:     isLocked: true
2026-08-06 06:09:29:   },
2026-08-06 06:09:29:   {
2026-08-06 06:09:29:     code: 'HRD',
2026-08-06 06:09:29:     id: 'bb8e0b21-435b-4ee1-ab90-ff099ef71280',
2026-08-06 06:09:29:     isLocked: true
2026-08-06 06:09:29:   },
2026-08-06 06:09:29:   {
2026-08-06 06:09:29:     code: 'CUR',
2026-08-06 06:09:29:     id: 'afff1cf1-0883-471a-9a2c-c71962fbbab6',
2026-08-06 06:09:29:     isLocked: false
2026-08-06 06:09:29:   },
2026-08-06 06:09:29:   {
2026-08-06 06:09:29:     code: 'STU',
2026-08-06 06:09:29:     id: 'c2b37865-30bb-499d-964e-745be10ba4fb',
2026-08-06 06:09:29:     isLocked: false
2026-08-06 06:09:29:   },
2026-08-06 06:09:29:   {
2026-08-06 06:09:29:     code: 'QMS',
2026-08-06 06:09:29:     id: 'c0cefc58-3836-48ee-bbb3-d608ac7ed197',
2026-08-06 06:09:29:     isLocked: true
2026-08-06 06:09:29:   },
2026-08-06 06:09:29:   {
2026-08-06 06:09:29:     code: 'IT',
2026-08-06 06:09:29:     id: 'a3d5ca17-aeec-4a44-a001-cc056ef980b9',
2026-08-06 06:09:29:     isLocked: true
2026-08-06 06:09:29:   },
2026-08-06 06:09:29:   {
2026-08-06 06:09:29:     code: 'GOV',
2026-08-06 06:09:29:     id: 'dd1ce983-752b-41c5-a9cf-587e142d17f4',
2026-08-06 06:09:29:     isLocked: true
2026-08-06 06:09:29:   }
2026-08-06 06:09:29: ]
2026-08-06 06:09:44: DEBUG user: {
2026-08-06 06:09:44:   id: '612f72f4-a443-4dc3-b2c7-68fe5637dff3',
2026-08-06 06:09:44:   role: 'WAKASEK',
2026-08-06 06:09:44:   categoryIds: [
2026-08-06 06:09:44:     'c2b37865-30bb-499d-964e-745be10ba4fb',
2026-08-06 06:09:44:     '30a6c794-5a4f-4685-ae9c-60b6f951966f',
2026-08-06 06:09:44:     'afff1cf1-0883-471a-9a2c-c71962fbbab6'
2026-08-06 06:09:44:   ]
2026-08-06 06:09:44: }
2026-08-06 06:09:44: DEBUG accessibleIds: [
2026-08-06 06:09:44:   'c2b37865-30bb-499d-964e-745be10ba4fb',
2026-08-06 06:09:44:   '30a6c794-5a4f-4685-ae9c-60b6f951966f',
2026-08-06 06:09:44:   'afff1cf1-0883-471a-9a2c-c71962fbbab6'
2026-08-06 06:09:44: ]
2026-08-06 06:09:44: DEBUG categoriesWithAccess: [
2026-08-06 06:09:44:   {
2026-08-06 06:09:44:     code: 'FIN',
2026-08-06 06:09:44:     id: 'c447f450-1b76-499e-aca4-68e1d08a9d91',
2026-08-06 06:09:44:     isLocked: true
2026-08-06 06:09:44:   },
2026-08-06 06:09:44:   {
2026-08-06 06:09:44:     code: 'OPS',
2026-08-06 06:09:44:     id: '6f771a98-b18f-4f36-a0da-24f36f79fa1d',
2026-08-06 06:09:44:     isLocked: true
2026-08-06 06:09:44:   },
2026-08-06 06:09:44:   {
2026-08-06 06:09:44:     code: 'BRD',
2026-08-06 06:09:44:     id: '30a6c794-5a4f-4685-ae9c-60b6f951966f',
2026-08-06 06:09:44:     isLocked: false
2026-08-06 06:09:44:   },
2026-08-06 06:09:44:   {
2026-08-06 06:09:44:     code: 'COM',
2026-08-06 06:09:44:     id: 'afb9cc15-0ec3-4829-ab79-5c73e208caea',
2026-08-06 06:09:44:     isLocked: true
2026-08-06 06:09:44:   },
2026-08-06 06:09:44:   {
2026-08-06 06:09:44:     code: 'HRD',
2026-08-06 06:09:44:     id: 'bb8e0b21-435b-4ee1-ab90-ff099ef71280',
2026-08-06 06:09:44:     isLocked: true
2026-08-06 06:09:44:   },
2026-08-06 06:09:44:   {
2026-08-06 06:09:44:     code: 'CUR',
2026-08-06 06:09:44:     id: 'afff1cf1-0883-471a-9a2c-c71962fbbab6',
2026-08-06 06:09:44:     isLocked: false
2026-08-06 06:09:44:   },
2026-08-06 06:09:44:   {
2026-08-06 06:09:44:     code: 'STU',
2026-08-06 06:09:44:     id: 'c2b37865-30bb-499d-964e-745be10ba4fb',
2026-08-06 06:09:44:     isLocked: false
2026-08-06 06:09:44:   },
2026-08-06 06:09:44:   {
2026-08-06 06:09:44:     code: 'QMS',
2026-08-06 06:09:44:     id: 'c0cefc58-3836-48ee-bbb3-d608ac7ed197',
2026-08-06 06:09:44:     isLocked: true
2026-08-06 06:09:44:   },
2026-08-06 06:09:44:   {
2026-08-06 06:09:44:     code: 'IT',
2026-08-06 06:09:44:     id: 'a3d5ca17-aeec-4a44-a001-cc056ef980b9',
2026-08-06 06:09:44:     isLocked: true
2026-08-06 06:09:44:   },
2026-08-06 06:09:44:   {
2026-08-06 06:09:44:     code: 'GOV',
2026-08-06 06:09:44:     id: 'dd1ce983-752b-41c5-a9cf-587e142d17f4',
2026-08-06 06:09:44:     isLocked: true
2026-08-06 06:09:44:   }
2026-08-06 06:09:44: ]
2026-08-06 06:09:48: DEBUG user: {
2026-08-06 06:09:48:   id: '612f72f4-a443-4dc3-b2c7-68fe5637dff3',
2026-08-06 06:09:48:   role: 'WAKASEK',
2026-08-06 06:09:48:   categoryIds: [
2026-08-06 06:09:48:     'c2b37865-30bb-499d-964e-745be10ba4fb',
2026-08-06 06:09:48:     '30a6c794-5a4f-4685-ae9c-60b6f951966f',
2026-08-06 06:09:48:     'afff1cf1-0883-471a-9a2c-c71962fbbab6'
2026-08-06 06:09:48:   ]
2026-08-06 06:09:48: }
2026-08-06 06:09:48: DEBUG accessibleIds: [
2026-08-06 06:09:48:   'c2b37865-30bb-499d-964e-745be10ba4fb',
2026-08-06 06:09:48:   '30a6c794-5a4f-4685-ae9c-60b6f951966f',
2026-08-06 06:09:48:   'afff1cf1-0883-471a-9a2c-c71962fbbab6'
2026-08-06 06:09:48: ]
2026-08-06 06:09:48: DEBUG categoriesWithAccess: [
2026-08-06 06:09:48:   {
2026-08-06 06:09:48:     code: 'FIN',
2026-08-06 06:09:48:     id: 'c447f450-1b76-499e-aca4-68e1d08a9d91',
2026-08-06 06:09:48:     isLocked: true
2026-08-06 06:09:48:   },
2026-08-06 06:09:48:   {
2026-08-06 06:09:48:     code: 'OPS',
2026-08-06 06:09:48:     id: '6f771a98-b18f-4f36-a0da-24f36f79fa1d',
2026-08-06 06:09:48:     isLocked: true
2026-08-06 06:09:48:   },
2026-08-06 06:09:48:   {
2026-08-06 06:09:48:     code: 'BRD',
2026-08-06 06:09:48:     id: '30a6c794-5a4f-4685-ae9c-60b6f951966f',
2026-08-06 06:09:48:     isLocked: false
2026-08-06 06:09:48:   },
2026-08-06 06:09:48:   {
2026-08-06 06:09:48:     code: 'COM',
2026-08-06 06:09:48:     id: 'afb9cc15-0ec3-4829-ab79-5c73e208caea',
2026-08-06 06:09:48:     isLocked: true
2026-08-06 06:09:48:   },
2026-08-06 06:09:48:   {
2026-08-06 06:09:48:     code: 'HRD',
2026-08-06 06:09:48:     id: 'bb8e0b21-435b-4ee1-ab90-ff099ef71280',
2026-08-06 06:09:48:     isLocked: true
2026-08-06 06:09:48:   },
2026-08-06 06:09:48:   {
2026-08-06 06:09:48:     code: 'CUR',
2026-08-06 06:09:48:     id: 'afff1cf1-0883-471a-9a2c-c71962fbbab6',
2026-08-06 06:09:48:     isLocked: false
2026-08-06 06:09:48:   },
2026-08-06 06:09:48:   {
2026-08-06 06:09:48:     code: 'STU',
2026-08-06 06:09:48:     id: 'c2b37865-30bb-499d-964e-745be10ba4fb',
2026-08-06 06:09:48:     isLocked: false
2026-08-06 06:09:48:   },
2026-08-06 06:09:48:   {
2026-08-06 06:09:48:     code: 'QMS',
2026-08-06 06:09:48:     id: 'c0cefc58-3836-48ee-bbb3-d608ac7ed197',
2026-08-06 06:09:48:     isLocked: true
2026-08-06 06:09:48:   },
2026-08-06 06:09:48:   {
2026-08-06 06:09:48:     code: 'IT',
2026-08-06 06:09:48:     id: 'a3d5ca17-aeec-4a44-a001-cc056ef980b9',
2026-08-06 06:09:48:     isLocked: true
2026-08-06 06:09:48:   },
2026-08-06 06:09:48:   {
2026-08-06 06:09:48:     code: 'GOV',
2026-08-06 06:09:48:     id: 'dd1ce983-752b-41c5-a9cf-587e142d17f4',
2026-08-06 06:09:48:     isLocked: true
2026-08-06 06:09:48:   }
2026-08-06 06:09:48: ]
2026-08-06 06:13:00: DEBUG user: {
2026-08-06 06:13:00:   id: '612f72f4-a443-4dc3-b2c7-68fe5637dff3',
2026-08-06 06:13:00:   role: 'WAKASEK',
2026-08-06 06:13:00:   categoryIds: [
2026-08-06 06:13:00:     'c2b37865-30bb-499d-964e-745be10ba4fb',
2026-08-06 06:13:00:     '30a6c794-5a4f-4685-ae9c-60b6f951966f',
2026-08-06 06:13:00:     'afff1cf1-0883-471a-9a2c-c71962fbbab6'
2026-08-06 06:13:00:   ]
2026-08-06 06:13:00: }
2026-08-06 06:13:00: DEBUG accessibleIds: [
2026-08-06 06:13:00:   'c2b37865-30bb-499d-964e-745be10ba4fb',
2026-08-06 06:13:00:   '30a6c794-5a4f-4685-ae9c-60b6f951966f',
2026-08-06 06:13:00:   'afff1cf1-0883-471a-9a2c-c71962fbbab6'
2026-08-06 06:13:00: ]
2026-08-06 06:13:00: DEBUG categoriesWithAccess: [
2026-08-06 06:13:00:   {
2026-08-06 06:13:00:     code: 'FIN',
2026-08-06 06:13:00:     id: 'c447f450-1b76-499e-aca4-68e1d08a9d91',
2026-08-06 06:13:00:     isLocked: true
2026-08-06 06:13:00:   },
2026-08-06 06:13:00:   {
2026-08-06 06:13:00:     code: 'OPS',
2026-08-06 06:13:00:     id: '6f771a98-b18f-4f36-a0da-24f36f79fa1d',
2026-08-06 06:13:00:     isLocked: true
2026-08-06 06:13:00:   },
2026-08-06 06:13:00:   {
2026-08-06 06:13:00:     code: 'BRD',
2026-08-06 06:13:00:     id: '30a6c794-5a4f-4685-ae9c-60b6f951966f',
2026-08-06 06:13:00:     isLocked: false
2026-08-06 06:13:00:   },
2026-08-06 06:13:00:   {
2026-08-06 06:13:00:     code: 'COM',
2026-08-06 06:13:00:     id: 'afb9cc15-0ec3-4829-ab79-5c73e208caea',
2026-08-06 06:13:00:     isLocked: true
2026-08-06 06:13:00:   },
2026-08-06 06:13:00:   {
2026-08-06 06:13:00:     code: 'HRD',
2026-08-06 06:13:00:     id: 'bb8e0b21-435b-4ee1-ab90-ff099ef71280',
2026-08-06 06:13:00:     isLocked: true
2026-08-06 06:13:00:   },
2026-08-06 06:13:00:   {
2026-08-06 06:13:00:     code: 'CUR',
2026-08-06 06:13:00:     id: 'afff1cf1-0883-471a-9a2c-c71962fbbab6',
2026-08-06 06:13:00:     isLocked: false
2026-08-06 06:13:00:   },
2026-08-06 06:13:00:   {
2026-08-06 06:13:00:     code: 'STU',
2026-08-06 06:13:00:     id: 'c2b37865-30bb-499d-964e-745be10ba4fb',
2026-08-06 06:13:00:     isLocked: false
2026-08-06 06:13:00:   },
2026-08-06 06:13:00:   {
2026-08-06 06:13:00:     code: 'QMS',
2026-08-06 06:13:00:     id: 'c0cefc58-3836-48ee-bbb3-d608ac7ed197',
2026-08-06 06:13:00:     isLocked: true
2026-08-06 06:13:00:   },
2026-08-06 06:13:00:   {
2026-08-06 06:13:00:     code: 'IT',
2026-08-06 06:13:00:     id: 'a3d5ca17-aeec-4a44-a001-cc056ef980b9',
2026-08-06 06:13:00:     isLocked: true
2026-08-06 06:13:00:   },
2026-08-06 06:13:00:   {
2026-08-06 06:13:00:     code: 'GOV',
2026-08-06 06:13:00:     id: 'dd1ce983-752b-41c5-a9cf-587e142d17f4',
2026-08-06 06:13:00:     isLocked: true
2026-08-06 06:13:00:   }
2026-08-06 06:13:00: ]
2026-08-06 06:33:03: DEBUG user: {
2026-08-06 06:33:03:   id: '612f72f4-a443-4dc3-b2c7-68fe5637dff3',
2026-08-06 06:33:03:   role: 'WAKASEK',
2026-08-06 06:33:03:   categoryIds: [
2026-08-06 06:33:03:     'c2b37865-30bb-499d-964e-745be10ba4fb',
2026-08-06 06:33:03:     '30a6c794-5a4f-4685-ae9c-60b6f951966f',
2026-08-06 06:33:03:     'afff1cf1-0883-471a-9a2c-c71962fbbab6'
2026-08-06 06:33:03:   ]
2026-08-06 06:33:03: }
2026-08-06 06:33:03: DEBUG accessibleIds: [
2026-08-06 06:33:03:   'c2b37865-30bb-499d-964e-745be10ba4fb',
2026-08-06 06:33:03:   '30a6c794-5a4f-4685-ae9c-60b6f951966f',
2026-08-06 06:33:03:   'afff1cf1-0883-471a-9a2c-c71962fbbab6'
2026-08-06 06:33:03: ]
2026-08-06 06:33:03: DEBUG categoriesWithAccess: [
2026-08-06 06:33:03:   {
2026-08-06 06:33:03:     code: 'FIN',
2026-08-06 06:33:03:     id: 'c447f450-1b76-499e-aca4-68e1d08a9d91',
2026-08-06 06:33:03:     isLocked: true
2026-08-06 06:33:03:   },
2026-08-06 06:33:03:   {
2026-08-06 06:33:03:     code: 'OPS',
2026-08-06 06:33:03:     id: '6f771a98-b18f-4f36-a0da-24f36f79fa1d',
2026-08-06 06:33:03:     isLocked: true
2026-08-06 06:33:03:   },
2026-08-06 06:33:03:   {
2026-08-06 06:33:03:     code: 'BRD',
2026-08-06 06:33:03:     id: '30a6c794-5a4f-4685-ae9c-60b6f951966f',
2026-08-06 06:33:03:     isLocked: false
2026-08-06 06:33:03:   },
2026-08-06 06:33:03:   {
2026-08-06 06:33:03:     code: 'COM',
2026-08-06 06:33:03:     id: 'afb9cc15-0ec3-4829-ab79-5c73e208caea',
2026-08-06 06:33:03:     isLocked: true
2026-08-06 06:33:03:   },
2026-08-06 06:33:03:   {
2026-08-06 06:33:03:     code: 'HRD',
2026-08-06 06:33:03:     id: 'bb8e0b21-435b-4ee1-ab90-ff099ef71280',
2026-08-06 06:33:03:     isLocked: true
2026-08-06 06:33:03:   },
2026-08-06 06:33:03:   {
2026-08-06 06:33:03:     code: 'CUR',
2026-08-06 06:33:03:     id: 'afff1cf1-0883-471a-9a2c-c71962fbbab6',
2026-08-06 06:33:03:     isLocked: false
2026-08-06 06:33:03:   },
2026-08-06 06:33:03:   {
2026-08-06 06:33:03:     code: 'STU',
2026-08-06 06:33:03:     id: 'c2b37865-30bb-499d-964e-745be10ba4fb',
2026-08-06 06:33:03:     isLocked: false
2026-08-06 06:33:03:   },
2026-08-06 06:33:03:   {
2026-08-06 06:33:03:     code: 'QMS',
2026-08-06 06:33:03:     id: 'c0cefc58-3836-48ee-bbb3-d608ac7ed197',
2026-08-06 06:33:03:     isLocked: true
2026-08-06 06:33:03:   },
2026-08-06 06:33:03:   {
2026-08-06 06:33:03:     code: 'IT',
2026-08-06 06:33:03:     id: 'a3d5ca17-aeec-4a44-a001-cc056ef980b9',
2026-08-06 06:33:03:     isLocked: true
2026-08-06 06:33:03:   },
2026-08-06 06:33:03:   {
2026-08-06 06:33:03:     code: 'GOV',
2026-08-06 06:33:03:     id: 'dd1ce983-752b-41c5-a9cf-587e142d17f4',
2026-08-06 06:33:03:     isLocked: true
2026-08-06 06:33:03:   }
2026-08-06 06:33:03: ]
2026-08-06 06:34:08: DEBUG user: {
2026-08-06 06:34:08:   id: '612f72f4-a443-4dc3-b2c7-68fe5637dff3',
2026-08-06 06:34:08:   role: 'WAKASEK',
2026-08-06 06:34:08:   categoryIds: [
2026-08-06 06:34:08:     'c2b37865-30bb-499d-964e-745be10ba4fb',
2026-08-06 06:34:08:     '30a6c794-5a4f-4685-ae9c-60b6f951966f',
2026-08-06 06:34:08:     'afff1cf1-0883-471a-9a2c-c71962fbbab6'
2026-08-06 06:34:08:   ]
2026-08-06 06:34:08: }
2026-08-06 06:34:08: DEBUG accessibleIds: [
2026-08-06 06:34:08:   'c2b37865-30bb-499d-964e-745be10ba4fb',
2026-08-06 06:34:08:   '30a6c794-5a4f-4685-ae9c-60b6f951966f',
2026-08-06 06:34:08:   'afff1cf1-0883-471a-9a2c-c71962fbbab6'
2026-08-06 06:34:08: ]
2026-08-06 06:34:08: DEBUG categoriesWithAccess: [
2026-08-06 06:34:08:   {
2026-08-06 06:34:08:     code: 'FIN',
2026-08-06 06:34:08:     id: 'c447f450-1b76-499e-aca4-68e1d08a9d91',
2026-08-06 06:34:08:     isLocked: true
2026-08-06 06:34:08:   },
2026-08-06 06:34:08:   {
2026-08-06 06:34:08:     code: 'OPS',
2026-08-06 06:34:08:     id: '6f771a98-b18f-4f36-a0da-24f36f79fa1d',
2026-08-06 06:34:08:     isLocked: true
2026-08-06 06:34:08:   },
2026-08-06 06:34:08:   {
2026-08-06 06:34:08:     code: 'BRD',
2026-08-06 06:34:08:     id: '30a6c794-5a4f-4685-ae9c-60b6f951966f',
2026-08-06 06:34:08:     isLocked: false
2026-08-06 06:34:08:   },
2026-08-06 06:34:08:   {
2026-08-06 06:34:08:     code: 'COM',
2026-08-06 06:34:08:     id: 'afb9cc15-0ec3-4829-ab79-5c73e208caea',
2026-08-06 06:34:08:     isLocked: true
2026-08-06 06:34:08:   },
2026-08-06 06:34:08:   {
2026-08-06 06:34:08:     code: 'HRD',
2026-08-06 06:34:08:     id: 'bb8e0b21-435b-4ee1-ab90-ff099ef71280',
2026-08-06 06:34:08:     isLocked: true
2026-08-06 06:34:08:   },
2026-08-06 06:34:08:   {
2026-08-06 06:34:08:     code: 'CUR',
2026-08-06 06:34:08:     id: 'afff1cf1-0883-471a-9a2c-c71962fbbab6',
2026-08-06 06:34:08:     isLocked: false
2026-08-06 06:34:08:   },
2026-08-06 06:34:08:   {
2026-08-06 06:34:08:     code: 'STU',
2026-08-06 06:34:08:     id: 'c2b37865-30bb-499d-964e-745be10ba4fb',
2026-08-06 06:34:08:     isLocked: false
2026-08-06 06:34:08:   },
2026-08-06 06:34:08:   {
2026-08-06 06:34:08:     code: 'QMS',
2026-08-06 06:34:08:     id: 'c0cefc58-3836-48ee-bbb3-d608ac7ed197',
2026-08-06 06:34:08:     isLocked: true
2026-08-06 06:34:08:   },
2026-08-06 06:34:08:   {
2026-08-06 06:34:08:     code: 'IT',
2026-08-06 06:34:08:     id: 'a3d5ca17-aeec-4a44-a001-cc056ef980b9',
2026-08-06 06:34:08:     isLocked: true
2026-08-06 06:34:08:   },
2026-08-06 06:34:08:   {
2026-08-06 06:34:08:     code: 'GOV',
2026-08-06 06:34:08:     id: 'dd1ce983-752b-41c5-a9cf-587e142d17f4',
2026-08-06 06:34:08:     isLocked: true
2026-08-06 06:34:08:   }
2026-08-06 06:34:08: ]
2026-08-10 02:08:16: 
2026-08-10 02:08:16: > ares@0.1.0 start
2026-08-10 02:08:16: > next start
2026-08-10 02:08:16: 
2026-08-10 02:08:17: ▲ Next.js 16.2.10
2026-08-10 02:08:17: - Local:         http://localhost:3000
2026-08-10 02:08:17: - Network:       http://10.255.255.25:3000
2026-08-10 02:08:17: ✓ Ready in 590ms
2026-08-10 02:09:28: 
2026-08-10 02:09:28: > ares@0.1.0 start
2026-08-10 02:09:28: > next start
2026-08-10 02:09:28: 
2026-08-10 02:09:29: ▲ Next.js 16.2.10
2026-08-10 02:09:29: - Local:         http://localhost:3000
2026-08-10 02:09:29: - Network:       http://10.255.255.25:3000
2026-08-10 02:09:29: ✓ Ready in 254ms
2026-08-10 02:15:17: DEBUG user: {
2026-08-10 02:15:17:   id: '612f72f4-a443-4dc3-b2c7-68fe5637dff3',
2026-08-10 02:15:17:   role: 'WAKASEK',
2026-08-10 02:15:17:   categoryIds: [
2026-08-10 02:15:17:     'c2b37865-30bb-499d-964e-745be10ba4fb',
2026-08-10 02:15:17:     '30a6c794-5a4f-4685-ae9c-60b6f951966f',
2026-08-10 02:15:17:     'afff1cf1-0883-471a-9a2c-c71962fbbab6'
2026-08-10 02:15:17:   ]
2026-08-10 02:15:17: }
2026-08-10 02:15:17: DEBUG accessibleIds: [
2026-08-10 02:15:17:   'c2b37865-30bb-499d-964e-745be10ba4fb',
2026-08-10 02:15:17:   '30a6c794-5a4f-4685-ae9c-60b6f951966f',
2026-08-10 02:15:17:   'afff1cf1-0883-471a-9a2c-c71962fbbab6'
2026-08-10 02:15:17: ]
2026-08-10 02:15:17: DEBUG categoriesWithAccess: [
2026-08-10 02:15:17:   {
2026-08-10 02:15:17:     code: 'FIN',
2026-08-10 02:15:17:     id: 'c447f450-1b76-499e-aca4-68e1d08a9d91',
2026-08-10 02:15:17:     isLocked: true
2026-08-10 02:15:17:   },
2026-08-10 02:15:17:   {
2026-08-10 02:15:17:     code: 'OPS',
2026-08-10 02:15:17:     id: '6f771a98-b18f-4f36-a0da-24f36f79fa1d',
2026-08-10 02:15:17:     isLocked: true
2026-08-10 02:15:17:   },
2026-08-10 02:15:17:   {
2026-08-10 02:15:17:     code: 'BRD',
2026-08-10 02:15:17:     id: '30a6c794-5a4f-4685-ae9c-60b6f951966f',
2026-08-10 02:15:17:     isLocked: false
2026-08-10 02:15:17:   },
2026-08-10 02:15:17:   {
2026-08-10 02:15:17:     code: 'COM',
2026-08-10 02:15:17:     id: 'afb9cc15-0ec3-4829-ab79-5c73e208caea',
2026-08-10 02:15:17:     isLocked: true
2026-08-10 02:15:17:   },
2026-08-10 02:15:17:   {
2026-08-10 02:15:17:     code: 'HRD',
2026-08-10 02:15:17:     id: 'bb8e0b21-435b-4ee1-ab90-ff099ef71280',
2026-08-10 02:15:17:     isLocked: true
2026-08-10 02:15:17:   },
2026-08-10 02:15:17:   {
2026-08-10 02:15:17:     code: 'CUR',
2026-08-10 02:15:17:     id: 'afff1cf1-0883-471a-9a2c-c71962fbbab6',
2026-08-10 02:15:17:     isLocked: false
2026-08-10 02:15:17:   },
2026-08-10 02:15:17:   {
2026-08-10 02:15:17:     code: 'STU',
2026-08-10 02:15:17:     id: 'c2b37865-30bb-499d-964e-745be10ba4fb',
2026-08-10 02:15:17:     isLocked: false
2026-08-10 02:15:17:   },
2026-08-10 02:15:17:   {
2026-08-10 02:15:17:     code: 'QMS',
2026-08-10 02:15:17:     id: 'c0cefc58-3836-48ee-bbb3-d608ac7ed197',
2026-08-10 02:15:17:     isLocked: true
2026-08-10 02:15:17:   },
2026-08-10 02:15:17:   {
2026-08-10 02:15:17:     code: 'IT',
2026-08-10 02:15:17:     id: 'a3d5ca17-aeec-4a44-a001-cc056ef980b9',
2026-08-10 02:15:17:     isLocked: true
2026-08-10 02:15:17:   },
2026-08-10 02:15:17:   {
2026-08-10 02:15:17:     code: 'GOV',
2026-08-10 02:15:17:     id: 'dd1ce983-752b-41c5-a9cf-587e142d17f4',
2026-08-10 02:15:17:     isLocked: true
2026-08-10 02:15:17:   }
2026-08-10 02:15:17: ]
2026-08-24 03:02:48: DEBUG user: {
2026-08-24 03:02:48:   id: 'ea7ff426-d5e0-4519-9124-087548298f88',
2026-08-24 03:02:48:   role: 'DIREKTUR',
2026-08-24 03:02:48:   categoryIds: []
2026-08-24 03:02:48: }
2026-08-24 03:02:48: DEBUG accessibleIds: undefined
2026-08-24 03:02:48: DEBUG categoriesWithAccess: [
2026-08-24 03:02:48:   {
2026-08-24 03:02:48:     code: 'FIN',
2026-08-24 03:02:48:     id: 'c447f450-1b76-499e-aca4-68e1d08a9d91',
2026-08-24 03:02:48:     isLocked: false
2026-08-24 03:02:48:   },
2026-08-24 03:02:48:   {
2026-08-24 03:02:48:     code: 'OPS',
2026-08-24 03:02:48:     id: '6f771a98-b18f-4f36-a0da-24f36f79fa1d',
2026-08-24 03:02:48:     isLocked: false
2026-08-24 03:02:48:   },
2026-08-24 03:02:48:   {
2026-08-24 03:02:48:     code: 'BRD',
2026-08-24 03:02:48:     id: '30a6c794-5a4f-4685-ae9c-60b6f951966f',
2026-08-24 03:02:48:     isLocked: false
2026-08-24 03:02:48:   },
2026-08-24 03:02:48:   {
2026-08-24 03:02:48:     code: 'COM',
2026-08-24 03:02:48:     id: 'afb9cc15-0ec3-4829-ab79-5c73e208caea',
2026-08-24 03:02:48:     isLocked: false
2026-08-24 03:02:48:   },
2026-08-24 03:02:48:   {
2026-08-24 03:02:48:     code: 'HRD',
2026-08-24 03:02:48:     id: 'bb8e0b21-435b-4ee1-ab90-ff099ef71280',
2026-08-24 03:02:48:     isLocked: false
2026-08-24 03:02:48:   },
2026-08-24 03:02:48:   {
2026-08-24 03:02:48:     code: 'CUR',
2026-08-24 03:02:48:     id: 'afff1cf1-0883-471a-9a2c-c71962fbbab6',
2026-08-24 03:02:48:     isLocked: false
2026-08-24 03:02:48:   },
2026-08-24 03:02:48:   {
2026-08-24 03:02:48:     code: 'STU',
2026-08-24 03:02:48:     id: 'c2b37865-30bb-499d-964e-745be10ba4fb',
2026-08-24 03:02:48:     isLocked: false
2026-08-24 03:02:48:   },
2026-08-24 03:02:48:   {
2026-08-24 03:02:48:     code: 'QMS',
2026-08-24 03:02:48:     id: 'c0cefc58-3836-48ee-bbb3-d608ac7ed197',
2026-08-24 03:02:48:     isLocked: false
2026-08-24 03:02:48:   },
2026-08-24 03:02:48:   {
2026-08-24 03:02:48:     code: 'IT',
2026-08-24 03:02:48:     id: 'a3d5ca17-aeec-4a44-a001-cc056ef980b9',
2026-08-24 03:02:48:     isLocked: false
2026-08-24 03:02:48:   },
2026-08-24 03:02:48:   {
2026-08-24 03:02:48:     code: 'GOV',
2026-08-24 03:02:48:     id: 'dd1ce983-752b-41c5-a9cf-587e142d17f4',
2026-08-24 03:02:48:     isLocked: false
2026-08-24 03:02:48:   }
2026-08-24 03:02:48: ]
2026-08-24 03:07:42: 
2026-08-24 03:07:42: > ares@0.1.0 start
2026-08-24 03:07:42: > next start
2026-08-24 03:07:42: 
2026-08-24 03:07:42: ▲ Next.js 16.2.10
2026-08-24 03:07:42: - Local:         http://localhost:3000
2026-08-24 03:07:42: - Network:       http://10.255.255.25:3000
2026-08-24 03:07:42: ✓ Ready in 226ms
2026-08-24 04:24:12: DEBUG user: {
2026-08-24 04:24:12:   id: 'ea7ff426-d5e0-4519-9124-087548298f88',
2026-08-24 04:24:12:   role: 'DIREKTUR',
2026-08-24 04:24:12:   categoryIds: []
2026-08-24 04:24:12: }
2026-08-24 04:24:12: DEBUG accessibleIds: undefined
2026-08-24 04:24:12: DEBUG categoriesWithAccess: [
2026-08-24 04:24:12:   {
2026-08-24 04:24:12:     code: 'FIN',
2026-08-24 04:24:12:     id: 'c447f450-1b76-499e-aca4-68e1d08a9d91',
2026-08-24 04:24:12:     isLocked: false
2026-08-24 04:24:12:   },
2026-08-24 04:24:12:   {
2026-08-24 04:24:12:     code: 'OPS',
2026-08-24 04:24:12:     id: '6f771a98-b18f-4f36-a0da-24f36f79fa1d',
2026-08-24 04:24:12:     isLocked: false
2026-08-24 04:24:12:   },
2026-08-24 04:24:12:   {
2026-08-24 04:24:12:     code: 'BRD',
2026-08-24 04:24:12:     id: '30a6c794-5a4f-4685-ae9c-60b6f951966f',
2026-08-24 04:24:12:     isLocked: false
2026-08-24 04:24:12:   },
2026-08-24 04:24:12:   {
2026-08-24 04:24:12:     code: 'COM',
2026-08-24 04:24:12:     id: 'afb9cc15-0ec3-4829-ab79-5c73e208caea',
2026-08-24 04:24:12:     isLocked: false
2026-08-24 04:24:12:   },
2026-08-24 04:24:12:   {
2026-08-24 04:24:12:     code: 'HRD',
2026-08-24 04:24:12:     id: 'bb8e0b21-435b-4ee1-ab90-ff099ef71280',
2026-08-24 04:24:12:     isLocked: false
2026-08-24 04:24:12:   },
2026-08-24 04:24:12:   {
2026-08-24 04:24:12:     code: 'CUR',
2026-08-24 04:24:12:     id: 'afff1cf1-0883-471a-9a2c-c71962fbbab6',
2026-08-24 04:24:12:     isLocked: false
2026-08-24 04:24:12:   },
2026-08-24 04:24:12:   {
2026-08-24 04:24:12:     code: 'STU',
2026-08-24 04:24:12:     id: 'c2b37865-30bb-499d-964e-745be10ba4fb',
2026-08-24 04:24:12:     isLocked: false
2026-08-24 04:24:12:   },
2026-08-24 04:24:12:   {
2026-08-24 04:24:12:     code: 'QMS',
2026-08-24 04:24:12:     id: 'c0cefc58-3836-48ee-bbb3-d608ac7ed197',
2026-08-24 04:24:12:     isLocked: false
2026-08-24 04:24:12:   },
2026-08-24 04:24:12:   {
2026-08-24 04:24:12:     code: 'IT',
2026-08-24 04:24:12:     id: 'a3d5ca17-aeec-4a44-a001-cc056ef980b9',
2026-08-24 04:24:12:     isLocked: false
2026-08-24 04:24:12:   },
2026-08-24 04:24:12:   {
2026-08-24 04:24:12:     code: 'GOV',
2026-08-24 04:24:12:     id: 'dd1ce983-752b-41c5-a9cf-587e142d17f4',
2026-08-24 04:24:12:     isLocked: false
2026-08-24 04:24:12:   }
2026-08-24 04:24:12: ]
2026-08-24 04:33:53: DEBUG user: {
2026-08-24 04:33:53:   id: 'ea7ff426-d5e0-4519-9124-087548298f88',
2026-08-24 04:33:53:   role: 'DIREKTUR',
2026-08-24 04:33:53:   categoryIds: []
2026-08-24 04:33:53: }
2026-08-24 04:33:53: DEBUG accessibleIds: undefined
2026-08-24 04:33:53: DEBUG categoriesWithAccess: [
2026-08-24 04:33:53:   {
2026-08-24 04:33:53:     code: 'FIN',
2026-08-24 04:33:53:     id: 'c447f450-1b76-499e-aca4-68e1d08a9d91',
2026-08-24 04:33:53:     isLocked: false
2026-08-24 04:33:53:   },
2026-08-24 04:33:53:   {
2026-08-24 04:33:53:     code: 'OPS',
2026-08-24 04:33:53:     id: '6f771a98-b18f-4f36-a0da-24f36f79fa1d',
2026-08-24 04:33:53:     isLocked: false
2026-08-24 04:33:53:   },
2026-08-24 04:33:53:   {
2026-08-24 04:33:53:     code: 'BRD',
2026-08-24 04:33:53:     id: '30a6c794-5a4f-4685-ae9c-60b6f951966f',
2026-08-24 04:33:53:     isLocked: false
2026-08-24 04:33:53:   },
2026-08-24 04:33:53:   {
2026-08-24 04:33:53:     code: 'COM',
2026-08-24 04:33:53:     id: 'afb9cc15-0ec3-4829-ab79-5c73e208caea',
2026-08-24 04:33:53:     isLocked: false
2026-08-24 04:33:53:   },
2026-08-24 04:33:53:   {
2026-08-24 04:33:53:     code: 'HRD',
2026-08-24 04:33:53:     id: 'bb8e0b21-435b-4ee1-ab90-ff099ef71280',
2026-08-24 04:33:53:     isLocked: false
2026-08-24 04:33:53:   },
2026-08-24 04:33:53:   {
2026-08-24 04:33:53:     code: 'CUR',
2026-08-24 04:33:53:     id: 'afff1cf1-0883-471a-9a2c-c71962fbbab6',
2026-08-24 04:33:53:     isLocked: false
2026-08-24 04:33:53:   },
2026-08-24 04:33:53:   {
2026-08-24 04:33:53:     code: 'STU',
2026-08-24 04:33:53:     id: 'c2b37865-30bb-499d-964e-745be10ba4fb',
2026-08-24 04:33:53:     isLocked: false
2026-08-24 04:33:53:   },
2026-08-24 04:33:53:   {
2026-08-24 04:33:53:     code: 'QMS',
2026-08-24 04:33:53:     id: 'c0cefc58-3836-48ee-bbb3-d608ac7ed197',
2026-08-24 04:33:53:     isLocked: false
2026-08-24 04:33:53:   },
2026-08-24 04:33:53:   {
2026-08-24 04:33:53:     code: 'IT',
2026-08-24 04:33:53:     id: 'a3d5ca17-aeec-4a44-a001-cc056ef980b9',
2026-08-24 04:33:53:     isLocked: false
2026-08-24 04:33:53:   },
2026-08-24 04:33:53:   {
2026-08-24 04:33:53:     code: 'GOV',
2026-08-24 04:33:53:     id: 'dd1ce983-752b-41c5-a9cf-587e142d17f4',
2026-08-24 04:33:53:     isLocked: false
2026-08-24 04:33:53:   }
2026-08-24 04:33:53: ]
2026-08-24 04:34:22: DEBUG user: {
2026-08-24 04:34:22:   id: 'ea7ff426-d5e0-4519-9124-087548298f88',
2026-08-24 04:34:22:   role: 'DIREKTUR',
2026-08-24 04:34:22:   categoryIds: []
2026-08-24 04:34:22: }
2026-08-24 04:34:22: DEBUG accessibleIds: undefined
2026-08-24 04:34:22: DEBUG categoriesWithAccess: [
2026-08-24 04:34:22:   {
2026-08-24 04:34:22:     code: 'FIN',
2026-08-24 04:34:22:     id: 'c447f450-1b76-499e-aca4-68e1d08a9d91',
2026-08-24 04:34:22:     isLocked: false
2026-08-24 04:34:22:   },
2026-08-24 04:34:22:   {
2026-08-24 04:34:22:     code: 'OPS',
2026-08-24 04:34:22:     id: '6f771a98-b18f-4f36-a0da-24f36f79fa1d',
2026-08-24 04:34:22:     isLocked: false
2026-08-24 04:34:22:   },
2026-08-24 04:34:22:   {
2026-08-24 04:34:22:     code: 'BRD',
2026-08-24 04:34:22:     id: '30a6c794-5a4f-4685-ae9c-60b6f951966f',
2026-08-24 04:34:22:     isLocked: false
2026-08-24 04:34:22:   },
2026-08-24 04:34:22:   {
2026-08-24 04:34:22:     code: 'COM',
2026-08-24 04:34:22:     id: 'afb9cc15-0ec3-4829-ab79-5c73e208caea',
2026-08-24 04:34:22:     isLocked: false
2026-08-24 04:34:22:   },
2026-08-24 04:34:22:   {
2026-08-24 04:34:22:     code: 'HRD',
2026-08-24 04:34:22:     id: 'bb8e0b21-435b-4ee1-ab90-ff099ef71280',
2026-08-24 04:34:22:     isLocked: false
2026-08-24 04:34:22:   },
2026-08-24 04:34:22:   {
2026-08-24 04:34:22:     code: 'CUR',
2026-08-24 04:34:22:     id: 'afff1cf1-0883-471a-9a2c-c71962fbbab6',
2026-08-24 04:34:22:     isLocked: false
2026-08-24 04:34:22:   },
2026-08-24 04:34:22:   {
2026-08-24 04:34:22:     code: 'STU',
2026-08-24 04:34:22:     id: 'c2b37865-30bb-499d-964e-745be10ba4fb',
2026-08-24 04:34:22:     isLocked: false
2026-08-24 04:34:22:   },
2026-08-24 04:34:22:   {
2026-08-24 04:34:22:     code: 'QMS',
2026-08-24 04:34:22:     id: 'c0cefc58-3836-48ee-bbb3-d608ac7ed197',
2026-08-24 04:34:22:     isLocked: false
2026-08-24 04:34:22:   },
2026-08-24 04:34:22:   {
2026-08-24 04:34:22:     code: 'IT',
2026-08-24 04:34:22:     id: 'a3d5ca17-aeec-4a44-a001-cc056ef980b9',
2026-08-24 04:34:22:     isLocked: false
2026-08-24 04:34:22:   },
2026-08-24 04:34:22:   {
2026-08-24 04:34:22:     code: 'GOV',
2026-08-24 04:34:22:     id: 'dd1ce983-752b-41c5-a9cf-587e142d17f4',
2026-08-24 04:34:22:     isLocked: false
2026-08-24 04:34:22:   }
2026-08-24 04:34:22: ]
2026-08-24 04:35:39: DEBUG user: {
2026-08-24 04:35:39:   id: 'ea7ff426-d5e0-4519-9124-087548298f88',
2026-08-24 04:35:39:   role: 'DIREKTUR',
2026-08-24 04:35:39:   categoryIds: []
2026-08-24 04:35:39: }
2026-08-24 04:35:39: DEBUG accessibleIds: undefined
2026-08-24 04:35:39: DEBUG categoriesWithAccess: [
2026-08-24 04:35:39:   {
2026-08-24 04:35:39:     code: 'FIN',
2026-08-24 04:35:39:     id: 'c447f450-1b76-499e-aca4-68e1d08a9d91',
2026-08-24 04:35:39:     isLocked: false
2026-08-24 04:35:39:   },
2026-08-24 04:35:39:   {
2026-08-24 04:35:39:     code: 'OPS',
2026-08-24 04:35:39:     id: '6f771a98-b18f-4f36-a0da-24f36f79fa1d',
2026-08-24 04:35:39:     isLocked: false
2026-08-24 04:35:39:   },
2026-08-24 04:35:39:   {
2026-08-24 04:35:39:     code: 'BRD',
2026-08-24 04:35:39:     id: '30a6c794-5a4f-4685-ae9c-60b6f951966f',
2026-08-24 04:35:39:     isLocked: false
2026-08-24 04:35:39:   },
2026-08-24 04:35:39:   {
2026-08-24 04:35:39:     code: 'COM',
2026-08-24 04:35:39:     id: 'afb9cc15-0ec3-4829-ab79-5c73e208caea',
2026-08-24 04:35:39:     isLocked: false
2026-08-24 04:35:39:   },
2026-08-24 04:35:39:   {
2026-08-24 04:35:39:     code: 'HRD',
2026-08-24 04:35:39:     id: 'bb8e0b21-435b-4ee1-ab90-ff099ef71280',
2026-08-24 04:35:39:     isLocked: false
2026-08-24 04:35:39:   },
2026-08-24 04:35:39:   {
2026-08-24 04:35:39:     code: 'CUR',
2026-08-24 04:35:39:     id: 'afff1cf1-0883-471a-9a2c-c71962fbbab6',
2026-08-24 04:35:39:     isLocked: false
2026-08-24 04:35:39:   },
2026-08-24 04:35:39:   {
2026-08-24 04:35:39:     code: 'STU',
2026-08-24 04:35:39:     id: 'c2b37865-30bb-499d-964e-745be10ba4fb',
2026-08-24 04:35:39:     isLocked: false
2026-08-24 04:35:39:   },
2026-08-24 04:35:39:   {
2026-08-24 04:35:39:     code: 'QMS',
2026-08-24 04:35:39:     id: 'c0cefc58-3836-48ee-bbb3-d608ac7ed197',
2026-08-24 04:35:39:     isLocked: false
2026-08-24 04:35:39:   },
2026-08-24 04:35:39:   {
2026-08-24 04:35:39:     code: 'IT',
2026-08-24 04:35:39:     id: 'a3d5ca17-aeec-4a44-a001-cc056ef980b9',
2026-08-24 04:35:39:     isLocked: false
2026-08-24 04:35:39:   },
2026-08-24 04:35:39:   {
2026-08-24 04:35:39:     code: 'GOV',
2026-08-24 04:35:39:     id: 'dd1ce983-752b-41c5-a9cf-587e142d17f4',
2026-08-24 04:35:39:     isLocked: false
2026-08-24 04:35:39:   }
2026-08-24 04:35:39: ]
2026-08-28 02:27:16: DEBUG user: {
2026-08-28 02:27:16:   id: '2289b4c9-d2f1-4445-8c1d-1c9771068d2a',
2026-08-28 02:27:16:   role: 'TU',
2026-08-28 02:27:16:   categoryIds: [ 'c2b37865-30bb-499d-964e-745be10ba4fb' ]
2026-08-28 02:27:16: }
2026-08-28 02:27:16: DEBUG accessibleIds: [
2026-08-28 02:27:16:   '6f771a98-b18f-4f36-a0da-24f36f79fa1d',
2026-08-28 02:27:16:   'c2b37865-30bb-499d-964e-745be10ba4fb'
2026-08-28 02:27:16: ]
2026-08-28 02:27:16: DEBUG categoriesWithAccess: [
2026-08-28 02:27:16:   {
2026-08-28 02:27:16:     code: 'FIN',
2026-08-28 02:27:16:     id: 'c447f450-1b76-499e-aca4-68e1d08a9d91',
2026-08-28 02:27:16:     isLocked: true
2026-08-28 02:27:16:   },
2026-08-28 02:27:16:   {
2026-08-28 02:27:16:     code: 'OPS',
2026-08-28 02:27:16:     id: '6f771a98-b18f-4f36-a0da-24f36f79fa1d',
2026-08-28 02:27:16:     isLocked: false
2026-08-28 02:27:16:   },
2026-08-28 02:27:16:   {
2026-08-28 02:27:16:     code: 'BRD',
2026-08-28 02:27:16:     id: '30a6c794-5a4f-4685-ae9c-60b6f951966f',
2026-08-28 02:27:16:     isLocked: true
2026-08-28 02:27:16:   },
2026-08-28 02:27:16:   {
2026-08-28 02:27:16:     code: 'COM',
2026-08-28 02:27:16:     id: 'afb9cc15-0ec3-4829-ab79-5c73e208caea',
2026-08-28 02:27:16:     isLocked: true
2026-08-28 02:27:16:   },
2026-08-28 02:27:16:   {
2026-08-28 02:27:16:     code: 'HRD',
2026-08-28 02:27:16:     id: 'bb8e0b21-435b-4ee1-ab90-ff099ef71280',
2026-08-28 02:27:16:     isLocked: true
2026-08-28 02:27:16:   },
2026-08-28 02:27:16:   {
2026-08-28 02:27:16:     code: 'CUR',
2026-08-28 02:27:16:     id: 'afff1cf1-0883-471a-9a2c-c71962fbbab6',
2026-08-28 02:27:16:     isLocked: true
2026-08-28 02:27:16:   },
2026-08-28 02:27:16:   {
2026-08-28 02:27:16:     code: 'STU',
2026-08-28 02:27:16:     id: 'c2b37865-30bb-499d-964e-745be10ba4fb',
2026-08-28 02:27:16:     isLocked: false
2026-08-28 02:27:16:   },
2026-08-28 02:27:16:   {
2026-08-28 02:27:16:     code: 'QMS',
2026-08-28 02:27:16:     id: 'c0cefc58-3836-48ee-bbb3-d608ac7ed197',
2026-08-28 02:27:16:     isLocked: true
2026-08-28 02:27:16:   },
2026-08-28 02:27:16:   {
2026-08-28 02:27:16:     code: 'IT',
2026-08-28 02:27:16:     id: 'a3d5ca17-aeec-4a44-a001-cc056ef980b9',
2026-08-28 02:27:16:     isLocked: true
2026-08-28 02:27:16:   },
2026-08-28 02:27:16:   {
2026-08-28 02:27:16:     code: 'GOV',
2026-08-28 02:27:16:     id: 'dd1ce983-752b-41c5-a9cf-587e142d17f4',
2026-08-28 02:27:16:     isLocked: true
2026-08-28 02:27:16:   }
2026-08-28 02:27:16: ]
2026-08-28 02:27:34: DEBUG user: {
2026-08-28 02:27:34:   id: '2289b4c9-d2f1-4445-8c1d-1c9771068d2a',
2026-08-28 02:27:34:   role: 'TU',
2026-08-28 02:27:34:   categoryIds: [ 'c2b37865-30bb-499d-964e-745be10ba4fb' ]
2026-08-28 02:27:34: }
2026-08-28 02:27:34: DEBUG accessibleIds: [
2026-08-28 02:27:34:   '6f771a98-b18f-4f36-a0da-24f36f79fa1d',
2026-08-28 02:27:34:   'c2b37865-30bb-499d-964e-745be10ba4fb'
2026-08-28 02:27:34: ]
2026-08-28 02:27:34: DEBUG categoriesWithAccess: [
2026-08-28 02:27:34:   {
2026-08-28 02:27:34:     code: 'FIN',
2026-08-28 02:27:34:     id: 'c447f450-1b76-499e-aca4-68e1d08a9d91',
2026-08-28 02:27:34:     isLocked: true
2026-08-28 02:27:34:   },
2026-08-28 02:27:34:   {
2026-08-28 02:27:34:     code: 'OPS',
2026-08-28 02:27:34:     id: '6f771a98-b18f-4f36-a0da-24f36f79fa1d',
2026-08-28 02:27:34:     isLocked: false
2026-08-28 02:27:34:   },
2026-08-28 02:27:34:   {
2026-08-28 02:27:34:     code: 'BRD',
2026-08-28 02:27:34:     id: '30a6c794-5a4f-4685-ae9c-60b6f951966f',
2026-08-28 02:27:34:     isLocked: true
2026-08-28 02:27:34:   },
2026-08-28 02:27:34:   {
2026-08-28 02:27:34:     code: 'COM',
2026-08-28 02:27:34:     id: 'afb9cc15-0ec3-4829-ab79-5c73e208caea',
2026-08-28 02:27:34:     isLocked: true
2026-08-28 02:27:34:   },
2026-08-28 02:27:34:   {
2026-08-28 02:27:34:     code: 'HRD',
2026-08-28 02:27:34:     id: 'bb8e0b21-435b-4ee1-ab90-ff099ef71280',
2026-08-28 02:27:34:     isLocked: true
2026-08-28 02:27:34:   },
2026-08-28 02:27:34:   {
2026-08-28 02:27:34:     code: 'CUR',
2026-08-28 02:27:34:     id: 'afff1cf1-0883-471a-9a2c-c71962fbbab6',
2026-08-28 02:27:34:     isLocked: true
2026-08-28 02:27:34:   },
2026-08-28 02:27:34:   {
2026-08-28 02:27:34:     code: 'STU',
2026-08-28 02:27:34:     id: 'c2b37865-30bb-499d-964e-745be10ba4fb',
2026-08-28 02:27:34:     isLocked: false
2026-08-28 02:27:34:   },
2026-08-28 02:27:34:   {
2026-08-28 02:27:34:     code: 'QMS',
2026-08-28 02:27:34:     id: 'c0cefc58-3836-48ee-bbb3-d608ac7ed197',
2026-08-28 02:27:34:     isLocked: true
2026-08-28 02:27:34:   },
2026-08-28 02:27:34:   {
2026-08-28 02:27:34:     code: 'IT',
2026-08-28 02:27:34:     id: 'a3d5ca17-aeec-4a44-a001-cc056ef980b9',
2026-08-28 02:27:34:     isLocked: true
2026-08-28 02:27:34:   },
2026-08-28 02:27:34:   {
2026-08-28 02:27:34:     code: 'GOV',
2026-08-28 02:27:34:     id: 'dd1ce983-752b-41c5-a9cf-587e142d17f4',
2026-08-28 02:27:34:     isLocked: true
2026-08-28 02:27:34:   }
2026-08-28 02:27:34: ]
2026-08-28 02:32:42: DEBUG user: {
2026-08-28 02:32:42:   id: '1e0bf83a-f7fa-4e5b-9310-6ce0c97431eb',
2026-08-28 02:32:42:   role: 'KEUANGAN',
2026-08-28 02:32:42:   categoryIds: [ 'bb8e0b21-435b-4ee1-ab90-ff099ef71280' ]
2026-08-28 02:32:42: }
2026-08-28 02:32:42: DEBUG accessibleIds: [
2026-08-28 02:32:42:   'c447f450-1b76-499e-aca4-68e1d08a9d91',
2026-08-28 02:32:42:   'bb8e0b21-435b-4ee1-ab90-ff099ef71280'
2026-08-28 02:32:42: ]
2026-08-28 02:32:42: DEBUG categoriesWithAccess: [
2026-08-28 02:32:42:   {
2026-08-28 02:32:42:     code: 'FIN',
2026-08-28 02:32:42:     id: 'c447f450-1b76-499e-aca4-68e1d08a9d91',
2026-08-28 02:32:42:     isLocked: false
2026-08-28 02:32:42:   },
2026-08-28 02:32:42:   {
2026-08-28 02:32:42:     code: 'OPS',
2026-08-28 02:32:42:     id: '6f771a98-b18f-4f36-a0da-24f36f79fa1d',
2026-08-28 02:32:42:     isLocked: true
2026-08-28 02:32:42:   },
2026-08-28 02:32:42:   {
2026-08-28 02:32:42:     code: 'BRD',
2026-08-28 02:32:42:     id: '30a6c794-5a4f-4685-ae9c-60b6f951966f',
2026-08-28 02:32:42:     isLocked: true
2026-08-28 02:32:42:   },
2026-08-28 02:32:42:   {
2026-08-28 02:32:42:     code: 'COM',
2026-08-28 02:32:42:     id: 'afb9cc15-0ec3-4829-ab79-5c73e208caea',
2026-08-28 02:32:42:     isLocked: true
2026-08-28 02:32:42:   },
2026-08-28 02:32:42:   {
2026-08-28 02:32:42:     code: 'HRD',
2026-08-28 02:32:42:     id: 'bb8e0b21-435b-4ee1-ab90-ff099ef71280',
2026-08-28 02:32:42:     isLocked: false
2026-08-28 02:32:42:   },
2026-08-28 02:32:42:   {
2026-08-28 02:32:42:     code: 'CUR',
2026-08-28 02:32:42:     id: 'afff1cf1-0883-471a-9a2c-c71962fbbab6',
2026-08-28 02:32:42:     isLocked: true
2026-08-28 02:32:42:   },
2026-08-28 02:32:42:   {
2026-08-28 02:32:42:     code: 'STU',
2026-08-28 02:32:42:     id: 'c2b37865-30bb-499d-964e-745be10ba4fb',
2026-08-28 02:32:42:     isLocked: true
2026-08-28 02:32:42:   },
2026-08-28 02:32:42:   {
2026-08-28 02:32:42:     code: 'QMS',
2026-08-28 02:32:42:     id: 'c0cefc58-3836-48ee-bbb3-d608ac7ed197',
2026-08-28 02:32:42:     isLocked: true
2026-08-28 02:32:42:   },
2026-08-28 02:32:42:   {
2026-08-28 02:32:42:     code: 'IT',
2026-08-28 02:32:42:     id: 'a3d5ca17-aeec-4a44-a001-cc056ef980b9',
2026-08-28 02:32:42:     isLocked: true
2026-08-28 02:32:42:   },
2026-08-28 02:32:42:   {
2026-08-28 02:32:42:     code: 'GOV',
2026-08-28 02:32:42:     id: 'dd1ce983-752b-41c5-a9cf-587e142d17f4',
2026-08-28 02:32:42:     isLocked: true
2026-08-28 02:32:42:   }
2026-08-28 02:32:42: ]
2026-08-28 02:34:05: DEBUG user: {
2026-08-28 02:34:05:   id: '1e0bf83a-f7fa-4e5b-9310-6ce0c97431eb',
2026-08-28 02:34:05:   role: 'KEUANGAN',
2026-08-28 02:34:05:   categoryIds: [ 'bb8e0b21-435b-4ee1-ab90-ff099ef71280' ]
2026-08-28 02:34:05: }
2026-08-28 02:34:05: DEBUG accessibleIds: [
2026-08-28 02:34:05:   'c447f450-1b76-499e-aca4-68e1d08a9d91',
2026-08-28 02:34:05:   'bb8e0b21-435b-4ee1-ab90-ff099ef71280'
2026-08-28 02:34:05: ]
2026-08-28 02:34:05: DEBUG categoriesWithAccess: [
2026-08-28 02:34:05:   {
2026-08-28 02:34:05:     code: 'FIN',
2026-08-28 02:34:05:     id: 'c447f450-1b76-499e-aca4-68e1d08a9d91',
2026-08-28 02:34:05:     isLocked: false
2026-08-28 02:34:05:   },
2026-08-28 02:34:05:   {
2026-08-28 02:34:05:     code: 'OPS',
2026-08-28 02:34:05:     id: '6f771a98-b18f-4f36-a0da-24f36f79fa1d',
2026-08-28 02:34:05:     isLocked: true
2026-08-28 02:34:05:   },
2026-08-28 02:34:05:   {
2026-08-28 02:34:05:     code: 'BRD',
2026-08-28 02:34:05:     id: '30a6c794-5a4f-4685-ae9c-60b6f951966f',
2026-08-28 02:34:05:     isLocked: true
2026-08-28 02:34:05:   },
2026-08-28 02:34:05:   {
2026-08-28 02:34:05:     code: 'COM',
2026-08-28 02:34:05:     id: 'afb9cc15-0ec3-4829-ab79-5c73e208caea',
2026-08-28 02:34:05:     isLocked: true
2026-08-28 02:34:05:   },
2026-08-28 02:34:05:   {
2026-08-28 02:34:05:     code: 'HRD',
2026-08-28 02:34:05:     id: 'bb8e0b21-435b-4ee1-ab90-ff099ef71280',
2026-08-28 02:34:05:     isLocked: false
2026-08-28 02:34:05:   },
2026-08-28 02:34:05:   {
2026-08-28 02:34:05:     code: 'CUR',
2026-08-28 02:34:05:     id: 'afff1cf1-0883-471a-9a2c-c71962fbbab6',
2026-08-28 02:34:05:     isLocked: true
2026-08-28 02:34:05:   },
2026-08-28 02:34:05:   {
2026-08-28 02:34:05:     code: 'STU',
2026-08-28 02:34:05:     id: 'c2b37865-30bb-499d-964e-745be10ba4fb',
2026-08-28 02:34:05:     isLocked: true
2026-08-28 02:34:05:   },
2026-08-28 02:34:05:   {
2026-08-28 02:34:05:     code: 'QMS',
2026-08-28 02:34:05:     id: 'c0cefc58-3836-48ee-bbb3-d608ac7ed197',
2026-08-28 02:34:05:     isLocked: true
2026-08-28 02:34:05:   },
2026-08-28 02:34:05:   {
2026-08-28 02:34:05:     code: 'IT',
2026-08-28 02:34:05:     id: 'a3d5ca17-aeec-4a44-a001-cc056ef980b9',
2026-08-28 02:34:05:     isLocked: true
2026-08-28 02:34:05:   },
2026-08-28 02:34:05:   {
2026-08-28 02:34:05:     code: 'GOV',
2026-08-28 02:34:05:     id: 'dd1ce983-752b-41c5-a9cf-587e142d17f4',
2026-08-28 02:34:05:     isLocked: true
2026-08-28 02:34:05:   }
2026-08-28 02:34:05: ]
2026-08-28 04:28:07: 
2026-08-28 04:28:07: > ares@0.1.0 start
2026-08-28 04:28:07: > next start
2026-08-28 04:28:07: 
2026-08-28 04:28:08: ▲ Next.js 16.2.10
2026-08-28 04:28:08: - Local:         http://localhost:3000
2026-08-28 04:28:08: - Network:       http://10.255.255.25:3000
2026-08-28 04:28:08: ✓ Ready in 118ms
2026-08-28 04:28:08: 
2026-08-28 04:28:08: > ares@0.1.0 start
2026-08-28 04:28:08: > next start
2026-08-28 04:28:08: 
2026-08-28 04:28:08: ▲ Next.js 16.2.10
2026-08-28 04:28:08: - Local:         http://localhost:3000
2026-08-28 04:28:08: - Network:       http://10.255.255.25:3000
2026-08-28 04:28:08: ✓ Ready in 113ms
2026-08-28 04:28:08: 
2026-08-28 04:28:08: > ares@0.1.0 start
2026-08-28 04:28:08: > next start
2026-08-28 04:28:08: 
2026-08-28 04:28:08: ▲ Next.js 16.2.10
2026-08-28 04:28:08: - Local:         http://localhost:3000
2026-08-28 04:28:08: - Network:       http://10.255.255.25:3000
2026-08-28 04:28:08: ✓ Ready in 116ms
2026-08-28 04:28:09: 
2026-08-28 04:28:09: > ares@0.1.0 start
2026-08-28 04:28:09: > next start
2026-08-28 04:28:09: 
2026-08-28 04:28:09: ▲ Next.js 16.2.10
2026-08-28 04:28:09: - Local:         http://localhost:3000
2026-08-28 04:28:09: - Network:       http://10.255.255.25:3000
2026-08-28 04:28:09: ✓ Ready in 113ms
2026-08-28 04:28:09: 
2026-08-28 04:28:09: > ares@0.1.0 start
2026-08-28 04:28:09: > next start
2026-08-28 04:28:09: 
2026-08-28 04:28:09: ▲ Next.js 16.2.10
2026-08-28 04:28:09: - Local:         http://localhost:3000
2026-08-28 04:28:09: - Network:       http://10.255.255.25:3000
2026-08-28 04:28:09: ✓ Ready in 111ms
2026-08-28 04:28:09: 
2026-08-28 04:28:09: > ares@0.1.0 start
2026-08-28 04:28:09: > next start
2026-08-28 04:28:09: 
2026-08-28 04:28:10: ▲ Next.js 16.2.10
2026-08-28 04:28:10: - Local:         http://localhost:3000
2026-08-28 04:28:10: - Network:       http://10.255.255.25:3000
2026-08-28 04:28:10: ✓ Ready in 116ms
2026-08-28 04:28:10: 
2026-08-28 04:28:10: > ares@0.1.0 start
2026-08-28 04:28:10: > next start
2026-08-28 04:28:10: 
2026-08-28 04:28:10: ▲ Next.js 16.2.10
2026-08-28 04:28:10: - Local:         http://localhost:3000
2026-08-28 04:28:10: - Network:       http://10.255.255.25:3000
2026-08-28 04:28:10: ✓ Ready in 111ms
2026-08-28 04:28:10: 
2026-08-28 04:28:10: > ares@0.1.0 start
2026-08-28 04:28:10: > next start
2026-08-28 04:28:10: 
2026-08-28 04:28:10: ▲ Next.js 16.2.10
2026-08-28 04:28:10: - Local:         http://localhost:3000
2026-08-28 04:28:10: - Network:       http://10.255.255.25:3000
2026-08-28 04:28:10: ✓ Ready in 115ms
2026-08-28 04:28:10: 
2026-08-28 04:28:10: > ares@0.1.0 start
2026-08-28 04:28:10: > next start
2026-08-28 04:28:10: 
2026-08-28 04:28:11: ▲ Next.js 16.2.10
2026-08-28 04:28:11: - Local:         http://localhost:3000
2026-08-28 04:28:11: - Network:       http://10.255.255.25:3000
2026-08-28 04:28:11: ✓ Ready in 113ms
2026-08-28 04:28:11: 
2026-08-28 04:28:11: > ares@0.1.0 start
2026-08-28 04:28:11: > next start
2026-08-28 04:28:11: 
2026-08-28 04:28:11: ▲ Next.js 16.2.10
2026-08-28 04:28:11: - Local:         http://localhost:3000
2026-08-28 04:28:11: - Network:       http://10.255.255.25:3000
2026-08-28 04:28:11: ✓ Ready in 111ms
2026-08-28 04:28:11: 
2026-08-28 04:28:11: > ares@0.1.0 start
2026-08-28 04:28:11: > next start
2026-08-28 04:28:11: 
2026-08-28 04:28:11: ▲ Next.js 16.2.10
2026-08-28 04:28:11: - Local:         http://localhost:3000
2026-08-28 04:28:11: - Network:       http://10.255.255.25:3000
2026-08-28 04:28:11: ✓ Ready in 111ms
2026-08-28 04:28:12: 
2026-08-28 04:28:12: > ares@0.1.0 start
2026-08-28 04:28:12: > next start
2026-08-28 04:28:12: 
2026-08-28 04:28:12: ▲ Next.js 16.2.10
2026-08-28 04:28:12: - Local:         http://localhost:3000
2026-08-28 04:28:12: - Network:       http://10.255.255.25:3000
2026-08-28 04:28:12: ✓ Ready in 112ms
2026-08-28 04:28:12: 
2026-08-28 04:28:12: > ares@0.1.0 start
2026-08-28 04:28:12: > next start
2026-08-28 04:28:12: 
2026-08-28 04:28:12: ▲ Next.js 16.2.10
2026-08-28 04:28:12: - Local:         http://localhost:3000
2026-08-28 04:28:12: - Network:       http://10.255.255.25:3000
2026-08-28 04:28:12: ✓ Ready in 111ms
2026-08-28 04:28:12: 
2026-08-28 04:28:12: > ares@0.1.0 start
2026-08-28 04:28:12: > next start
2026-08-28 04:28:12: 
2026-08-28 04:28:13: ▲ Next.js 16.2.10
2026-08-28 04:28:13: - Local:         http://localhost:3000
2026-08-28 04:28:13: - Network:       http://10.255.255.25:3000
2026-08-28 04:28:13: ✓ Ready in 111ms
2026-08-28 04:28:13: 
2026-08-28 04:28:13: > ares@0.1.0 start
2026-08-28 04:28:13: > next start
2026-08-28 04:28:13: 
2026-08-28 04:28:13: ▲ Next.js 16.2.10
2026-08-28 04:28:13: - Local:         http://localhost:3000
2026-08-28 04:28:13: - Network:       http://10.255.255.25:3000
2026-08-28 04:28:13: ✓ Ready in 173ms
2026-08-28 04:28:13: 
2026-08-28 04:28:13: > ares@0.1.0 start
2026-08-28 04:28:13: > next start
2026-08-28 04:28:13: 
2026-08-28 04:28:13: ▲ Next.js 16.2.10
2026-08-28 04:28:13: - Local:         http://localhost:3000
2026-08-28 04:28:13: - Network:       http://10.255.255.25:3000
2026-08-28 04:28:13: ✓ Ready in 111ms
2026-08-28 04:28:14: 
2026-08-28 04:28:14: > ares@0.1.0 start
2026-08-28 04:28:14: > next start
2026-08-28 04:28:14: 
2026-08-28 04:28:14: ▲ Next.js 16.2.10
2026-08-28 04:28:14: - Local:         http://localhost:3000
2026-08-28 04:28:14: - Network:       http://10.255.255.25:3000
2026-08-28 04:28:14: ✓ Ready in 232ms
2026-08-28 04:28:22: 
2026-08-28 04:28:22: > ares@0.1.0 start
2026-08-28 04:28:22: > next start
2026-08-28 04:28:22: 
2026-08-28 04:28:22: ▲ Next.js 16.2.10
2026-08-28 04:28:22: - Local:         http://localhost:3000
2026-08-28 04:28:22: - Network:       http://10.255.255.25:3000
2026-08-28 04:28:22: ✓ Ready in 111ms
2026-08-28 04:28:23: 
2026-08-28 04:28:23: > ares@0.1.0 start
2026-08-28 04:28:23: > next start
2026-08-28 04:28:23: 
2026-08-28 04:28:23: ▲ Next.js 16.2.10
2026-08-28 04:28:23: - Local:         http://localhost:3000
2026-08-28 04:28:23: - Network:       http://10.255.255.25:3000
2026-08-28 04:28:23: ✓ Ready in 114ms
2026-08-28 04:28:23: 
2026-08-28 04:28:23: > ares@0.1.0 start
2026-08-28 04:28:23: > next start
2026-08-28 04:28:23: 
2026-08-28 04:28:23: ▲ Next.js 16.2.10
2026-08-28 04:28:23: - Local:         http://localhost:3000
2026-08-28 04:28:23: - Network:       http://10.255.255.25:3000
2026-08-28 04:28:23: ✓ Ready in 112ms
2026-08-28 04:28:23: 
2026-08-28 04:28:23: > ares@0.1.0 start
2026-08-28 04:28:23: > next start
2026-08-28 04:28:23: 
2026-08-28 04:28:24: ▲ Next.js 16.2.10
2026-08-28 04:28:24: - Local:         http://localhost:3000
2026-08-28 04:28:24: - Network:       http://10.255.255.25:3000
2026-08-28 04:28:24: ✓ Ready in 111ms
2026-08-28 04:28:24: 
2026-08-28 04:28:24: > ares@0.1.0 start
2026-08-28 04:28:24: > next start
2026-08-28 04:28:24: 
2026-08-28 04:28:24: ▲ Next.js 16.2.10
2026-08-28 04:28:24: - Local:         http://localhost:3000
2026-08-28 04:28:24: - Network:       http://10.255.255.25:3000
2026-08-28 04:28:24: ✓ Ready in 111ms
2026-08-28 04:28:24: 
2026-08-28 04:28:24: > ares@0.1.0 start
2026-08-28 04:28:24: > next start
2026-08-28 04:28:24: 
2026-08-28 04:28:24: ▲ Next.js 16.2.10
2026-08-28 04:28:24: - Local:         http://localhost:3000
2026-08-28 04:28:24: - Network:       http://10.255.255.25:3000
2026-08-28 04:28:24: ✓ Ready in 116ms
2026-08-28 04:28:25: 
2026-08-28 04:28:25: > ares@0.1.0 start
2026-08-28 04:28:25: > next start
2026-08-28 04:28:25: 
2026-08-28 04:28:25: ▲ Next.js 16.2.10
2026-08-28 04:28:25: - Local:         http://localhost:3000
2026-08-28 04:28:25: - Network:       http://10.255.255.25:3000
2026-08-28 04:28:25: ✓ Ready in 111ms
2026-08-28 04:28:25: 
2026-08-28 04:28:25: > ares@0.1.0 start
2026-08-28 04:28:25: > next start
2026-08-28 04:28:25: 
2026-08-28 04:28:25: ▲ Next.js 16.2.10
2026-08-28 04:28:25: - Local:         http://localhost:3000
2026-08-28 04:28:25: - Network:       http://10.255.255.25:3000
2026-08-28 04:28:25: ✓ Ready in 110ms
2026-08-28 04:28:25: 
2026-08-28 04:28:25: > ares@0.1.0 start
2026-08-28 04:28:25: > next start
2026-08-28 04:28:25: 
2026-08-28 04:28:25: ▲ Next.js 16.2.10
2026-08-28 04:28:25: - Local:         http://localhost:3000
2026-08-28 04:28:25: - Network:       http://10.255.255.25:3000
2026-08-28 04:28:25: ✓ Ready in 111ms
2026-08-28 04:28:26: 
2026-08-28 04:28:26: > ares@0.1.0 start
2026-08-28 04:28:26: > next start
2026-08-28 04:28:26: 
2026-08-28 04:28:26: ▲ Next.js 16.2.10
2026-08-28 04:28:26: - Local:         http://localhost:3000
2026-08-28 04:28:26: - Network:       http://10.255.255.25:3000
2026-08-28 04:28:26: ✓ Ready in 121ms
2026-08-28 04:28:26: 
2026-08-28 04:28:26: > ares@0.1.0 start
2026-08-28 04:28:26: > next start
2026-08-28 04:28:26: 
2026-08-28 04:28:26: ▲ Next.js 16.2.10
2026-08-28 04:28:26: - Local:         http://localhost:3000
2026-08-28 04:28:26: - Network:       http://10.255.255.25:3000
2026-08-28 04:28:26: ✓ Ready in 119ms
2026-08-28 04:28:26: 
2026-08-28 04:28:26: > ares@0.1.0 start
2026-08-28 04:28:26: > next start
2026-08-28 04:28:26: 
2026-08-28 04:28:27: ▲ Next.js 16.2.10
2026-08-28 04:28:27: - Local:         http://localhost:3000
2026-08-28 04:28:27: - Network:       http://10.255.255.25:3000
2026-08-28 04:28:27: ✓ Ready in 114ms
2026-08-28 04:28:27: 
2026-08-28 04:28:27: > ares@0.1.0 start
2026-08-28 04:28:27: > next start
2026-08-28 04:28:27: 
2026-08-28 04:28:27: ▲ Next.js 16.2.10
2026-08-28 04:28:27: - Local:         http://localhost:3000
2026-08-28 04:28:27: - Network:       http://10.255.255.25:3000
2026-08-28 04:28:27: ✓ Ready in 113ms
2026-08-28 04:28:27: 
2026-08-28 04:28:27: > ares@0.1.0 start
2026-08-28 04:28:27: > next start
2026-08-28 04:28:27: 
2026-08-28 04:28:27: ▲ Next.js 16.2.10
2026-08-28 04:28:27: - Local:         http://localhost:3000
2026-08-28 04:28:27: - Network:       http://10.255.255.25:3000
2026-08-28 04:28:27: ✓ Ready in 112ms
2026-08-28 04:28:28: 
2026-08-28 04:28:28: > ares@0.1.0 start
2026-08-28 04:28:28: > next start
2026-08-28 04:28:28: 
2026-08-28 04:28:28: ▲ Next.js 16.2.10
2026-08-28 04:28:28: - Local:         http://localhost:3000
2026-08-28 04:28:28: - Network:       http://10.255.255.25:3000
2026-08-28 04:28:28: ✓ Ready in 114ms
2026-08-28 04:28:28: 
2026-08-28 04:28:28: > ares@0.1.0 start
2026-08-28 04:28:28: > next start
2026-08-28 04:28:28: 
2026-08-28 04:28:28: ▲ Next.js 16.2.10
2026-08-28 04:28:28: - Local:         http://localhost:3000
2026-08-28 04:28:28: - Network:       http://10.255.255.25:3000
2026-08-28 04:28:28: ✓ Ready in 117ms
2026-08-28 07:01:54: 
2026-08-28 07:01:54: > ares@0.1.0 start
2026-08-28 07:01:54: > next start
2026-08-28 07:01:54: 
2026-08-28 07:01:55: ▲ Next.js 16.2.10
2026-08-28 07:01:55: - Local:         http://localhost:3000
2026-08-28 07:01:55: - Network:       http://10.255.255.25:3000
2026-08-28 07:01:55: ✓ Ready in 308ms
2026-08-31 07:10:47: 
2026-08-31 07:10:47: > ares@0.1.0 start
2026-08-31 07:10:47: > next start
2026-08-31 07:10:47: 
2026-08-31 07:10:47: ▲ Next.js 16.2.10
2026-08-31 07:10:47: - Local:         http://localhost:3000
2026-08-31 07:10:47: - Network:       http://10.255.255.25:3000
2026-08-31 07:10:47: ✓ Ready in 114ms
2026-08-31 07:10:56: DEBUG user: {
2026-08-31 07:10:56:   id: 'ea7ff426-d5e0-4519-9124-087548298f88',
2026-08-31 07:10:56:   role: 'DIREKTUR',
2026-08-31 07:10:56:   categoryIds: []
2026-08-31 07:10:56: }
2026-08-31 07:10:56: DEBUG accessibleIds: undefined
2026-08-31 07:10:56: DEBUG categoriesWithAccess: [
2026-08-31 07:10:56:   {
2026-08-31 07:10:56:     code: 'FIN',
2026-08-31 07:10:56:     id: 'c447f450-1b76-499e-aca4-68e1d08a9d91',
2026-08-31 07:10:56:     isLocked: false
2026-08-31 07:10:56:   },
2026-08-31 07:10:56:   {
2026-08-31 07:10:56:     code: 'OPS',
2026-08-31 07:10:56:     id: '6f771a98-b18f-4f36-a0da-24f36f79fa1d',
2026-08-31 07:10:56:     isLocked: false
2026-08-31 07:10:56:   },
2026-08-31 07:10:56:   {
2026-08-31 07:10:56:     code: 'BRD',
2026-08-31 07:10:56:     id: '30a6c794-5a4f-4685-ae9c-60b6f951966f',
2026-08-31 07:10:56:     isLocked: false
2026-08-31 07:10:56:   },
2026-08-31 07:10:56:   {
2026-08-31 07:10:56:     code: 'COM',
2026-08-31 07:10:56:     id: 'afb9cc15-0ec3-4829-ab79-5c73e208caea',
2026-08-31 07:10:56:     isLocked: false
2026-08-31 07:10:56:   },
2026-08-31 07:10:56:   {
2026-08-31 07:10:56:     code: 'HRD',
2026-08-31 07:10:56:     id: 'bb8e0b21-435b-4ee1-ab90-ff099ef71280',
2026-08-31 07:10:56:     isLocked: false
2026-08-31 07:10:56:   },
2026-08-31 07:10:56:   {
2026-08-31 07:10:56:     code: 'CUR',
2026-08-31 07:10:56:     id: 'afff1cf1-0883-471a-9a2c-c71962fbbab6',
2026-08-31 07:10:56:     isLocked: false
2026-08-31 07:10:56:   },
2026-08-31 07:10:56:   {
2026-08-31 07:10:56:     code: 'STU',
2026-08-31 07:10:56:     id: 'c2b37865-30bb-499d-964e-745be10ba4fb',
2026-08-31 07:10:56:     isLocked: false
2026-08-31 07:10:56:   },
2026-08-31 07:10:56:   {
2026-08-31 07:10:56:     code: 'QMS',
2026-08-31 07:10:56:     id: 'c0cefc58-3836-48ee-bbb3-d608ac7ed197',
2026-08-31 07:10:56:     isLocked: false
2026-08-31 07:10:56:   },
2026-08-31 07:10:56:   {
2026-08-31 07:10:56:     code: 'IT',
2026-08-31 07:10:56:     id: 'a3d5ca17-aeec-4a44-a001-cc056ef980b9',
2026-08-31 07:10:56:     isLocked: false
2026-08-31 07:10:56:   },
2026-08-31 07:10:56:   {
2026-08-31 07:10:56:     code: 'GOV',
2026-08-31 07:10:56:     id: 'dd1ce983-752b-41c5-a9cf-587e142d17f4',
2026-08-31 07:10:56:     isLocked: false
2026-08-31 07:10:56:   }
2026-08-31 07:10:56: ]
2026-08-31 07:11:07: DEBUG user: {
2026-08-31 07:11:07:   id: 'ea7ff426-d5e0-4519-9124-087548298f88',
2026-08-31 07:11:07:   role: 'DIREKTUR',
2026-08-31 07:11:07:   categoryIds: []
2026-08-31 07:11:07: }
2026-08-31 07:11:07: DEBUG accessibleIds: undefined
2026-08-31 07:11:07: DEBUG categoriesWithAccess: [
2026-08-31 07:11:07:   {
2026-08-31 07:11:07:     code: 'FIN',
2026-08-31 07:11:07:     id: 'c447f450-1b76-499e-aca4-68e1d08a9d91',
2026-08-31 07:11:07:     isLocked: false
2026-08-31 07:11:07:   },
2026-08-31 07:11:07:   {
2026-08-31 07:11:07:     code: 'OPS',
2026-08-31 07:11:07:     id: '6f771a98-b18f-4f36-a0da-24f36f79fa1d',
2026-08-31 07:11:07:     isLocked: false
2026-08-31 07:11:07:   },
2026-08-31 07:11:07:   {
2026-08-31 07:11:07:     code: 'BRD',
2026-08-31 07:11:07:     id: '30a6c794-5a4f-4685-ae9c-60b6f951966f',
2026-08-31 07:11:07:     isLocked: false
2026-08-31 07:11:07:   },
2026-08-31 07:11:07:   {
2026-08-31 07:11:07:     code: 'COM',
2026-08-31 07:11:07:     id: 'afb9cc15-0ec3-4829-ab79-5c73e208caea',
2026-08-31 07:11:07:     isLocked: false
2026-08-31 07:11:07:   },
2026-08-31 07:11:07:   {
2026-08-31 07:11:07:     code: 'HRD',
2026-08-31 07:11:07:     id: 'bb8e0b21-435b-4ee1-ab90-ff099ef71280',
2026-08-31 07:11:07:     isLocked: false
2026-08-31 07:11:07:   },
2026-08-31 07:11:07:   {
2026-08-31 07:11:07:     code: 'CUR',
2026-08-31 07:11:07:     id: 'afff1cf1-0883-471a-9a2c-c71962fbbab6',
2026-08-31 07:11:07:     isLocked: false
2026-08-31 07:11:07:   },
2026-08-31 07:11:07:   {
2026-08-31 07:11:07:     code: 'STU',
2026-08-31 07:11:07:     id: 'c2b37865-30bb-499d-964e-745be10ba4fb',
2026-08-31 07:11:07:     isLocked: false
2026-08-31 07:11:07:   },
2026-08-31 07:11:07:   {
2026-08-31 07:11:07:     code: 'QMS',
2026-08-31 07:11:07:     id: 'c0cefc58-3836-48ee-bbb3-d608ac7ed197',
2026-08-31 07:11:07:     isLocked: false
2026-08-31 07:11:07:   },
2026-08-31 07:11:07:   {
2026-08-31 07:11:07:     code: 'IT',
2026-08-31 07:11:07:     id: 'a3d5ca17-aeec-4a44-a001-cc056ef980b9',
2026-08-31 07:11:07:     isLocked: false
2026-08-31 07:11:07:   },
2026-08-31 07:11:07:   {
2026-08-31 07:11:07:     code: 'GOV',
2026-08-31 07:11:07:     id: 'dd1ce983-752b-41c5-a9cf-587e142d17f4',
2026-08-31 07:11:07:     isLocked: false
2026-08-31 07:11:07:   }
2026-08-31 07:11:07: ]
2026-08-31 07:11:16: DEBUG user: {
2026-08-31 07:11:16:   id: 'ea7ff426-d5e0-4519-9124-087548298f88',
2026-08-31 07:11:16:   role: 'DIREKTUR',
2026-08-31 07:11:16:   categoryIds: []
2026-08-31 07:11:16: }
2026-08-31 07:11:16: DEBUG accessibleIds: undefined
2026-08-31 07:11:16: DEBUG categoriesWithAccess: [
2026-08-31 07:11:16:   {
2026-08-31 07:11:16:     code: 'FIN',
2026-08-31 07:11:16:     id: 'c447f450-1b76-499e-aca4-68e1d08a9d91',
2026-08-31 07:11:16:     isLocked: false
2026-08-31 07:11:16:   },
2026-08-31 07:11:16:   {
2026-08-31 07:11:16:     code: 'OPS',
2026-08-31 07:11:16:     id: '6f771a98-b18f-4f36-a0da-24f36f79fa1d',
2026-08-31 07:11:16:     isLocked: false
2026-08-31 07:11:16:   },
2026-08-31 07:11:16:   {
2026-08-31 07:11:16:     code: 'BRD',
2026-08-31 07:11:16:     id: '30a6c794-5a4f-4685-ae9c-60b6f951966f',
2026-08-31 07:11:16:     isLocked: false
2026-08-31 07:11:16:   },
2026-08-31 07:11:16:   {
2026-08-31 07:11:16:     code: 'COM',
2026-08-31 07:11:16:     id: 'afb9cc15-0ec3-4829-ab79-5c73e208caea',
2026-08-31 07:11:16:     isLocked: false
2026-08-31 07:11:16:   },
2026-08-31 07:11:16:   {
2026-08-31 07:11:16:     code: 'HRD',
2026-08-31 07:11:16:     id: 'bb8e0b21-435b-4ee1-ab90-ff099ef71280',
2026-08-31 07:11:16:     isLocked: false
2026-08-31 07:11:16:   },
2026-08-31 07:11:16:   {
2026-08-31 07:11:16:     code: 'CUR',
2026-08-31 07:11:16:     id: 'afff1cf1-0883-471a-9a2c-c71962fbbab6',
2026-08-31 07:11:16:     isLocked: false
2026-08-31 07:11:16:   },
2026-08-31 07:11:16:   {
2026-08-31 07:11:16:     code: 'STU',
2026-08-31 07:11:16:     id: 'c2b37865-30bb-499d-964e-745be10ba4fb',
2026-08-31 07:11:16:     isLocked: false
2026-08-31 07:11:16:   },
2026-08-31 07:11:16:   {
2026-08-31 07:11:16:     code: 'QMS',
2026-08-31 07:11:16:     id: 'c0cefc58-3836-48ee-bbb3-d608ac7ed197',
2026-08-31 07:11:16:     isLocked: false
2026-08-31 07:11:16:   },
2026-08-31 07:11:16:   {
2026-08-31 07:11:16:     code: 'IT',
2026-08-31 07:11:16:     id: 'a3d5ca17-aeec-4a44-a001-cc056ef980b9',
2026-08-31 07:11:16:     isLocked: false
2026-08-31 07:11:16:   },
2026-08-31 07:11:16:   {
2026-08-31 07:11:16:     code: 'GOV',
2026-08-31 07:11:16:     id: 'dd1ce983-752b-41c5-a9cf-587e142d17f4',
2026-08-31 07:11:16:     isLocked: false
2026-08-31 07:11:16:   }
2026-08-31 07:11:16: ]
2026-08-31 07:11:25: DEBUG user: {
2026-08-31 07:11:25:   id: 'ea7ff426-d5e0-4519-9124-087548298f88',
2026-08-31 07:11:25:   role: 'DIREKTUR',
2026-08-31 07:11:25:   categoryIds: []
2026-08-31 07:11:25: }
2026-08-31 07:11:25: DEBUG accessibleIds: undefined
2026-08-31 07:11:25: DEBUG categoriesWithAccess: [
2026-08-31 07:11:25:   {
2026-08-31 07:11:25:     code: 'FIN',
2026-08-31 07:11:25:     id: 'c447f450-1b76-499e-aca4-68e1d08a9d91',
2026-08-31 07:11:25:     isLocked: false
2026-08-31 07:11:25:   },
2026-08-31 07:11:25:   {
2026-08-31 07:11:25:     code: 'OPS',
2026-08-31 07:11:25:     id: '6f771a98-b18f-4f36-a0da-24f36f79fa1d',
2026-08-31 07:11:25:     isLocked: false
2026-08-31 07:11:25:   },
2026-08-31 07:11:25:   {
2026-08-31 07:11:25:     code: 'BRD',
2026-08-31 07:11:25:     id: '30a6c794-5a4f-4685-ae9c-60b6f951966f',
2026-08-31 07:11:25:     isLocked: false
2026-08-31 07:11:25:   },
2026-08-31 07:11:25:   {
2026-08-31 07:11:25:     code: 'COM',
2026-08-31 07:11:25:     id: 'afb9cc15-0ec3-4829-ab79-5c73e208caea',
2026-08-31 07:11:25:     isLocked: false
2026-08-31 07:11:25:   },
2026-08-31 07:11:25:   {
2026-08-31 07:11:25:     code: 'HRD',
2026-08-31 07:11:25:     id: 'bb8e0b21-435b-4ee1-ab90-ff099ef71280',
2026-08-31 07:11:25:     isLocked: false
2026-08-31 07:11:25:   },
2026-08-31 07:11:25:   {
2026-08-31 07:11:25:     code: 'CUR',
2026-08-31 07:11:25:     id: 'afff1cf1-0883-471a-9a2c-c71962fbbab6',
2026-08-31 07:11:25:     isLocked: false
2026-08-31 07:11:25:   },
2026-08-31 07:11:25:   {
2026-08-31 07:11:25:     code: 'STU',
2026-08-31 07:11:25:     id: 'c2b37865-30bb-499d-964e-745be10ba4fb',
2026-08-31 07:11:25:     isLocked: false
2026-08-31 07:11:25:   },
2026-08-31 07:11:25:   {
2026-08-31 07:11:25:     code: 'QMS',
2026-08-31 07:11:25:     id: 'c0cefc58-3836-48ee-bbb3-d608ac7ed197',
2026-08-31 07:11:25:     isLocked: false
2026-08-31 07:11:25:   },
2026-08-31 07:11:25:   {
2026-08-31 07:11:25:     code: 'IT',
2026-08-31 07:11:25:     id: 'a3d5ca17-aeec-4a44-a001-cc056ef980b9',
2026-08-31 07:11:25:     isLocked: false
2026-08-31 07:11:25:   },
2026-08-31 07:11:25:   {
2026-08-31 07:11:25:     code: 'GOV',
2026-08-31 07:11:25:     id: 'dd1ce983-752b-41c5-a9cf-587e142d17f4',
2026-08-31 07:11:25:     isLocked: false
2026-08-31 07:11:25:   }
2026-08-31 07:11:25: ]
2026-08-31 07:11:29: DEBUG user: {
2026-08-31 07:11:29:   id: 'ea7ff426-d5e0-4519-9124-087548298f88',
2026-08-31 07:11:29:   role: 'DIREKTUR',
2026-08-31 07:11:29:   categoryIds: []
2026-08-31 07:11:29: }
2026-08-31 07:11:29: DEBUG accessibleIds: undefined
2026-08-31 07:11:29: DEBUG categoriesWithAccess: [
2026-08-31 07:11:29:   {
2026-08-31 07:11:29:     code: 'FIN',
2026-08-31 07:11:29:     id: 'c447f450-1b76-499e-aca4-68e1d08a9d91',
2026-08-31 07:11:29:     isLocked: false
2026-08-31 07:11:29:   },
2026-08-31 07:11:29:   {
2026-08-31 07:11:29:     code: 'OPS',
2026-08-31 07:11:29:     id: '6f771a98-b18f-4f36-a0da-24f36f79fa1d',
2026-08-31 07:11:29:     isLocked: false
2026-08-31 07:11:29:   },
2026-08-31 07:11:29:   {
2026-08-31 07:11:29:     code: 'BRD',
2026-08-31 07:11:29:     id: '30a6c794-5a4f-4685-ae9c-60b6f951966f',
2026-08-31 07:11:29:     isLocked: false
2026-08-31 07:11:29:   },
2026-08-31 07:11:29:   {
2026-08-31 07:11:29:     code: 'COM',
2026-08-31 07:11:29:     id: 'afb9cc15-0ec3-4829-ab79-5c73e208caea',
2026-08-31 07:11:29:     isLocked: false
2026-08-31 07:11:29:   },
2026-08-31 07:11:29:   {
2026-08-31 07:11:29:     code: 'HRD',
2026-08-31 07:11:29:     id: 'bb8e0b21-435b-4ee1-ab90-ff099ef71280',
2026-08-31 07:11:29:     isLocked: false
2026-08-31 07:11:29:   },
2026-08-31 07:11:29:   {
2026-08-31 07:11:29:     code: 'CUR',
2026-08-31 07:11:29:     id: 'afff1cf1-0883-471a-9a2c-c71962fbbab6',
2026-08-31 07:11:29:     isLocked: false
2026-08-31 07:11:29:   },
2026-08-31 07:11:29:   {
2026-08-31 07:11:29:     code: 'STU',
2026-08-31 07:11:29:     id: 'c2b37865-30bb-499d-964e-745be10ba4fb',
2026-08-31 07:11:29:     isLocked: false
2026-08-31 07:11:29:   },
2026-08-31 07:11:29:   {
2026-08-31 07:11:29:     code: 'QMS',
2026-08-31 07:11:29:     id: 'c0cefc58-3836-48ee-bbb3-d608ac7ed197',
2026-08-31 07:11:29:     isLocked: false
2026-08-31 07:11:29:   },
2026-08-31 07:11:29:   {
2026-08-31 07:11:29:     code: 'IT',
2026-08-31 07:11:29:     id: 'a3d5ca17-aeec-4a44-a001-cc056ef980b9',
2026-08-31 07:11:29:     isLocked: false
2026-08-31 07:11:29:   },
2026-08-31 07:11:29:   {
2026-08-31 07:11:29:     code: 'GOV',
2026-08-31 07:11:29:     id: 'dd1ce983-752b-41c5-a9cf-587e142d17f4',
2026-08-31 07:11:29:     isLocked: false
2026-08-31 07:11:29:   }
2026-08-31 07:11:29: ]
2026-08-31 07:11:52: DEBUG user: {
2026-08-31 07:11:52:   id: 'ea7ff426-d5e0-4519-9124-087548298f88',
2026-08-31 07:11:52:   role: 'DIREKTUR',
2026-08-31 07:11:52:   categoryIds: []
2026-08-31 07:11:52: }
2026-08-31 07:11:52: DEBUG accessibleIds: undefined
2026-08-31 07:11:52: DEBUG categoriesWithAccess: [
2026-08-31 07:11:52:   {
2026-08-31 07:11:52:     code: 'FIN',
2026-08-31 07:11:52:     id: 'c447f450-1b76-499e-aca4-68e1d08a9d91',
2026-08-31 07:11:52:     isLocked: false
2026-08-31 07:11:52:   },
2026-08-31 07:11:52:   {
2026-08-31 07:11:52:     code: 'OPS',
2026-08-31 07:11:52:     id: '6f771a98-b18f-4f36-a0da-24f36f79fa1d',
2026-08-31 07:11:52:     isLocked: false
2026-08-31 07:11:52:   },
2026-08-31 07:11:52:   {
2026-08-31 07:11:52:     code: 'BRD',
2026-08-31 07:11:52:     id: '30a6c794-5a4f-4685-ae9c-60b6f951966f',
2026-08-31 07:11:52:     isLocked: false
2026-08-31 07:11:52:   },
2026-08-31 07:11:52:   {
2026-08-31 07:11:52:     code: 'COM',
2026-08-31 07:11:52:     id: 'afb9cc15-0ec3-4829-ab79-5c73e208caea',
2026-08-31 07:11:52:     isLocked: false
2026-08-31 07:11:52:   },
2026-08-31 07:11:52:   {
2026-08-31 07:11:52:     code: 'HRD',
2026-08-31 07:11:52:     id: 'bb8e0b21-435b-4ee1-ab90-ff099ef71280',
2026-08-31 07:11:52:     isLocked: false
2026-08-31 07:11:52:   },
2026-08-31 07:11:52:   {
2026-08-31 07:11:52:     code: 'CUR',
2026-08-31 07:11:52:     id: 'afff1cf1-0883-471a-9a2c-c71962fbbab6',
2026-08-31 07:11:52:     isLocked: false
2026-08-31 07:11:52:   },
2026-08-31 07:11:52:   {
2026-08-31 07:11:52:     code: 'STU',
2026-08-31 07:11:52:     id: 'c2b37865-30bb-499d-964e-745be10ba4fb',
2026-08-31 07:11:52:     isLocked: false
2026-08-31 07:11:52:   },
2026-08-31 07:11:52:   {
2026-08-31 07:11:52:     code: 'QMS',
2026-08-31 07:11:52:     id: 'c0cefc58-3836-48ee-bbb3-d608ac7ed197',
2026-08-31 07:11:52:     isLocked: false
2026-08-31 07:11:52:   },
2026-08-31 07:11:52:   {
2026-08-31 07:11:52:     code: 'IT',
2026-08-31 07:11:52:     id: 'a3d5ca17-aeec-4a44-a001-cc056ef980b9',
2026-08-31 07:11:52:     isLocked: false
2026-08-31 07:11:52:   },
2026-08-31 07:11:52:   {
2026-08-31 07:11:52:     code: 'GOV',
2026-08-31 07:11:52:     id: 'dd1ce983-752b-41c5-a9cf-587e142d17f4',
2026-08-31 07:11:52:     isLocked: false
2026-08-31 07:11:52:   }
2026-08-31 07:11:52: ]
2026-08-31 07:12:01: DEBUG user: {
2026-08-31 07:12:01:   id: 'ea7ff426-d5e0-4519-9124-087548298f88',
2026-08-31 07:12:01:   role: 'DIREKTUR',
2026-08-31 07:12:01:   categoryIds: []
2026-08-31 07:12:01: }
2026-08-31 07:12:01: DEBUG accessibleIds: undefined
2026-08-31 07:12:01: DEBUG categoriesWithAccess: [
2026-08-31 07:12:01:   {
2026-08-31 07:12:01:     code: 'FIN',
2026-08-31 07:12:01:     id: 'c447f450-1b76-499e-aca4-68e1d08a9d91',
2026-08-31 07:12:01:     isLocked: false
2026-08-31 07:12:01:   },
2026-08-31 07:12:01:   {
2026-08-31 07:12:01:     code: 'OPS',
2026-08-31 07:12:01:     id: '6f771a98-b18f-4f36-a0da-24f36f79fa1d',
2026-08-31 07:12:01:     isLocked: false
2026-08-31 07:12:01:   },
2026-08-31 07:12:01:   {
2026-08-31 07:12:01:     code: 'BRD',
2026-08-31 07:12:01:     id: '30a6c794-5a4f-4685-ae9c-60b6f951966f',
2026-08-31 07:12:01:     isLocked: false
2026-08-31 07:12:01:   },
2026-08-31 07:12:01:   {
2026-08-31 07:12:01:     code: 'COM',
2026-08-31 07:12:01:     id: 'afb9cc15-0ec3-4829-ab79-5c73e208caea',
2026-08-31 07:12:01:     isLocked: false
2026-08-31 07:12:01:   },
2026-08-31 07:12:01:   {
2026-08-31 07:12:01:     code: 'HRD',
2026-08-31 07:12:01:     id: 'bb8e0b21-435b-4ee1-ab90-ff099ef71280',
2026-08-31 07:12:01:     isLocked: false
2026-08-31 07:12:01:   },
2026-08-31 07:12:01:   {
2026-08-31 07:12:01:     code: 'CUR',
2026-08-31 07:12:01:     id: 'afff1cf1-0883-471a-9a2c-c71962fbbab6',
2026-08-31 07:12:01:     isLocked: false
2026-08-31 07:12:01:   },
2026-08-31 07:12:01:   {
2026-08-31 07:12:01:     code: 'STU',
2026-08-31 07:12:01:     id: 'c2b37865-30bb-499d-964e-745be10ba4fb',
2026-08-31 07:12:01:     isLocked: false
2026-08-31 07:12:01:   },
2026-08-31 07:12:01:   {
2026-08-31 07:12:01:     code: 'QMS',
2026-08-31 07:12:01:     id: 'c0cefc58-3836-48ee-bbb3-d608ac7ed197',
2026-08-31 07:12:01:     isLocked: false
2026-08-31 07:12:01:   },
2026-08-31 07:12:01:   {
2026-08-31 07:12:01:     code: 'IT',
2026-08-31 07:12:01:     id: 'a3d5ca17-aeec-4a44-a001-cc056ef980b9',
2026-08-31 07:12:01:     isLocked: false
2026-08-31 07:12:01:   },
2026-08-31 07:12:01:   {
2026-08-31 07:12:01:     code: 'GOV',
2026-08-31 07:12:01:     id: 'dd1ce983-752b-41c5-a9cf-587e142d17f4',
2026-08-31 07:12:01:     isLocked: false
2026-08-31 07:12:01:   }
2026-08-31 07:12:01: ]
2026-08-31 07:12:03: DEBUG user: {
2026-08-31 07:12:03:   id: 'ea7ff426-d5e0-4519-9124-087548298f88',
2026-08-31 07:12:03:   role: 'DIREKTUR',
2026-08-31 07:12:03:   categoryIds: []
2026-08-31 07:12:03: }
2026-08-31 07:12:03: DEBUG accessibleIds: undefined
2026-08-31 07:12:03: DEBUG categoriesWithAccess: [
2026-08-31 07:12:03:   {
2026-08-31 07:12:03:     code: 'FIN',
2026-08-31 07:12:03:     id: 'c447f450-1b76-499e-aca4-68e1d08a9d91',
2026-08-31 07:12:03:     isLocked: false
2026-08-31 07:12:03:   },
2026-08-31 07:12:03:   {
2026-08-31 07:12:03:     code: 'OPS',
2026-08-31 07:12:03:     id: '6f771a98-b18f-4f36-a0da-24f36f79fa1d',
2026-08-31 07:12:03:     isLocked: false
2026-08-31 07:12:03:   },
2026-08-31 07:12:03:   {
2026-08-31 07:12:03:     code: 'BRD',
2026-08-31 07:12:03:     id: '30a6c794-5a4f-4685-ae9c-60b6f951966f',
2026-08-31 07:12:03:     isLocked: false
2026-08-31 07:12:03:   },
2026-08-31 07:12:03:   {
2026-08-31 07:12:03:     code: 'COM',
2026-08-31 07:12:03:     id: 'afb9cc15-0ec3-4829-ab79-5c73e208caea',
2026-08-31 07:12:03:     isLocked: false
2026-08-31 07:12:03:   },
2026-08-31 07:12:03:   {
2026-08-31 07:12:03:     code: 'HRD',
2026-08-31 07:12:03:     id: 'bb8e0b21-435b-4ee1-ab90-ff099ef71280',
2026-08-31 07:12:03:     isLocked: false
2026-08-31 07:12:03:   },
2026-08-31 07:12:03:   {
2026-08-31 07:12:03:     code: 'CUR',
2026-08-31 07:12:03:     id: 'afff1cf1-0883-471a-9a2c-c71962fbbab6',
2026-08-31 07:12:03:     isLocked: false
2026-08-31 07:12:03:   },
2026-08-31 07:12:03:   {
2026-08-31 07:12:03:     code: 'STU',
2026-08-31 07:12:03:     id: 'c2b37865-30bb-499d-964e-745be10ba4fb',
2026-08-31 07:12:03:     isLocked: false
2026-08-31 07:12:03:   },
2026-08-31 07:12:03:   {
2026-08-31 07:12:03:     code: 'QMS',
2026-08-31 07:12:03:     id: 'c0cefc58-3836-48ee-bbb3-d608ac7ed197',
2026-08-31 07:12:03:     isLocked: false
2026-08-31 07:12:03:   },
2026-08-31 07:12:03:   {
2026-08-31 07:12:03:     code: 'IT',
2026-08-31 07:12:03:     id: 'a3d5ca17-aeec-4a44-a001-cc056ef980b9',
2026-08-31 07:12:03:     isLocked: false
2026-08-31 07:12:03:   },
2026-08-31 07:12:03:   {
2026-08-31 07:12:03:     code: 'GOV',
2026-08-31 07:12:03:     id: 'dd1ce983-752b-41c5-a9cf-587e142d17f4',
2026-08-31 07:12:03:     isLocked: false
2026-08-31 07:12:03:   }
2026-08-31 07:12:03: ]
2026-09-02 07:17:58: DEBUG user: {
2026-09-02 07:17:58:   id: 'ea7ff426-d5e0-4519-9124-087548298f88',
2026-09-02 07:17:58:   role: 'DIREKTUR',
2026-09-02 07:17:58:   categoryIds: []
2026-09-02 07:17:58: }
2026-09-02 07:17:58: DEBUG accessibleIds: undefined
2026-09-02 07:17:58: DEBUG categoriesWithAccess: [
2026-09-02 07:17:58:   {
2026-09-02 07:17:58:     code: 'FIN',
2026-09-02 07:17:58:     id: 'c447f450-1b76-499e-aca4-68e1d08a9d91',
2026-09-02 07:17:58:     isLocked: false
2026-09-02 07:17:58:   },
2026-09-02 07:17:58:   {
2026-09-02 07:17:58:     code: 'OPS',
2026-09-02 07:17:58:     id: '6f771a98-b18f-4f36-a0da-24f36f79fa1d',
2026-09-02 07:17:58:     isLocked: false
2026-09-02 07:17:58:   },
2026-09-02 07:17:58:   {
2026-09-02 07:17:58:     code: 'BRD',
2026-09-02 07:17:58:     id: '30a6c794-5a4f-4685-ae9c-60b6f951966f',
2026-09-02 07:17:58:     isLocked: false
2026-09-02 07:17:58:   },
2026-09-02 07:17:58:   {
2026-09-02 07:17:58:     code: 'COM',
2026-09-02 07:17:58:     id: 'afb9cc15-0ec3-4829-ab79-5c73e208caea',
2026-09-02 07:17:58:     isLocked: false
2026-09-02 07:17:58:   },
2026-09-02 07:17:58:   {
2026-09-02 07:17:58:     code: 'HRD',
2026-09-02 07:17:58:     id: 'bb8e0b21-435b-4ee1-ab90-ff099ef71280',
2026-09-02 07:17:58:     isLocked: false
2026-09-02 07:17:58:   },
2026-09-02 07:17:58:   {
2026-09-02 07:17:58:     code: 'CUR',
2026-09-02 07:17:58:     id: 'afff1cf1-0883-471a-9a2c-c71962fbbab6',
2026-09-02 07:17:58:     isLocked: false
2026-09-02 07:17:58:   },
2026-09-02 07:17:58:   {
2026-09-02 07:17:58:     code: 'STU',
2026-09-02 07:17:58:     id: 'c2b37865-30bb-499d-964e-745be10ba4fb',
2026-09-02 07:17:58:     isLocked: false
2026-09-02 07:17:58:   },
2026-09-02 07:17:58:   {
2026-09-02 07:17:58:     code: 'QMS',
2026-09-02 07:17:58:     id: 'c0cefc58-3836-48ee-bbb3-d608ac7ed197',
2026-09-02 07:17:58:     isLocked: false
2026-09-02 07:17:58:   },
2026-09-02 07:17:58:   {
2026-09-02 07:17:58:     code: 'IT',
2026-09-02 07:17:58:     id: 'a3d5ca17-aeec-4a44-a001-cc056ef980b9',
2026-09-02 07:17:58:     isLocked: false
2026-09-02 07:17:58:   },
2026-09-02 07:17:58:   {
2026-09-02 07:17:58:     code: 'GOV',
2026-09-02 07:17:58:     id: 'dd1ce983-752b-41c5-a9cf-587e142d17f4',
2026-09-02 07:17:58:     isLocked: false
2026-09-02 07:17:58:   }
2026-09-02 07:17:58: ]
2026-09-09 04:10:03: 
2026-09-09 04:10:03: > ares@0.1.0 start
2026-09-09 04:10:03: > next start
2026-09-09 04:10:03: 
2026-09-09 04:10:05: ▲ Next.js 16.2.10
2026-09-09 04:10:05: - Local:         http://localhost:3000
2026-09-09 04:10:05: - Network:       http://10.255.255.25:3000
2026-09-09 04:10:05: ✓ Ready in 1299ms
2026-09-09 04:20:04: 
2026-09-09 04:20:04: > ares@0.1.0 start
2026-09-09 04:20:04: > next start
2026-09-09 04:20:04: 
2026-09-09 04:20:04: ▲ Next.js 16.2.10
2026-09-09 04:20:04: - Local:         http://localhost:3000
2026-09-09 04:20:04: - Network:       http://10.255.255.25:3000
2026-09-09 04:20:04: ✓ Ready in 176ms
2026-09-09 04:30:22: 
2026-09-09 04:30:22: > ares@0.1.0 start
2026-09-09 04:30:22: > next start
2026-09-09 04:30:22: 
2026-09-09 04:30:22: ▲ Next.js 16.2.10
2026-09-09 04:30:22: - Local:         http://localhost:3000
2026-09-09 04:30:22: - Network:       http://10.255.255.25:3000
2026-09-09 04:30:22: ✓ Ready in 169ms
2026-09-09 04:30:23: 
2026-09-09 04:30:23: > ares@0.1.0 start
2026-09-09 04:30:23: > next start
2026-09-09 04:30:23: 
2026-09-09 04:30:23: ▲ Next.js 16.2.10
2026-09-09 04:30:23: - Local:         http://localhost:3000
2026-09-09 04:30:23: - Network:       http://10.255.255.25:3000
2026-09-09 04:30:23: ✓ Ready in 114ms
2026-09-09 04:30:23: 
2026-09-09 04:30:23: > ares@0.1.0 start
2026-09-09 04:30:23: > next start
2026-09-09 04:30:23: 
2026-09-09 04:30:23: ▲ Next.js 16.2.10
2026-09-09 04:30:23: - Local:         http://localhost:3000
2026-09-09 04:30:23: - Network:       http://10.255.255.25:3000
2026-09-09 04:30:23: ✓ Ready in 114ms
2026-09-09 04:30:23: 
2026-09-09 04:30:23: > ares@0.1.0 start
2026-09-09 04:30:23: > next start
2026-09-09 04:30:23: 
2026-09-09 04:30:24: ▲ Next.js 16.2.10
2026-09-09 04:30:24: - Local:         http://localhost:3000
2026-09-09 04:30:24: - Network:       http://10.255.255.25:3000
2026-09-09 04:30:24: ✓ Ready in 114ms
2026-09-09 04:30:24: 
2026-09-09 04:30:24: > ares@0.1.0 start
2026-09-09 04:30:24: > next start
2026-09-09 04:30:24: 
2026-09-09 04:30:24: ▲ Next.js 16.2.10
2026-09-09 04:30:24: - Local:         http://localhost:3000
2026-09-09 04:30:24: - Network:       http://10.255.255.25:3000
2026-09-09 04:30:24: ✓ Ready in 113ms
2026-09-09 04:30:24: 
2026-09-09 04:30:24: > ares@0.1.0 start
2026-09-09 04:30:24: > next start
2026-09-09 04:30:24: 
2026-09-09 04:30:24: ▲ Next.js 16.2.10
2026-09-09 04:30:24: - Local:         http://localhost:3000
2026-09-09 04:30:24: - Network:       http://10.255.255.25:3000
2026-09-09 04:30:24: ✓ Ready in 112ms
2026-09-09 04:30:25: 
2026-09-09 04:30:25: > ares@0.1.0 start
2026-09-09 04:30:25: > next start
2026-09-09 04:30:25: 
2026-09-09 04:30:25: ▲ Next.js 16.2.10
2026-09-09 04:30:25: - Local:         http://localhost:3000
2026-09-09 04:30:25: - Network:       http://10.255.255.25:3000
2026-09-09 04:30:25: ✓ Ready in 113ms
2026-09-09 04:30:25: 
2026-09-09 04:30:25: > ares@0.1.0 start
2026-09-09 04:30:25: > next start
2026-09-09 04:30:25: 
2026-09-09 04:30:25: ▲ Next.js 16.2.10
2026-09-09 04:30:25: - Local:         http://localhost:3000
2026-09-09 04:30:25: - Network:       http://10.255.255.25:3000
2026-09-09 04:30:25: ✓ Ready in 119ms
2026-09-09 04:30:25: 
2026-09-09 04:30:25: > ares@0.1.0 start
2026-09-09 04:30:25: > next start
2026-09-09 04:30:25: 
2026-09-09 04:30:26: ▲ Next.js 16.2.10
2026-09-09 04:30:26: - Local:         http://localhost:3000
2026-09-09 04:30:26: - Network:       http://10.255.255.25:3000
2026-09-09 04:30:26: ✓ Ready in 116ms
2026-09-09 04:30:26: 
2026-09-09 04:30:26: > ares@0.1.0 start
2026-09-09 04:30:26: > next start
2026-09-09 04:30:26: 
2026-09-09 04:30:26: ▲ Next.js 16.2.10
2026-09-09 04:30:26: - Local:         http://localhost:3000
2026-09-09 04:30:26: - Network:       http://10.255.255.25:3000
2026-09-09 04:30:26: ✓ Ready in 114ms
2026-09-09 04:30:26: 
2026-09-09 04:30:26: > ares@0.1.0 start
2026-09-09 04:30:26: > next start
2026-09-09 04:30:26: 
2026-09-09 04:30:26: ▲ Next.js 16.2.10
2026-09-09 04:30:26: - Local:         http://localhost:3000
2026-09-09 04:30:26: - Network:       http://10.255.255.25:3000
2026-09-09 04:30:26: ✓ Ready in 111ms
2026-09-09 04:30:27: 
2026-09-09 04:30:27: > ares@0.1.0 start
2026-09-09 04:30:27: > next start
2026-09-09 04:30:27: 
2026-09-09 04:30:27: ▲ Next.js 16.2.10
2026-09-09 04:30:27: - Local:         http://localhost:3000
2026-09-09 04:30:27: - Network:       http://10.255.255.25:3000
2026-09-09 04:30:27: ✓ Ready in 113ms
2026-09-09 04:30:27: 
2026-09-09 04:30:27: > ares@0.1.0 start
2026-09-09 04:30:27: > next start
2026-09-09 04:30:27: 
2026-09-09 04:30:27: ▲ Next.js 16.2.10
2026-09-09 04:30:27: - Local:         http://localhost:3000
2026-09-09 04:30:27: - Network:       http://10.255.255.25:3000
2026-09-09 04:30:27: ✓ Ready in 112ms
2026-09-09 04:30:27: 
2026-09-09 04:30:27: > ares@0.1.0 start
2026-09-09 04:30:27: > next start
2026-09-09 04:30:27: 
2026-09-09 04:30:27: ▲ Next.js 16.2.10
2026-09-09 04:30:27: - Local:         http://localhost:3000
2026-09-09 04:30:27: - Network:       http://10.255.255.25:3000
2026-09-09 04:30:27: ✓ Ready in 112ms
2026-09-09 04:30:28: 
2026-09-09 04:30:28: > ares@0.1.0 start
2026-09-09 04:30:28: > next start
2026-09-09 04:30:28: 
2026-09-09 04:30:28: ▲ Next.js 16.2.10
2026-09-09 04:30:28: - Local:         http://localhost:3000
2026-09-09 04:30:28: - Network:       http://10.255.255.25:3000
2026-09-09 04:30:28: ✓ Ready in 112ms
2026-09-09 04:30:28: 
2026-09-09 04:30:28: > ares@0.1.0 start
2026-09-09 04:30:28: > next start
2026-09-09 04:30:28: 
2026-09-09 04:30:28: ▲ Next.js 16.2.10
2026-09-09 04:30:28: - Local:         http://localhost:3000
2026-09-09 04:30:28: - Network:       http://10.255.255.25:3000
2026-09-09 04:30:28: ✓ Ready in 123ms
2026-09-09 04:33:45: 
2026-09-09 04:33:45: > ares@0.1.0 start
2026-09-09 04:33:45: > next start
2026-09-09 04:33:45: 
2026-09-09 04:33:45: ▲ Next.js 16.2.10
2026-09-09 04:33:45: - Local:         http://localhost:3000
2026-09-09 04:33:45: - Network:       http://10.255.255.25:3000
2026-09-09 04:33:45: ✓ Ready in 111ms
2026-09-10 04:49:36: 
2026-09-10 04:49:36: > ares@0.1.0 start
2026-09-10 04:49:36: > next start
2026-09-10 04:49:36: 
2026-09-10 04:49:37: ▲ Next.js 16.2.10
2026-09-10 04:49:37: - Local:         http://localhost:3000
2026-09-10 04:49:37: - Network:       http://10.255.255.25:3000
2026-09-10 04:49:37: ✓ Ready in 382ms
2026-09-10 08:26:38: 
2026-09-10 08:26:38: > ares@0.1.0 start
2026-09-10 08:26:38: > next start
2026-09-10 08:26:38: 
2026-09-10 08:26:38: ▲ Next.js 16.2.10
2026-09-10 08:26:38: - Local:         http://localhost:3000
2026-09-10 08:26:38: - Network:       http://10.255.255.25:3000
2026-09-10 08:26:38: ✓ Ready in 277ms
2026-09-14 03:26:29: 
2026-09-14 03:26:29: > ares@0.1.0 start
2026-09-14 03:26:29: > next start
2026-09-14 03:26:29: 
2026-09-14 03:26:29: ▲ Next.js 16.2.10
2026-09-14 03:26:29: - Local:         http://localhost:3000
2026-09-14 03:26:29: - Network:       http://10.255.255.25:3000
2026-09-14 03:26:29: ✓ Ready in 110ms
2026-09-14 03:26:30: 
2026-09-14 03:26:30: > ares@0.1.0 start
2026-09-14 03:26:30: > next start
2026-09-14 03:26:30: 
2026-09-14 03:26:30: ▲ Next.js 16.2.10
2026-09-14 03:26:30: - Local:         http://localhost:3000
2026-09-14 03:26:30: - Network:       http://10.255.255.25:3000
2026-09-14 03:26:30: ✓ Ready in 110ms
2026-09-14 03:26:30: 
2026-09-14 03:26:30: > ares@0.1.0 start
2026-09-14 03:26:30: > next start
2026-09-14 03:26:30: 
2026-09-14 03:26:30: ▲ Next.js 16.2.10
2026-09-14 03:26:30: - Local:         http://localhost:3000
2026-09-14 03:26:30: - Network:       http://10.255.255.25:3000
2026-09-14 03:26:30: ✓ Ready in 110ms
2026-09-14 03:26:30: 
2026-09-14 03:26:30: > ares@0.1.0 start
2026-09-14 03:26:30: > next start
2026-09-14 03:26:30: 
2026-09-14 03:26:30: ▲ Next.js 16.2.10
2026-09-14 03:26:30: - Local:         http://localhost:3000
2026-09-14 03:26:30: - Network:       http://10.255.255.25:3000
2026-09-14 03:26:30: ✓ Ready in 110ms
2026-09-14 03:26:31: 
2026-09-14 03:26:31: > ares@0.1.0 start
2026-09-14 03:26:31: > next start
2026-09-14 03:26:31: 
2026-09-14 03:26:31: ▲ Next.js 16.2.10
2026-09-14 03:26:31: - Local:         http://localhost:3000
2026-09-14 03:26:31: - Network:       http://10.255.255.25:3000
2026-09-14 03:26:31: ✓ Ready in 109ms
2026-09-14 03:26:31: 
2026-09-14 03:26:31: > ares@0.1.0 start
2026-09-14 03:26:31: > next start
2026-09-14 03:26:31: 
2026-09-14 03:26:31: ▲ Next.js 16.2.10
2026-09-14 03:26:31: - Local:         http://localhost:3000
2026-09-14 03:26:31: - Network:       http://10.255.255.25:3000
2026-09-14 03:26:31: ✓ Ready in 112ms
2026-09-14 03:26:31: 
2026-09-14 03:26:31: > ares@0.1.0 start
2026-09-14 03:26:31: > next start
2026-09-14 03:26:31: 
2026-09-14 03:26:32: ▲ Next.js 16.2.10
2026-09-14 03:26:32: - Local:         http://localhost:3000
2026-09-14 03:26:32: - Network:       http://10.255.255.25:3000
2026-09-14 03:26:32: ✓ Ready in 110ms
2026-09-14 03:26:32: 
2026-09-14 03:26:32: > ares@0.1.0 start
2026-09-14 03:26:32: > next start
2026-09-14 03:26:32: 
2026-09-14 03:26:32: ▲ Next.js 16.2.10
2026-09-14 03:26:32: - Local:         http://localhost:3000
2026-09-14 03:26:32: - Network:       http://10.255.255.25:3000
2026-09-14 03:26:32: ✓ Ready in 111ms
2026-09-14 03:26:32: 
2026-09-14 03:26:32: > ares@0.1.0 start
2026-09-14 03:26:32: > next start
2026-09-14 03:26:32: 
2026-09-14 03:26:32: ▲ Next.js 16.2.10
2026-09-14 03:26:32: - Local:         http://localhost:3000
2026-09-14 03:26:32: - Network:       http://10.255.255.25:3000
2026-09-14 03:26:32: ✓ Ready in 109ms
2026-09-14 03:26:32: 
2026-09-14 03:26:32: > ares@0.1.0 start
2026-09-14 03:26:32: > next start
2026-09-14 03:26:32: 
2026-09-14 03:26:33: ▲ Next.js 16.2.10
2026-09-14 03:26:33: - Local:         http://localhost:3000
2026-09-14 03:26:33: - Network:       http://10.255.255.25:3000
2026-09-14 03:26:33: ✓ Ready in 109ms
2026-09-14 03:26:33: 
2026-09-14 03:26:33: > ares@0.1.0 start
2026-09-14 03:26:33: > next start
2026-09-14 03:26:33: 
2026-09-14 03:26:33: ▲ Next.js 16.2.10
2026-09-14 03:26:33: - Local:         http://localhost:3000
2026-09-14 03:26:33: - Network:       http://10.255.255.25:3000
2026-09-14 03:26:33: ✓ Ready in 110ms
2026-09-14 03:26:33: 
2026-09-14 03:26:33: > ares@0.1.0 start
2026-09-14 03:26:33: > next start
2026-09-14 03:26:33: 
2026-09-14 03:26:33: ▲ Next.js 16.2.10
2026-09-14 03:26:33: - Local:         http://localhost:3000
2026-09-14 03:26:33: - Network:       http://10.255.255.25:3000
2026-09-14 03:26:33: ✓ Ready in 110ms
2026-09-14 03:26:34: 
2026-09-14 03:26:34: > ares@0.1.0 start
2026-09-14 03:26:34: > next start
2026-09-14 03:26:34: 
2026-09-14 03:26:34: ▲ Next.js 16.2.10
2026-09-14 03:26:34: - Local:         http://localhost:3000
2026-09-14 03:26:34: - Network:       http://10.255.255.25:3000
2026-09-14 03:26:34: ✓ Ready in 111ms
2026-09-14 03:26:34: 
2026-09-14 03:26:34: > ares@0.1.0 start
2026-09-14 03:26:34: > next start
2026-09-14 03:26:34: 
2026-09-14 03:26:34: ▲ Next.js 16.2.10
2026-09-14 03:26:34: - Local:         http://localhost:3000
2026-09-14 03:26:34: - Network:       http://10.255.255.25:3000
2026-09-14 03:26:34: ✓ Ready in 112ms
2026-09-14 03:26:34: 
2026-09-14 03:26:34: > ares@0.1.0 start
2026-09-14 03:26:34: > next start
2026-09-14 03:26:34: 
2026-09-14 03:26:34: ▲ Next.js 16.2.10
2026-09-14 03:26:34: - Local:         http://localhost:3000
2026-09-14 03:26:34: - Network:       http://10.255.255.25:3000
2026-09-14 03:26:34: ✓ Ready in 110ms
2026-09-14 03:26:35: 
2026-09-14 03:26:35: > ares@0.1.0 start
2026-09-14 03:26:35: > next start
2026-09-14 03:26:35: 
2026-09-14 03:26:35: ▲ Next.js 16.2.10
2026-09-14 03:26:35: - Local:         http://localhost:3000
2026-09-14 03:26:35: - Network:       http://10.255.255.25:3000
2026-09-14 03:26:35: ✓ Ready in 109ms
2026-09-14 03:29:17: 
2026-09-14 03:29:17: > ares@0.1.0 start
2026-09-14 03:29:17: > next start
2026-09-14 03:29:17: 
2026-09-14 03:29:18: ▲ Next.js 16.2.10
2026-09-14 03:29:18: - Local:         http://localhost:3000
2026-09-14 03:29:18: - Network:       http://10.255.255.25:3000
2026-09-14 03:29:18: ✓ Ready in 111ms
2026-09-14 03:30:34: 
2026-09-14 03:30:34: > ares@0.1.0 start
2026-09-14 03:30:34: > next start
2026-09-14 03:30:34: 
2026-09-14 03:30:34: ▲ Next.js 16.2.10
2026-09-14 03:30:34: - Local:         http://localhost:3000
2026-09-14 03:30:34: - Network:       http://10.255.255.25:3000
2026-09-14 03:30:34: ✓ Ready in 111ms
2026-09-14 03:55:20: 
2026-09-14 03:55:20: > ares@0.1.0 start
2026-09-14 03:55:20: > next start
2026-09-14 03:55:20: 
2026-09-14 03:55:21: ▲ Next.js 16.2.10
2026-09-14 03:55:21: - Local:         http://localhost:3000
2026-09-14 03:55:21: - Network:       http://10.255.255.25:3000
2026-09-14 03:55:21: ✓ Ready in 110ms
2026-09-14 04:01:21: 
2026-09-14 04:01:21: > ares@0.1.0 start
2026-09-14 04:01:21: > next start
2026-09-14 04:01:21: 
2026-09-14 04:01:21: ▲ Next.js 16.2.10
2026-09-14 04:01:21: - Local:         http://localhost:3000
2026-09-14 04:01:21: - Network:       http://10.255.255.25:3000
2026-09-14 04:01:21: ✓ Ready in 111ms
2026-09-14 04:21:31: 
2026-09-14 04:21:31: > ares@0.1.0 start
2026-09-14 04:21:31: > next start
2026-09-14 04:21:31: 
2026-09-14 04:21:32: ▲ Next.js 16.2.10
2026-09-14 04:21:32: - Local:         http://localhost:3000
2026-09-14 04:21:32: - Network:       http://10.255.255.25:3000
2026-09-14 04:21:32: ✓ Ready in 169ms
2026-09-14 04:22:02: 
2026-09-14 04:22:02: > ares@0.1.0 start
2026-09-14 04:22:02: > next start
2026-09-14 04:22:02: 
2026-09-14 04:22:02: ▲ Next.js 16.2.10
2026-09-14 04:22:02: - Local:         http://localhost:3000
2026-09-14 04:22:02: - Network:       http://10.255.255.25:3000
2026-09-14 04:22:02: ✓ Ready in 114ms
2026-09-14 04:22:58: 
2026-09-14 04:22:58: > ares@0.1.0 start
2026-09-14 04:22:58: > next start
2026-09-14 04:22:58: 
2026-09-14 04:22:59: ▲ Next.js 16.2.10
2026-09-14 04:22:59: - Local:         http://localhost:3000
2026-09-14 04:22:59: - Network:       http://10.255.255.25:3000
2026-09-14 04:22:59: ✓ Ready in 136ms
2026-09-14 04:47:11: DEBUG user: {
2026-09-14 04:47:11:   id: 'ea7ff426-d5e0-4519-9124-087548298f88',
2026-09-14 04:47:11:   role: 'DIREKTUR',
2026-09-14 04:47:11:   categoryIds: []
2026-09-14 04:47:11: }
2026-09-14 04:47:11: DEBUG accessibleIds: undefined
2026-09-14 04:47:11: DEBUG categoriesWithAccess: [
2026-09-14 04:47:11:   {
2026-09-14 04:47:11:     code: 'FIN',
2026-09-14 04:47:11:     id: 'c447f450-1b76-499e-aca4-68e1d08a9d91',
2026-09-14 04:47:11:     isLocked: false
2026-09-14 04:47:11:   },
2026-09-14 04:47:11:   {
2026-09-14 04:47:11:     code: 'OPS',
2026-09-14 04:47:11:     id: '6f771a98-b18f-4f36-a0da-24f36f79fa1d',
2026-09-14 04:47:11:     isLocked: false
2026-09-14 04:47:11:   },
2026-09-14 04:47:11:   {
2026-09-14 04:47:11:     code: 'BRD',
2026-09-14 04:47:11:     id: '30a6c794-5a4f-4685-ae9c-60b6f951966f',
2026-09-14 04:47:11:     isLocked: false
2026-09-14 04:47:11:   },
2026-09-14 04:47:11:   {
2026-09-14 04:47:11:     code: 'COM',
2026-09-14 04:47:11:     id: 'afb9cc15-0ec3-4829-ab79-5c73e208caea',
2026-09-14 04:47:11:     isLocked: false
2026-09-14 04:47:11:   },
2026-09-14 04:47:11:   {
2026-09-14 04:47:11:     code: 'HRD',
2026-09-14 04:47:11:     id: 'bb8e0b21-435b-4ee1-ab90-ff099ef71280',
2026-09-14 04:47:11:     isLocked: false
2026-09-14 04:47:11:   },
2026-09-14 04:47:11:   {
2026-09-14 04:47:11:     code: 'CUR',
2026-09-14 04:47:11:     id: 'afff1cf1-0883-471a-9a2c-c71962fbbab6',
2026-09-14 04:47:11:     isLocked: false
2026-09-14 04:47:11:   },
2026-09-14 04:47:11:   {
2026-09-14 04:47:11:     code: 'STU',
2026-09-14 04:47:11:     id: 'c2b37865-30bb-499d-964e-745be10ba4fb',
2026-09-14 04:47:11:     isLocked: false
2026-09-14 04:47:11:   },
2026-09-14 04:47:11:   {
2026-09-14 04:47:11:     code: 'QMS',
2026-09-14 04:47:11:     id: 'c0cefc58-3836-48ee-bbb3-d608ac7ed197',
2026-09-14 04:47:11:     isLocked: false
2026-09-14 04:47:11:   },
2026-09-14 04:47:11:   {
2026-09-14 04:47:11:     code: 'IT',
2026-09-14 04:47:11:     id: 'a3d5ca17-aeec-4a44-a001-cc056ef980b9',
2026-09-14 04:47:11:     isLocked: false
2026-09-14 04:47:11:   },
2026-09-14 04:47:11:   {
2026-09-14 04:47:11:     code: 'GOV',
2026-09-14 04:47:11:     id: 'dd1ce983-752b-41c5-a9cf-587e142d17f4',
2026-09-14 04:47:11:     isLocked: false
2026-09-14 04:47:11:   }
2026-09-14 04:47:11: ]
2026-09-14 04:47:24: DEBUG user: {
2026-09-14 04:47:24:   id: 'ea7ff426-d5e0-4519-9124-087548298f88',
2026-09-14 04:47:24:   role: 'DIREKTUR',
2026-09-14 04:47:24:   categoryIds: []
2026-09-14 04:47:24: }
2026-09-14 04:47:24: DEBUG accessibleIds: undefined
2026-09-14 04:47:24: DEBUG categoriesWithAccess: [
2026-09-14 04:47:24:   {
2026-09-14 04:47:24:     code: 'FIN',
2026-09-14 04:47:24:     id: 'c447f450-1b76-499e-aca4-68e1d08a9d91',
2026-09-14 04:47:24:     isLocked: false
2026-09-14 04:47:24:   },
2026-09-14 04:47:24:   {
2026-09-14 04:47:24:     code: 'OPS',
2026-09-14 04:47:24:     id: '6f771a98-b18f-4f36-a0da-24f36f79fa1d',
2026-09-14 04:47:24:     isLocked: false
2026-09-14 04:47:24:   },
2026-09-14 04:47:24:   {
2026-09-14 04:47:24:     code: 'BRD',
2026-09-14 04:47:24:     id: '30a6c794-5a4f-4685-ae9c-60b6f951966f',
2026-09-14 04:47:24:     isLocked: false
2026-09-14 04:47:24:   },
2026-09-14 04:47:24:   {
2026-09-14 04:47:24:     code: 'COM',
2026-09-14 04:47:24:     id: 'afb9cc15-0ec3-4829-ab79-5c73e208caea',
2026-09-14 04:47:24:     isLocked: false
2026-09-14 04:47:24:   },
2026-09-14 04:47:24:   {
2026-09-14 04:47:24:     code: 'HRD',
2026-09-14 04:47:24:     id: 'bb8e0b21-435b-4ee1-ab90-ff099ef71280',
2026-09-14 04:47:24:     isLocked: false
2026-09-14 04:47:24:   },
2026-09-14 04:47:24:   {
2026-09-14 04:47:24:     code: 'CUR',
2026-09-14 04:47:24:     id: 'afff1cf1-0883-471a-9a2c-c71962fbbab6',
2026-09-14 04:47:24:     isLocked: false
2026-09-14 04:47:24:   },
2026-09-14 04:47:24:   {
2026-09-14 04:47:24:     code: 'STU',
2026-09-14 04:47:24:     id: 'c2b37865-30bb-499d-964e-745be10ba4fb',
2026-09-14 04:47:24:     isLocked: false
2026-09-14 04:47:24:   },
2026-09-14 04:47:24:   {
2026-09-14 04:47:24:     code: 'QMS',
2026-09-14 04:47:24:     id: 'c0cefc58-3836-48ee-bbb3-d608ac7ed197',
2026-09-14 04:47:24:     isLocked: false
2026-09-14 04:47:24:   },
2026-09-14 04:47:24:   {
2026-09-14 04:47:24:     code: 'IT',
2026-09-14 04:47:24:     id: 'a3d5ca17-aeec-4a44-a001-cc056ef980b9',
2026-09-14 04:47:24:     isLocked: false
2026-09-14 04:47:24:   },
2026-09-14 04:47:24:   {
2026-09-14 04:47:24:     code: 'GOV',
2026-09-14 04:47:24:     id: 'dd1ce983-752b-41c5-a9cf-587e142d17f4',
2026-09-14 04:47:24:     isLocked: false
2026-09-14 04:47:24:   }
2026-09-14 04:47:24: ]
2026-09-14 04:48:14: DEBUG user: {
2026-09-14 04:48:14:   id: 'ea7ff426-d5e0-4519-9124-087548298f88',
2026-09-14 04:48:14:   role: 'DIREKTUR',
2026-09-14 04:48:14:   categoryIds: []
2026-09-14 04:48:14: }
2026-09-14 04:48:14: DEBUG accessibleIds: undefined
2026-09-14 04:48:14: DEBUG categoriesWithAccess: [
2026-09-14 04:48:14:   {
2026-09-14 04:48:14:     code: 'FIN',
2026-09-14 04:48:14:     id: 'c447f450-1b76-499e-aca4-68e1d08a9d91',
2026-09-14 04:48:14:     isLocked: false
2026-09-14 04:48:14:   },
2026-09-14 04:48:14:   {
2026-09-14 04:48:14:     code: 'OPS',
2026-09-14 04:48:14:     id: '6f771a98-b18f-4f36-a0da-24f36f79fa1d',
2026-09-14 04:48:14:     isLocked: false
2026-09-14 04:48:14:   },
2026-09-14 04:48:14:   {
2026-09-14 04:48:14:     code: 'BRD',
2026-09-14 04:48:14:     id: '30a6c794-5a4f-4685-ae9c-60b6f951966f',
2026-09-14 04:48:14:     isLocked: false
2026-09-14 04:48:14:   },
2026-09-14 04:48:14:   {
2026-09-14 04:48:14:     code: 'COM',
2026-09-14 04:48:14:     id: 'afb9cc15-0ec3-4829-ab79-5c73e208caea',
2026-09-14 04:48:14:     isLocked: false
2026-09-14 04:48:14:   },
2026-09-14 04:48:14:   {
2026-09-14 04:48:14:     code: 'HRD',
2026-09-14 04:48:14:     id: 'bb8e0b21-435b-4ee1-ab90-ff099ef71280',
2026-09-14 04:48:14:     isLocked: false
2026-09-14 04:48:14:   },
2026-09-14 04:48:14:   {
2026-09-14 04:48:14:     code: 'CUR',
2026-09-14 04:48:14:     id: 'afff1cf1-0883-471a-9a2c-c71962fbbab6',
2026-09-14 04:48:14:     isLocked: false
2026-09-14 04:48:14:   },
2026-09-14 04:48:14:   {
2026-09-14 04:48:14:     code: 'STU',
2026-09-14 04:48:14:     id: 'c2b37865-30bb-499d-964e-745be10ba4fb',
2026-09-14 04:48:14:     isLocked: false
2026-09-14 04:48:14:   },
2026-09-14 04:48:14:   {
2026-09-14 04:48:14:     code: 'QMS',
2026-09-14 04:48:14:     id: 'c0cefc58-3836-48ee-bbb3-d608ac7ed197',
2026-09-14 04:48:14:     isLocked: false
2026-09-14 04:48:14:   },
2026-09-14 04:48:14:   {
2026-09-14 04:48:14:     code: 'IT',
2026-09-14 04:48:14:     id: 'a3d5ca17-aeec-4a44-a001-cc056ef980b9',
2026-09-14 04:48:14:     isLocked: false
2026-09-14 04:48:14:   },
2026-09-14 04:48:14:   {
2026-09-14 04:48:14:     code: 'GOV',
2026-09-14 04:48:14:     id: 'dd1ce983-752b-41c5-a9cf-587e142d17f4',
2026-09-14 04:48:14:     isLocked: false
2026-09-14 04:48:14:   }
2026-09-14 04:48:14: ]
2026-09-14 04:53:13: DEBUG user: {
2026-09-14 04:53:13:   id: 'ea7ff426-d5e0-4519-9124-087548298f88',
2026-09-14 04:53:13:   role: 'DIREKTUR',
2026-09-14 04:53:13:   categoryIds: []
2026-09-14 04:53:13: }
2026-09-14 04:53:13: DEBUG accessibleIds: undefined
2026-09-14 04:53:13: DEBUG categoriesWithAccess: [
2026-09-14 04:53:13:   {
2026-09-14 04:53:13:     code: 'FIN',
2026-09-14 04:53:13:     id: 'c447f450-1b76-499e-aca4-68e1d08a9d91',
2026-09-14 04:53:13:     isLocked: false
2026-09-14 04:53:13:   },
2026-09-14 04:53:13:   {
2026-09-14 04:53:13:     code: 'OPS',
2026-09-14 04:53:13:     id: '6f771a98-b18f-4f36-a0da-24f36f79fa1d',
2026-09-14 04:53:13:     isLocked: false
2026-09-14 04:53:13:   },
2026-09-14 04:53:13:   {
2026-09-14 04:53:13:     code: 'BRD',
2026-09-14 04:53:13:     id: '30a6c794-5a4f-4685-ae9c-60b6f951966f',
2026-09-14 04:53:13:     isLocked: false
2026-09-14 04:53:13:   },
2026-09-14 04:53:13:   {
2026-09-14 04:53:13:     code: 'COM',
2026-09-14 04:53:13:     id: 'afb9cc15-0ec3-4829-ab79-5c73e208caea',
2026-09-14 04:53:13:     isLocked: false
2026-09-14 04:53:13:   },
2026-09-14 04:53:13:   {
2026-09-14 04:53:13:     code: 'HRD',
2026-09-14 04:53:13:     id: 'bb8e0b21-435b-4ee1-ab90-ff099ef71280',
2026-09-14 04:53:13:     isLocked: false
2026-09-14 04:53:13:   },
2026-09-14 04:53:13:   {
2026-09-14 04:53:13:     code: 'CUR',
2026-09-14 04:53:13:     id: 'afff1cf1-0883-471a-9a2c-c71962fbbab6',
2026-09-14 04:53:13:     isLocked: false
2026-09-14 04:53:13:   },
2026-09-14 04:53:13:   {
2026-09-14 04:53:13:     code: 'STU',
2026-09-14 04:53:13:     id: 'c2b37865-30bb-499d-964e-745be10ba4fb',
2026-09-14 04:53:13:     isLocked: false
2026-09-14 04:53:13:   },
2026-09-14 04:53:13:   {
2026-09-14 04:53:13:     code: 'QMS',
2026-09-14 04:53:13:     id: 'c0cefc58-3836-48ee-bbb3-d608ac7ed197',
2026-09-14 04:53:13:     isLocked: false
2026-09-14 04:53:13:   },
2026-09-14 04:53:13:   {
2026-09-14 04:53:13:     code: 'IT',
2026-09-14 04:53:13:     id: 'a3d5ca17-aeec-4a44-a001-cc056ef980b9',
2026-09-14 04:53:13:     isLocked: false
2026-09-14 04:53:13:   },
2026-09-14 04:53:13:   {
2026-09-14 04:53:13:     code: 'GOV',
2026-09-14 04:53:13:     id: 'dd1ce983-752b-41c5-a9cf-587e142d17f4',
2026-09-14 04:53:13:     isLocked: false
2026-09-14 04:53:13:   }
2026-09-14 04:53:13: ]
2026-09-14 05:03:47: DEBUG user: {
2026-09-14 05:03:47:   id: 'ea7ff426-d5e0-4519-9124-087548298f88',
2026-09-14 05:03:47:   role: 'DIREKTUR',
2026-09-14 05:03:47:   categoryIds: []
2026-09-14 05:03:47: }
2026-09-14 05:03:47: DEBUG accessibleIds: undefined
2026-09-14 05:03:47: DEBUG categoriesWithAccess: [
2026-09-14 05:03:47:   {
2026-09-14 05:03:47:     code: 'FIN',
2026-09-14 05:03:47:     id: 'c447f450-1b76-499e-aca4-68e1d08a9d91',
2026-09-14 05:03:47:     isLocked: false
2026-09-14 05:03:47:   },
2026-09-14 05:03:47:   {
2026-09-14 05:03:47:     code: 'OPS',
2026-09-14 05:03:47:     id: '6f771a98-b18f-4f36-a0da-24f36f79fa1d',
2026-09-14 05:03:47:     isLocked: false
2026-09-14 05:03:47:   },
2026-09-14 05:03:47:   {
2026-09-14 05:03:47:     code: 'BRD',
2026-09-14 05:03:47:     id: '30a6c794-5a4f-4685-ae9c-60b6f951966f',
2026-09-14 05:03:47:     isLocked: false
2026-09-14 05:03:47:   },
2026-09-14 05:03:47:   {
2026-09-14 05:03:47:     code: 'COM',
2026-09-14 05:03:47:     id: 'afb9cc15-0ec3-4829-ab79-5c73e208caea',
2026-09-14 05:03:47:     isLocked: false
2026-09-14 05:03:47:   },
2026-09-14 05:03:47:   {
2026-09-14 05:03:47:     code: 'HRD',
2026-09-14 05:03:47:     id: 'bb8e0b21-435b-4ee1-ab90-ff099ef71280',
2026-09-14 05:03:47:     isLocked: false
2026-09-14 05:03:47:   },
2026-09-14 05:03:47:   {
2026-09-14 05:03:47:     code: 'CUR',
2026-09-14 05:03:47:     id: 'afff1cf1-0883-471a-9a2c-c71962fbbab6',
2026-09-14 05:03:47:     isLocked: false
2026-09-14 05:03:47:   },
2026-09-14 05:03:47:   {
2026-09-14 05:03:47:     code: 'STU',
2026-09-14 05:03:47:     id: 'c2b37865-30bb-499d-964e-745be10ba4fb',
2026-09-14 05:03:47:     isLocked: false
2026-09-14 05:03:47:   },
2026-09-14 05:03:47:   {
2026-09-14 05:03:47:     code: 'QMS',
2026-09-14 05:03:47:     id: 'c0cefc58-3836-48ee-bbb3-d608ac7ed197',
2026-09-14 05:03:47:     isLocked: false
2026-09-14 05:03:47:   },
2026-09-14 05:03:47:   {
2026-09-14 05:03:47:     code: 'IT',
2026-09-14 05:03:47:     id: 'a3d5ca17-aeec-4a44-a001-cc056ef980b9',
2026-09-14 05:03:47:     isLocked: false
2026-09-14 05:03:47:   },
2026-09-14 05:03:47:   {
2026-09-14 05:03:47:     code: 'GOV',
2026-09-14 05:03:47:     id: 'dd1ce983-752b-41c5-a9cf-587e142d17f4',
2026-09-14 05:03:47:     isLocked: false
2026-09-14 05:03:47:   }
2026-09-14 05:03:47: ]
2026-09-18 14:04:15: DEBUG user: {
2026-09-18 14:04:15:   id: 'ea7ff426-d5e0-4519-9124-087548298f88',
2026-09-18 14:04:15:   role: 'DIREKTUR',
2026-09-18 14:04:15:   categoryIds: []
2026-09-18 14:04:15: }
2026-09-18 14:04:15: DEBUG accessibleIds: undefined
2026-09-18 14:04:15: DEBUG categoriesWithAccess: [
2026-09-18 14:04:15:   {
2026-09-18 14:04:15:     code: 'FIN',
2026-09-18 14:04:15:     id: 'c447f450-1b76-499e-aca4-68e1d08a9d91',
2026-09-18 14:04:15:     isLocked: false
2026-09-18 14:04:15:   },
2026-09-18 14:04:15:   {
2026-09-18 14:04:15:     code: 'OPS',
2026-09-18 14:04:15:     id: '6f771a98-b18f-4f36-a0da-24f36f79fa1d',
2026-09-18 14:04:15:     isLocked: false
2026-09-18 14:04:15:   },
2026-09-18 14:04:15:   {
2026-09-18 14:04:15:     code: 'BRD',
2026-09-18 14:04:15:     id: '30a6c794-5a4f-4685-ae9c-60b6f951966f',
2026-09-18 14:04:15:     isLocked: false
2026-09-18 14:04:15:   },
2026-09-18 14:04:15:   {
2026-09-18 14:04:15:     code: 'COM',
2026-09-18 14:04:15:     id: 'afb9cc15-0ec3-4829-ab79-5c73e208caea',
2026-09-18 14:04:15:     isLocked: false
2026-09-18 14:04:15:   },
2026-09-18 14:04:15:   {
2026-09-18 14:04:15:     code: 'HRD',
2026-09-18 14:04:15:     id: 'bb8e0b21-435b-4ee1-ab90-ff099ef71280',
2026-09-18 14:04:15:     isLocked: false
2026-09-18 14:04:15:   },
2026-09-18 14:04:15:   {
2026-09-18 14:04:15:     code: 'CUR',
2026-09-18 14:04:15:     id: 'afff1cf1-0883-471a-9a2c-c71962fbbab6',
2026-09-18 14:04:15:     isLocked: false
2026-09-18 14:04:15:   },
2026-09-18 14:04:15:   {
2026-09-18 14:04:15:     code: 'STU',
2026-09-18 14:04:15:     id: 'c2b37865-30bb-499d-964e-745be10ba4fb',
2026-09-18 14:04:15:     isLocked: false
2026-09-18 14:04:15:   },
2026-09-18 14:04:15:   {
2026-09-18 14:04:15:     code: 'QMS',
2026-09-18 14:04:15:     id: 'c0cefc58-3836-48ee-bbb3-d608ac7ed197',
2026-09-18 14:04:15:     isLocked: false
2026-09-18 14:04:15:   },
2026-09-18 14:04:15:   {
2026-09-18 14:04:15:     code: 'IT',
2026-09-18 14:04:15:     id: 'a3d5ca17-aeec-4a44-a001-cc056ef980b9',
2026-09-18 14:04:15:     isLocked: false
2026-09-18 14:04:15:   },
2026-09-18 14:04:15:   {
2026-09-18 14:04:15:     code: 'GOV',
2026-09-18 14:04:15:     id: 'dd1ce983-752b-41c5-a9cf-587e142d17f4',
2026-09-18 14:04:15:     isLocked: false
2026-09-18 14:04:15:   }
2026-09-18 14:04:15: ]
2026-10-05 03:45:25: DEBUG user: {
2026-10-05 03:45:25:   id: 'ea7ff426-d5e0-4519-9124-087548298f88',
2026-10-05 03:45:25:   role: 'DIREKTUR',
2026-10-05 03:45:25:   categoryIds: []
2026-10-05 03:45:25: }
2026-10-05 03:45:25: DEBUG accessibleIds: undefined
2026-10-05 03:45:25: DEBUG categoriesWithAccess: [
2026-10-05 03:45:25:   {
2026-10-05 03:45:25:     code: 'FIN',
2026-10-05 03:45:25:     id: 'c447f450-1b76-499e-aca4-68e1d08a9d91',
2026-10-05 03:45:25:     isLocked: false
2026-10-05 03:45:25:   },
2026-10-05 03:45:25:   {
2026-10-05 03:45:25:     code: 'OPS',
2026-10-05 03:45:25:     id: '6f771a98-b18f-4f36-a0da-24f36f79fa1d',
2026-10-05 03:45:25:     isLocked: false
2026-10-05 03:45:25:   },
2026-10-05 03:45:25:   {
2026-10-05 03:45:25:     code: 'BRD',
2026-10-05 03:45:25:     id: '30a6c794-5a4f-4685-ae9c-60b6f951966f',
2026-10-05 03:45:25:     isLocked: false
2026-10-05 03:45:25:   },
2026-10-05 03:45:25:   {
2026-10-05 03:45:25:     code: 'COM',
2026-10-05 03:45:25:     id: 'afb9cc15-0ec3-4829-ab79-5c73e208caea',
2026-10-05 03:45:25:     isLocked: false
2026-10-05 03:45:25:   },
2026-10-05 03:45:25:   {
2026-10-05 03:45:25:     code: 'HRD',
2026-10-05 03:45:25:     id: 'bb8e0b21-435b-4ee1-ab90-ff099ef71280',
2026-10-05 03:45:25:     isLocked: false
2026-10-05 03:45:25:   },
2026-10-05 03:45:25:   {
2026-10-05 03:45:25:     code: 'CUR',
2026-10-05 03:45:25:     id: 'afff1cf1-0883-471a-9a2c-c71962fbbab6',
2026-10-05 03:45:25:     isLocked: false
2026-10-05 03:45:25:   },
2026-10-05 03:45:25:   {
2026-10-05 03:45:25:     code: 'STU',
2026-10-05 03:45:25:     id: 'c2b37865-30bb-499d-964e-745be10ba4fb',
2026-10-05 03:45:25:     isLocked: false
2026-10-05 03:45:25:   },
2026-10-05 03:45:25:   {
2026-10-05 03:45:25:     code: 'QMS',
2026-10-05 03:45:25:     id: 'c0cefc58-3836-48ee-bbb3-d608ac7ed197',
2026-10-05 03:45:25:     isLocked: false
2026-10-05 03:45:25:   },
2026-10-05 03:45:25:   {
2026-10-05 03:45:25:     code: 'IT',
2026-10-05 03:45:25:     id: 'a3d5ca17-aeec-4a44-a001-cc056ef980b9',
2026-10-05 03:45:25:     isLocked: false
2026-10-05 03:45:25:   },
2026-10-05 03:45:25:   {
2026-10-05 03:45:25:     code: 'GOV',
2026-10-05 03:45:25:     id: 'dd1ce983-752b-41c5-a9cf-587e142d17f4',
2026-10-05 03:45:25:     isLocked: false
2026-10-05 03:45:25:   }
2026-10-05 03:45:25: ]
